state,count,average_interval_hours,event_times_ist,event_times_utc
High,5,12.215990001655,"11:42, 00:04, 12:08, 00:31, 12:34","06:12, 18:34, 06:38, 19:01, 07:04"
Low,6,12.261448433955334,"06:50, 19:15, 07:15, 19:41, 07:40, 20:09","01:20, 13:45, 01:45, 14:11, 02:10, 14:39"
