port,state,datetime_ist,datetime_utc,height_m,raw_datetime_ist,raw_height_m,time_correction_minutes,height_correction_m
haldia,Low,2026-07-01 05:54:53.090299902,2026-07-01 00:24:53.090299902,1.4331649647733866,2026-07-01 05:46:44.972602578,1.5638863662878049,-8.135294955439509,0.1307214015144183
haldia,High,2026-07-01 11:06:38.225783298,2026-07-01 05:36:38.225783298,5.802314992179387,2026-07-01 11:07:48.402045198,5.828902150963336,1.1696043649969396,0.026587158783950005
haldia,Low,2026-07-01 18:23:56.675373768,2026-07-01 12:53:56.675373768,1.6325348313141517,2026-07-01 18:17:49.136944038,1.7356853608278713,-6.125640495468353,0.10315052951371959
haldia,High,2026-07-01 23:30:15.354392442,2026-07-01 18:00:15.354392442,5.3161688767101,2026-07-01 23:29:03.722873616,5.34034711196586,-1.1938586471158903,0.02417823525575978
haldia,Low,2026-07-02 06:28:57.145782684,2026-07-02 00:58:57.145782684,1.3880154271080327,2026-07-02 06:20:31.607170872,1.5443687051347341,-8.425643530201627,0.15635327802670146
haldia,High,2026-07-02 11:38:18.487909338,2026-07-02 06:08:18.487909338,5.826018441496225,2026-07-02 11:36:04.219215984,5.8553494804082495,-2.237811555911728,0.02933103891202433
haldia,Low,2026-07-02 19:00:16.126199250,2026-07-02 13:30:16.126199250,1.60004898626729,2026-07-02 18:51:50.234122320,1.7047297404493231,-8.431534615470296,0.10468075418203318
haldia,High,2026-07-03 00:00:37.618197432,2026-07-02 18:30:37.618197432,5.357334384150775,2026-07-02 23:57:00.672801558,5.39232999042543,-3.6157565978510915,0.03499560627465478
haldia,Low,2026-07-03 07:02:25.563821646,2026-07-03 01:32:25.563821646,1.422806842902626,2026-07-03 06:53:22.862593074,1.5731657528770064,-9.045020476229457,0.15035890997438042
haldia,High,2026-07-03 12:08:40.402242750,2026-07-03 06:38:40.402242750,5.793084460763104,2026-07-03 12:04:11.718068094,5.849643373332962,-4.478069577646181,0.0565589125698584
haldia,Low,2026-07-03 19:34:27.598890738,2026-07-03 14:04:27.598890738,1.5906252341390583,2026-07-03 19:25:05.605261362,1.690344841295024,-9.366560489641756,0.09971960715596566
haldia,High,2026-07-04 00:30:27.815447634,2026-07-03 19:00:27.815447634,5.368232331773939,2026-07-04 00:25:41.146433220,5.420826903037796,-4.777816906913762,0.05259457126385704
haldia,Low,2026-07-04 07:34:48.774716136,2026-07-04 02:04:48.774716136,1.520636107263049,2026-07-04 07:25:49.062474798,1.6438239296664812,-8.995204022261017,0.12318782240343214
haldia,High,2026-07-04 12:40:52.998297444,2026-07-04 07:10:52.998297444,5.73284027358431,2026-07-04 12:34:55.431589374,5.811424534685051,-5.9594451345454065,0.07858426110074047
haldia,Low,2026-07-04 20:07:52.880285046,2026-07-04 14:37:52.880285046,1.607522515415964,2026-07-04 19:57:50.026372596,1.686605281603593,-10.047565207507052,0.07908276618762904
haldia,High,2026-07-05 01:03:57.570863587,2026-07-04 19:33:57.570863587,5.36531683248321,2026-07-05 00:58:42.957178849,5.4231647704114785,-5.243561412289468,0.057847937928268325
haldia,Low,2026-07-05 08:07:41.010854100,2026-07-05 02:37:41.010854100,1.6486430530917207,2026-07-05 07:58:51.738445830,1.7456207767281102,-8.82120680446647,0.09697772363638968
haldia,High,2026-07-05 13:17:21.769997622,2026-07-05 07:47:21.769997622,5.64722671868257,2026-07-05 13:11:07.248261672,5.7277790604443375,-6.242028932501771,0.08055234176176708
haldia,Low,2026-07-05 20:40:31.046224140,2026-07-05 15:10:31.046224140,1.633317648813015,2026-07-05 20:30:48.208292184,1.6933993445711213,-9.713965532561112,0.060081695758106256
haldia,High,2026-07-06 01:43:36.661877573,2026-07-05 20:13:36.661877573,5.343033998652868,2026-07-06 01:39:02.855240712,5.39145083331758,-4.563443947723805,0.0484168346647119
haldia,Low,2026-07-06 08:41:21.625015050,2026-07-06 03:11:21.625015050,1.8236368039293078,2026-07-06 08:34:31.780061172,1.8702440348815679,-6.830749231253769,0.046607230952259986
haldia,High,2026-07-06 13:59:11.420997174,2026-07-06 08:29:11.420997174,5.530572922161112,2026-07-06 13:54:50.287421640,5.585363587153681,-4.352226258863891,0.05479066499256924
haldia,Low,2026-07-06 21:13:55.391091750,2026-07-06 15:43:55.391091750,1.6854591548019209,2026-07-06 21:05:37.522111440,1.7207792537554194,-8.297816338477684,0.03532009895349844
haldia,High,2026-07-07 02:29:51.784181466,2026-07-06 20:59:51.784181466,5.294542995694206,2026-07-07 02:28:28.212587106,5.3265572500716285,-1.3928599060229483,0.03201425437742251
haldia,Low,2026-07-07 09:20:39.231855486,2026-07-07 03:50:39.231855486,1.9813916369796352,2026-07-07 09:15:50.212725222,2.0145239449828036,-4.816985504437772,0.03313230800316848
haldia,High,2026-07-07 14:50:41.607774864,2026-07-07 09:20:41.607774864,5.349085173604688,2026-07-07 14:47:37.632361554,5.388327370619456,-3.066256888490484,0.03924219701476882
haldia,Low,2026-07-07 21:52:36.543928704,2026-07-07 16:22:36.543928704,1.7643002514315964,2026-07-07 21:44:58.990483110,1.7860766618208783,-7.625890759925244,0.021776410389282005
haldia,High,2026-07-08 03:25:49.303422936,2026-07-07 21:55:49.303422936,5.213290272202152,2026-07-08 03:27:33.695653944,5.247402009482992,1.7398705167790385,0.03411173728084026
haldia,Low,2026-07-08 10:11:25.602100374,2026-07-08 04:41:25.602100374,2.143036713198872,2026-07-08 10:06:10.167259434,2.17127089157988,-5.257247349013321,0.028234178381007908
haldia,High,2026-07-08 15:54:33.189398232,2026-07-08 10:24:33.189398232,5.159445358829895,2026-07-08 15:50:43.020446514,5.169854484546715,-3.836149195258637,0.01040912571681927
haldia,Low,2026-07-08 22:39:32.347812672,2026-07-08 17:09:32.347812672,1.8689166972636149,2026-07-08 22:33:02.976693420,1.8974825282375138,-6.489518654186199,0.028565830973899014
haldia,High,2026-07-09 04:31:15.735219150,2026-07-08 23:01:15.735219150,5.126566122555794,2026-07-09 04:36:23.056838874,5.190407265876031,5.122026995391105,0.06384114332023658
haldia,Low,2026-07-09 11:17:36.103444650,2026-07-09 05:47:36.103444650,2.242141936888205,2026-07-09 11:09:46.903618548,2.3109734101315125,-7.819997101742324,0.0688314732433074
haldia,High,2026-07-09 17:08:52.430296530,2026-07-09 11:38:52.430296530,4.970291667903488,2026-07-09 17:05:12.040096626,4.995766766275768,-3.673169998389352,0.025475098372279868
haldia,Low,2026-07-09 23:44:30.661985142,2026-07-09 18:14:30.661985142,1.9394012916168453,2026-07-09 23:38:13.451673312,2.0217072215798773,-6.286838530512611,0.08230592996303196
haldia,High,2026-07-10 05:52:48.811033452,2026-07-10 00:22:48.811033452,5.13972780181647,2026-07-10 05:55:37.747339116,5.219853580815993,2.815605094407552,0.08012577899952368
haldia,Low,2026-07-10 12:46:45.952298748,2026-07-10 07:16:45.952298748,2.2505582494004255,2026-07-10 12:37:17.961051048,2.36100931416527,-9.466520795031228,0.11045106476484454
haldia,High,2026-07-10 18:31:24.319999860,2026-07-10 13:01:24.319999860,4.92334369812926,2026-07-10 18:27:37.943627988,4.954631788067085,-3.7729395311844387,0.03128808993782482
haldia,Low,2026-07-11 01:20:41.205814529,2026-07-10 19:50:41.205814529,1.9446243995244452,2026-07-11 01:15:02.099034335,2.03784778917374,-5.651779669923933,0.09322338964929464
haldia,High,2026-07-11 07:17:46.881559968,2026-07-11 01:47:46.881559968,5.312402067650032,2026-07-11 07:15:33.889543626,5.405118937221973,-2.216533605710708,0.09271686957194068
haldia,Low,2026-07-11 14:27:46.118228299,2026-07-11 08:57:46.118228299,2.095910740922868,2026-07-11 14:19:43.769336431,2.2178785894068835,-8.039148197780776,0.12196784848401568
haldia,High,2026-07-11 19:47:34.498989294,2026-07-11 14:17:34.498989294,5.039351296640862,2026-07-11 19:44:52.560425004,5.08211870854071,-2.6989760714631092,0.04276741189984769
haldia,Low,2026-07-12 02:49:22.296946026,2026-07-11 21:19:22.296946026,1.7608814935113286,2026-07-12 02:43:42.692482842,1.8608709486662753,-5.660074386355241,0.09998945515494675
haldia,High,2026-07-12 08:25:38.931368922,2026-07-12 02:55:38.931368922,5.59662461160071,2026-07-12 08:22:40.017126012,5.704565549679508,-2.9819040484862773,0.10794093807879783
haldia,Low,2026-07-12 15:44:10.658751738,2026-07-12 10:14:10.658751738,1.8408915027502224,2026-07-12 15:37:39.247934076,1.9452965870724206,-6.523513627703591,0.10440508432219808
haldia,High,2026-07-12 20:52:33.174932826,2026-07-12 15:22:33.174932826,5.249962979999041,2026-07-12 20:51:07.067126520,5.315521988204592,-1.435130105052365,0.06555900820555097
haldia,Low,2026-07-13 04:00:52.706593902,2026-07-12 22:30:52.706593902,1.5099322310030738,2026-07-13 03:53:30.409204812,1.6075790720682681,-7.371623151500019,0.09764684106519428
haldia,High,2026-07-13 09:18:50.824199508,2026-07-13 03:48:50.824199508,5.912167669238975,2026-07-13 09:18:15.423973794,6.010425914895425,-0.5900037618779257,0.09825824565645039
haldia,Low,2026-07-13 16:46:19.062239964,2026-07-13 11:16:19.062239964,1.5638618089595646,2026-07-13 16:41:43.552619814,1.6493227313041952,-4.59182700245759,0.08546092234463057
haldia,High,2026-07-13 21:48:16.514980068,2026-07-13 16:18:16.514980068,5.491242956710541,2026-07-13 21:48:00.708438120,5.567622784130048,-0.2634423658095349,0.07637982741950729
haldia,Low,2026-07-14 05:00:08.055545250,2026-07-13 23:30:08.055545250,1.2525069222497596,2026-07-14 04:53:24.881488398,1.3655712303941088,-6.719567614235196,0.1130643081443492
haldia,High,2026-07-14 10:03:57.659389188,2026-07-14 04:33:57.659389188,6.183238413910607,2026-07-14 10:06:35.773311168,6.245387006528903,2.6352320330366044,0.06214859261829525
haldia,Low,2026-07-14 17:41:40.116922836,2026-07-14 12:11:40.116922836,1.298027979358104,2026-07-14 17:36:36.949585164,1.3893280056792496,-5.052788961225927,0.09130002632114559
haldia,High,2026-07-14 22:36:23.157157116,2026-07-14 17:06:23.157157116,5.720009525376663,2026-07-14 22:37:39.248186058,5.771552710408603,1.2681838157160308,0.051543185031939366
haldia,Low,2026-07-15 05:51:38.908575264,2026-07-15 00:21:38.908575264,1.045643825552936,2026-07-15 05:45:07.093136370,1.1956843979323608,-6.530257314862588,0.150040572379425
haldia,High,2026-07-15 10:46:45.266706378,2026-07-15 05:16:45.266706378,6.339981505311194,2026-07-15 10:50:14.394360300,6.371899830599152,3.485460898651371,0.03191832528795861
haldia,Low,2026-07-15 18:29:52.683787944,2026-07-15 12:59:52.683787944,1.1223551810564376,2026-07-15 18:24:19.864360764,1.210800759962268,-5.546990452970734,0.08844557890583041
haldia,High,2026-07-15 23:19:34.063180098,2026-07-15 17:49:34.063180098,5.866911122971865,2026-07-15 23:21:56.167909032,5.891525063006004,2.368412148909754,0.024613940034138627
haldia,Low,2026-07-16 06:37:26.301908478,2026-07-16 01:07:26.301908478,0.974286532223257,2026-07-16 06:30:08.729160456,1.137529061940018,-7.292879133665378,0.16324252971676104
haldia,High,2026-07-16 11:29:54.662807473,2026-07-16 05:59:54.662807473,6.357125922834203,2026-07-16 11:30:44.855178355,6.381427926977839,0.8365395147344952,0.024302004143635973
haldia,Low,2026-07-16 19:13:01.534645800,2026-07-16 13:43:01.534645800,1.0438717400141422,2026-07-16 19:06:23.689916028,1.1421399426162495,-6.630745496160221,0.09826820260210725
haldia,High,2026-07-17 00:03:49.719759468,2026-07-16 18:33:49.719759468,5.914463495502152,2026-07-17 00:02:39.528576234,5.919830677493401,-1.1698530539195215,0.005367181991249637
haldia,Low,2026-07-17 07:18:30.165964152,2026-07-17 01:48:30.165964152,1.0379386174300167,2026-07-17 07:09:58.590355716,1.197033197326399,-8.526260140582012,0.15909457989638237
haldia,High,2026-07-17 12:12:13.729522830,2026-07-17 06:42:13.729522830,6.258175924451303,2026-07-17 12:09:25.887075930,6.282592890189297,-2.7973741150008986,0.024416965737993616
haldia,Low,2026-07-17 19:52:17.517167658,2026-07-17 14:22:17.517167658,1.0790818052741449,2026-07-17 19:43:48.460250568,1.1875506682724446,-8.48428195148033,0.10846886299829972
haldia,High,2026-07-18 00:46:18.270785388,2026-07-17 19:16:18.270785388,5.867529551497194,2026-07-18 00:41:33.786747600,5.864302746882864,-4.741400629768229,-0.0032268046143295085
haldia,Low,2026-07-18 07:55:06.863451341,2026-07-18 02:25:06.863451341,1.1981495345500752,2026-07-18 07:45:36.065827182,1.3510084451081252,-9.51329373599133,0.15285891055804998
haldia,High,2026-07-18 12:53:05.545201632,2026-07-18 07:23:05.545201632,6.063172395593273,2026-07-18 12:47:41.723479176,6.090435612877167,-5.397028707606607,0.027263217283894154
haldia,Low,2026-07-18 20:26:27.648569856,2026-07-18 14:56:27.648569856,1.2204190916618454,2026-07-18 20:17:04.427231448,1.328046707803304,-9.387022306793815,0.1076276161414587
haldia,High,2026-07-19 01:25:51.499677780,2026-07-18 19:55:51.499677780,5.724549779253283,2026-07-19 01:20:24.846653742,5.735381029566032,-5.44421706726341,0.010831250312748621
haldia,Low,2026-07-19 08:27:19.057307580,2026-07-19 02:57:19.057307580,1.4289320520481532,2026-07-19 08:17:46.217858850,1.564258164785404,-9.54732414553201,0.13532611273725062
haldia,High,2026-07-19 13:33:13.304053512,2026-07-19 08:03:13.304053512,5.763479520007035,2026-07-19 13:27:04.335049728,5.8204666851990225,-6.149483396422754,0.05698716519198792
haldia,Low,2026-07-19 20:56:04.383570738,2026-07-19 15:26:04.383570738,1.4397470983940677,2026-07-19 20:46:28.617375222,1.5306814603339787,-9.596103258644195,0.0909343619399111
haldia,High,2026-07-20 02:05:26.967536244,2026-07-19 20:35:26.967536244,5.52371330443804,2026-07-20 02:01:02.692463838,5.541187777069153,-4.404584540103311,0.017474472631112736
haldia,Low,2026-07-20 08:56:47.139210054,2026-07-20 03:26:47.139210054,1.7394066424322088,2026-07-20 08:47:57.415589010,1.808053838661562,-8.828727017366791,0.06864719622935324
haldia,High,2026-07-20 14:13:30.915324534,2026-07-20 08:43:30.915324534,5.451461412591733,2026-07-20 14:09:07.956833310,5.489320093466785,-4.382641520409345,0.03785868087505097
haldia,Low,2026-07-20 21:22:46.317393036,2026-07-20 15:52:46.317393036,1.7223093047277673,2026-07-20 21:13:11.377469124,1.7636064054383906,-9.582332065235523,0.04129710071062327
haldia,High,2026-07-21 02:44:07.432229970,2026-07-20 21:14:07.432229970,5.291159629601995,2026-07-21 02:45:21.947329704,5.2923298394271905,1.2419183289477116,0.0011702098251953929
haldia,Low,2026-07-21 09:23:08.411604126,2026-07-21 03:53:08.411604126,2.0573634117718482,2026-07-21 09:19:45.400739982,2.070678322336444,-3.3835144024328287,0.013314910564595907
haldia,High,2026-07-21 14:54:38.127609288,2026-07-21 09:24:38.127609288,5.13489636974504,2026-07-21 14:55:35.312550684,5.119478376366925,0.9530823565659702,-0.015417993378114971
haldia,Low,2026-07-21 21:48:50.486388624,2026-07-21 16:18:50.486388624,1.9984819397013136,2026-07-21 21:41:35.280506286,2.011246536187418,-7.253431372271619,0.012764596486104268
haldia,High,2026-07-22 03:26:15.545311494,2026-07-21 21:56:15.545311494,5.037265469410546,2026-07-22 03:35:46.275481524,5.012045696606427,9.512169500529897,-0.02521977280411793
haldia,Low,2026-07-22 09:58:48.557019378,2026-07-22 04:28:48.557019378,2.3383882341821383,2026-07-22 09:58:37.293561018,2.3478279102752992,-0.18772430603680296,0.009439676093161065
haldia,High,2026-07-22 15:44:14.829886530,2026-07-22 10:14:14.829886530,4.77852452777233,2026-07-22 15:49:15.727928286,4.745454076499677,5.014967362619729,-0.033070451272652526
haldia,Low,2026-07-22 22:24:44.085764952,2026-07-22 16:54:44.085764952,2.2432481076933866,2026-07-22 22:19:04.467518706,2.268965017584981,-5.660304104055136,0.02571690989159465
haldia,High,2026-07-23 04:26:11.321641422,2026-07-22 22:56:11.321641422,4.754897420459383,2026-07-23 04:37:06.945885930,4.750518203485455,10.92707074177561,-0.004379216973927941
haldia,Low,2026-07-23 10:55:07.825790310,2026-07-23 05:25:07.825790310,2.6187072804651916,2026-07-23 10:51:15.503551638,2.6103264214619255,-3.8720373112320994,-0.008380859003266173
haldia,High,2026-07-23 16:51:40.218075936,2026-07-23 11:21:40.218075936,4.446733681756418,2026-07-23 16:56:57.035444724,4.427648641494257,5.280289479838688,-0.01908504026215992
haldia,Low,2026-07-23 23:23:54.790522086,2026-07-23 17:53:54.790522086,2.4751213169713155,2026-07-23 23:16:47.997821814,2.5006669871584593,-7.1132116711654785,0.025545670187143647
haldia,High,2026-07-24 05:50:39.876011490,2026-07-24 00:20:39.876011490,4.611528212564487,2026-07-24 05:58:48.585209712,4.614809628115308,8.145153303666634,0.003281415550821309
haldia,Low,2026-07-24 12:27:42.109049070,2026-07-24 06:57:42.109049070,2.6879217162895213,2026-07-24 12:16:14.558359092,2.765170086961051,-11.459178166330114,0.07724837067152984
haldia,High,2026-07-24 18:23:11.088809016,2026-07-24 12:53:11.088809016,4.301290973871831,2026-07-24 18:26:38.188080222,4.282979090625893,3.4516545200515716,-0.018311883245938517
haldia,Low,2026-07-25 01:12:22.708916580,2026-07-24 19:42:22.708916580,2.415224633249301,2026-07-25 01:08:17.653257630,2.5606642533105277,-4.084260982460452,0.14543962006122707
haldia,High,2026-07-25 07:18:57.332797296,2026-07-25 01:48:57.332797296,4.73354052422569,2026-07-25 07:27:16.720656804,4.733031090949052,8.32313099181507,-0.0005094332766379308
haldia,Low,2026-07-25 14:20:35.370179082,2026-07-25 08:50:35.370179082,2.4486114139985835,2026-07-25 14:11:35.546880834,2.6555551741085006,-8.997054970754538,0.20694376010991725
haldia,High,2026-07-25 19:49:38.420363088,2026-07-25 14:19:38.420363088,4.426077500663811,2026-07-25 19:52:32.543509344,4.395282325550737,2.902052437642111,-0.030795175113073437
haldia,Low,2026-07-26 02:34:08.067341070,2026-07-25 21:04:08.067341070,2.185238236364954,2026-07-26 02:30:19.264220280,2.3755388485460136,-3.81338534646805,0.19030061218105976
haldia,High,2026-07-26 08:21:48.968185602,2026-07-26 02:51:48.968185602,5.038876927682832,2026-07-26 08:29:24.488327214,5.022638948081962,7.59200236018672,-0.01623797960087032
haldia,Low,2026-07-26 15:26:56.728417686,2026-07-26 09:56:56.728417686,2.2120333846479836,2026-07-26 15:19:08.740067052,2.409216305183158,-7.799805843856471,0.19718292053517458
haldia,High,2026-07-26 20:51:32.258167290,2026-07-26 15:21:32.258167290,4.683918162286745,2026-07-26 20:53:29.339518476,4.660423021320077,1.9513558531171202,-0.023495140966668594
haldia,Low,2026-07-27 03:33:52.009316832,2026-07-26 22:03:52.009316832,1.9425723948164175,2026-07-27 03:27:47.498035230,2.123810847963475,-6.075188026677683,0.18123845314705772
haldia,High,2026-07-27 09:10:24.920073360,2026-07-27 03:40:24.920073360,5.336810636625299,2026-07-27 09:13:41.906283714,5.34707420890004,3.2831035059357014,0.010263572274740212
haldia,Low,2026-07-27 16:18:06.449287266,2026-07-27 10:48:06.449287266,1.9897429976767373,2026-07-27 16:11:37.860901860,2.143577333467517,-6.476473090144458,0.15383433579077993
haldia,High,2026-07-27 21:35:27.858270348,2026-07-27 16:05:27.858270348,4.976542061247427,2026-07-27 21:37:51.631515756,4.96856767643788,2.396220756778051,-0.007974384809546821
haldia,Low,2026-07-28 04:24:51.449280144,2026-07-27 22:54:51.449280144,1.7364096669103464,2026-07-28 04:17:15.025025544,1.8691179309806178,-7.607070910015871,0.13270826407027142
haldia,High,2026-07-28 09:47:31.483898976,2026-07-28 04:17:31.483898976,5.640562723133033,2026-07-28 09:49:40.224449640,5.642479968081288,2.145675844440887,0.0019172449482553794
haldia,Low,2026-07-28 17:01:52.990403160,2026-07-28 11:31:52.990403160,1.7532623831621317,2026-07-28 16:56:13.914860034,1.8935609958294,-5.651259052051641,0.14029861266726834
haldia,High,2026-07-28 22:10:35.262186288,2026-07-28 16:40:35.262186288,5.255140849590471,2026-07-28 22:13:19.091796150,5.260439419229976,2.730493497736256,0.005298569639505386
haldia,Low,2026-07-29 05:09:35.526888102,2026-07-28 23:39:35.526888102,1.4766652408804182,2026-07-29 05:01:11.215417764,1.6414786322157817,-8.405191172313128,0.16481339133536363
haldia,High,2026-07-29 10:17:21.272636502,2026-07-29 04:47:21.272636502,5.874947668672062,2026-07-29 10:21:16.814654946,5.878477645092142,3.9257003074092696,0.0035299764200793864
haldia,Low,2026-07-29 17:41:12.211863895,2026-07-29 12:11:12.211863895,1.5086836829368095,2026-07-29 17:35:44.688524557,1.6772934840569906,-5.458722322328851,0.16860980112018106
haldia,High,2026-07-29 22:41:21.613523994,2026-07-29 17:11:21.613523994,5.499940259173797,2026-07-29 22:43:49.257134592,5.504273880061466,2.460726843325349,0.004333620887669256
haldia,Low,2026-07-30 05:48:35.164122864,2026-07-30 00:18:35.164122864,1.2569475111472694,2026-07-30 05:40:38.587126236,1.4663317322458216,-7.942949943827665,0.2093842210985521
haldia,High,2026-07-30 10:45:41.905374006,2026-07-30 05:15:41.905374006,6.069744633348118,2026-07-30 10:50:04.496456682,6.042848353633165,4.376518044621468,-0.02689627971495313
haldia,Low,2026-07-30 18:18:34.784279022,2026-07-30 12:48:34.784279022,1.3245947202387116,2026-07-30 18:11:46.387052502,1.507344647870886,-6.806620441968382,0.18274992763217437
haldia,High,2026-07-30 23:09:43.781916486,2026-07-30 17:39:43.781916486,5.7203212379920965,2026-07-30 23:11:09.384711462,5.6877205731105285,1.4267132496480412,-0.032600664881568056
haldia,Low,2026-07-31 06:24:48.582453966,2026-07-31 00:54:48.582453966,1.1430642878653836,2026-07-31 06:16:39.933225102,1.3632359665976406,-8.14415381442252,0.22017167873225696
haldia,High,2026-07-31 11:15:59.536523118,2026-07-31 05:45:59.536523118,6.179167671603788,2026-07-31 11:16:48.740497944,6.137468385629948,0.8200662470896504,-0.04169928597384055
haldia,Low,2026-07-31 18:53:02.154940554,2026-07-31 13:23:02.154940554,1.2406524213237795,2026-07-31 18:45:09.491941410,1.3917167064690832,-7.877716652449598,0.1510642851453036
haldia,High,2026-07-31 23:37:13.714630698,2026-07-31 18:07:13.714630698,5.84099888961105,2026-07-31 23:36:33.619371474,5.814208988190384,-0.668254320437937,-0.026789901420665778
haldia,Low,2026-08-01 06:59:48.104968458,2026-08-01 01:29:48.104968458,1.1334421494079359,2026-08-01 06:50:03.268801470,1.338858612272576,-9.747269449812885,0.2054164628646403
haldia,High,2026-08-01 11:45:29.345065254,2026-08-01 06:15:29.345065254,6.2005356791453305,2026-08-01 11:42:48.290119626,6.1706202173844416,-2.684249093793372,-0.02991546176088916
haldia,Low,2026-08-01 19:26:13.501103178,2026-08-01 13:56:13.501103178,1.1773747047985135,2026-08-01 19:16:17.970614016,1.3323865795255478,-9.925508152728304,0.15501187472703432
haldia,High,2026-08-02 00:05:21.446548301,2026-08-01 18:35:21.446548301,5.894063014067111,2026-08-02 00:02:17.637814884,5.891177568929251,-3.0634788903001082,-0.002885445137859931
haldia,Low,2026-08-02 07:30:53.625384372,2026-08-02 02:00:53.625384372,1.1794733618259705,2026-08-02 07:21:24.005674704,1.3846113045000485,-9.49366182781457,0.20513794267407795
haldia,High,2026-08-02 12:15:16.384462074,2026-08-02 06:45:16.384462074,6.118039059554276,2026-08-02 12:10:40.545573132,6.142434956634926,-4.5973148157189785,0.0243958970806495
haldia,Low,2026-08-02 19:56:03.215657904,2026-08-02 14:26:03.215657904,1.1670900023936404,2026-08-02 19:45:29.828183004,1.325880628429766,-10.556457915047146,0.1587906260361257
haldia,High,2026-08-03 00:36:12.848132574,2026-08-02 19:06:12.848132574,5.865069717339243,2026-08-03 00:31:41.661841536,5.912716248716066,-4.519771517312868,0.04764653137682258
haldia,Low,2026-08-03 08:00:53.579895942,2026-08-03 02:30:53.579895942,1.2973521567585045,2026-08-03 07:51:25.882558812,1.483525424215622,-9.461622285513153,0.18617326745711738
haldia,High,2026-08-03 12:48:48.356221608,2026-08-03 07:18:48.356221608,5.969692226127399,2026-08-03 12:43:18.609551376,6.037163301189562,-5.495777837230138,0.06747107506216339
haldia,Low,2026-08-03 20:24:17.992780404,2026-08-03 14:54:17.992780404,1.2105303330479351,2026-08-03 20:13:25.223406438,1.3687388816691015,-10.879489566106367,0.15820854862116632
haldia,High,2026-08-04 01:11:58.378902371,2026-08-03 19:41:58.378902371,5.806039336700184,2026-08-04 01:07:26.917588320,5.857598552820589,-4.524355234172381,0.051559216120404636
haldia,Low,2026-08-04 08:29:48.171704208,2026-08-04 02:59:48.171704208,1.481764869879291,2026-08-04 08:21:38.561666772,1.624234466373889,-8.160167290616359,0.14246959649459803
haldia,High,2026-08-04 13:27:48.875031090,2026-08-04 07:57:48.875031090,5.765968116780176,2026-08-04 13:22:45.280637952,5.835793911661543,-5.059906552305927,0.06982579488136789
haldia,Low,2026-08-04 20:51:32.008872732,2026-08-04 15:21:32.008872732,1.3503818775820102,2026-08-04 20:41:48.644629134,1.4663009407614633,-9.722737393343879,0.115919063179453
haldia,High,2026-08-05 01:54:09.548011236,2026-08-04 20:24:09.548011236,5.668674929403579,2026-08-05 01:51:19.979190906,5.707634456837937,-2.82614700549573,0.038959527434358154
haldia,Low,2026-08-05 08:59:06.853048542,2026-08-05 03:29:06.853048542,1.7515741324315468,2026-08-05 08:54:58.881097008,1.8113893465591626,-4.1328658588861495,0.05981521412761583
haldia,High,2026-08-05 14:14:08.082380922,2026-08-05 08:44:08.082380922,5.492012386489293,2026-08-05 14:10:38.043477324,5.536704683598995,-3.500648393335318,0.044692297109701955
haldia,Low,2026-08-05 21:22:16.624231872,2026-08-05 15:52:16.624231872,1.5802698127495842,2026-08-05 21:14:05.210172498,1.6355045038864184,-8.19023432292917,0.05523469113683427
haldia,High,2026-08-06 02:45:04.561722960,2026-08-05 21:15:04.561722960,5.436673782134218,2026-08-06 02:44:52.802002836,5.467304237990095,-0.1959953353744892,0.030630455855877058
haldia,Low,2026-08-06 09:38:38.577782280,2026-08-06 04:08:38.577782280,2.0320024093130145,2026-08-06 09:36:02.614126392,2.0566762338384015,-2.5993942648083648,0.024673824525387147
haldia,High,2026-08-06 15:11:18.476971854,2026-08-06 09:41:18.476971854,5.161995915483246,2026-08-06 15:08:50.228979906,5.16720859999078,-2.470799865760794,0.005212684507534579
haldia,Low,2026-08-06 22:03:00.282446406,2026-08-06 16:33:00.282446406,1.8579768411988067,2026-08-06 21:55:36.639424788,1.8872872281961919,-7.394050360276881,0.02931038699738519
haldia,High,2026-08-07 03:47:17.415469350,2026-08-06 22:17:17.415469350,5.160569200032501,2026-08-07 03:50:48.636550032,5.176439342042708,3.5203513447440655,0.015870142010206444
haldia,Low,2026-08-07 10:35:10.468069014,2026-08-07 05:05:10.468069014,2.3095358150763836,2026-08-07 10:31:42.082653414,2.34245163064542,-3.4730902600290436,0.03291581556903623
haldia,High,2026-08-07 16:26:35.393453304,2026-08-07 10:56:35.393453304,4.815780671273142,2026-08-07 16:23:17.597386554,4.795607948184802,-3.2966011125192147,-0.020172723088340345
haldia,Low,2026-08-07 23:02:53.893670238,2026-08-07 17:32:53.893670238,2.114462325907119,2026-08-07 22:56:51.684037110,2.1800097571704686,-6.036827218793795,0.06554743126334936
haldia,High,2026-08-08 05:15:30.545346762,2026-08-07 23:45:30.545346762,4.955797530769506,2026-08-08 05:21:18.186185640,4.958005301958982,5.794013981348381,0.0022077711894764812
haldia,Low,2026-08-08 12:11:23.506576801,2026-08-08 06:41:23.506576801,2.4637923209532047,2026-08-08 12:01:56.234605933,2.557464867635364,-9.454532847764778,0.09367254668215941
haldia,High,2026-08-08 18:11:20.841480366,2026-08-08 12:41:20.841480366,4.6641921886522635,2026-08-08 18:08:09.083234418,4.608777202943573,-3.195970765842825,-0.055414985708690356
haldia,Low,2026-08-09 00:57:43.663094412,2026-08-08 19:27:43.663094412,2.1755053325912685,2026-08-09 00:52:32.114826174,2.312780886728372,-5.192471137329621,0.13727555413710338
haldia,High,2026-08-09 07:08:06.225576084,2026-08-09 01:38:06.225576084,5.0986776122983795,2026-08-09 07:06:27.986407080,5.077157007519687,-1.6373194833552636,-0.02152060477869244
haldia,Low,2026-08-09 14:25:28.057127160,2026-08-09 08:55:28.057127160,2.243976943079049,2026-08-09 14:15:45.550581348,2.409470105179595,-9.70844243021922,0.16549316210054613
haldia,High,2026-08-09 19:50:02.073130110,2026-08-09 14:20:02.073130110,4.857554293931326,2026-08-09 19:44:29.537712942,4.802432180046528,-5.542256952769109,-0.05512211388479706
haldia,Low,2026-08-10 02:47:06.574499790,2026-08-09 21:17:06.574499790,1.9272351223475641,2026-08-10 02:38:00.388142886,2.0665890345059634,-9.103105948375836,0.13935391215839926
haldia,High,2026-08-10 08:25:49.573677972,2026-08-10 02:55:49.573677972,5.471501152064766,2026-08-10 08:20:34.418927394,5.475982336492298,-5.252579176292054,0.004481184427532027
haldia,Low,2026-08-10 15:47:44.559281472,2026-08-10 10:17:44.559281472,1.862151972821285,2026-08-10 15:38:06.922286280,2.0018311783465825,-9.627283253217318,0.13967920552529764
haldia,High,2026-08-10 20:57:11.238980448,2026-08-10 15:27:11.238980448,5.212146511482356,2026-08-10 20:53:20.934359598,5.202489122351003,-3.8384103475461666,-0.009657389131352518
haldia,Low,2026-08-11 04:02:42.444404574,2026-08-10 22:32:42.444404574,1.5658605096953013,2026-08-11 03:51:45.951909240,1.688865890433155,-10.941541588909875,0.12300538073785361
haldia,High,2026-08-11 09:18:25.179821286,2026-08-11 03:48:25.179821286,5.873743956926194,2026-08-11 09:14:52.414967766,5.9068732992560635,-3.5460808919557243,0.033129342329869235
haldia,Low,2026-08-11 16:47:11.871886770,2026-08-11 11:17:11.871886770,1.420808797774845,2026-08-11 16:39:39.659629356,1.5553345507938245,-7.536870956938493,0.1345257530189796
haldia,High,2026-08-11 21:49:35.833955970,2026-08-11 16:19:35.833955970,5.575941223793782,2026-08-11 21:46:19.657853958,5.620566684420604,-3.2696017002101376,0.04462546062682153
haldia,Low,2026-08-12 04:59:53.516392812,2026-08-11 23:29:53.516392812,1.1715798672197115,2026-08-12 04:50:17.136991044,1.326046007611258,-9.606323362789139,0.15446614039154644
haldia,High,2026-08-12 09:57:47.343400872,2026-08-12 04:27:47.343400872,6.209767772149106,2026-08-12 09:59:18.996186180,6.241866595885194,1.5275464218380326,0.03209882373608878
haldia,Low,2026-08-12 17:36:17.909083680,2026-08-12 12:06:17.909083680,1.0751309760233494,2026-08-12 17:28:53.446691694,1.184121420884339,-7.4077065331457375,0.10899044486098959
haldia,High,2026-08-12 22:27:51.327739842,2026-08-12 16:57:51.327739842,5.918256248163479,2026-08-12 22:29:49.101376668,5.9550138162988,1.9628939470651343,0.03675756813532165
haldia,Low,2026-08-13 05:46:57.434375928,2026-08-13 00:16:57.434375928,0.9602373721205331,2026-08-13 05:37:50.885520912,1.0695567938499828,-9.109147583611291,0.10931942172944975
haldia,High,2026-08-13 10:35:16.941879413,2026-08-13 05:05:16.941879413,6.4211023197500054,2026-08-13 10:38:02.027131847,6.4308352812068135,2.7514208739445736,0.009732961456808274
haldia,Low,2026-08-13 18:18:33.185424492,2026-08-13 12:48:33.185424492,0.8917369247937358,2026-08-13 18:10:25.686369234,0.9568689634147483,-8.124984254279665,0.06513203862101245
haldia,High,2026-08-13 23:05:02.864513010,2026-08-13 17:35:02.864513010,6.163865606741295,2026-08-13 23:07:25.637814618,6.162683320287439,2.379555026781623,-0.0011822864538564638
haldia,Low,2026-08-14 06:28:15.928801008,2026-08-14 00:58:15.928801008,0.8724821522634064,2026-08-14 06:18:07.447473936,0.9634129240322079,-10.141355451208018,0.09093077176880152
haldia,High,2026-08-14 11:11:12.632604600,2026-08-14 05:41:12.632604600,6.473832342649543,2026-08-14 11:13:10.137866994,6.470419843534965,1.9584210399122377,-0.0034124991145778874
haldia,Low,2026-08-14 18:55:35.330513244,2026-08-14 13:25:35.330513244,0.8368461389292403,2026-08-14 18:46:35.222134878,0.8954124077330621,-9.001806306100562,0.058566268803821805
haldia,High,2026-08-14 23:41:26.863049532,2026-08-14 18:11:26.863049532,6.252310894114325,2026-08-14 23:41:25.303367448,6.237623052307113,-0.0259947014266807,-0.014687841807212504
haldia,Low,2026-08-15 07:02:33.256492872,2026-08-15 01:32:33.256492872,0.911216114208164,2026-08-15 06:53:04.549841580,1.0034885201593575,-9.478444188221662,0.0922724059511936
haldia,High,2026-08-15 11:48:12.252753792,2026-08-15 06:18:12.252753792,6.376251417810631,2026-08-15 11:46:14.787991050,6.381172038347392,-1.9577460457112021,0.004920620536761048
haldia,Low,2026-08-15 19:27:18.506845529,2026-08-15 13:57:18.506845529,0.9111219011191689,2026-08-15 19:18:15.064151543,0.9797955537202134,-9.057378233082895,0.06867365260104458
haldia,High,2026-08-16 00:16:51.312319692,2026-08-15 18:46:51.312319692,6.190430546965511,2026-08-16 00:13:30.560094360,6.191082846860725,-3.3458704221591473,0.0006522998952143188
haldia,Low,2026-08-16 07:32:43.385435232,2026-08-16 02:02:43.385435232,1.026095488557508,2026-08-16 07:23:26.926514802,1.153952166030424,-9.274315340528997,0.127856677472916
haldia,High,2026-08-16 12:24:53.952217914,2026-08-16 06:54:53.952217914,6.140288843191469,2026-08-16 12:18:39.050297370,6.187831342015955,-6.24836534242124,0.04754249882448664
haldia,Low,2026-08-16 19:54:25.224759858,2026-08-16 14:24:25.224759858,1.0439346851915676,2026-08-16 19:45:29.122391364,1.162179631242164,-8.935039474907999,0.1182449460505963
haldia,High,2026-08-17 00:52:11.504986458,2026-08-16 19:22:11.504986458,5.995984964806935,2026-08-17 00:45:18.525758298,6.0367872081707965,-6.882987136049897,0.0408022433638615
haldia,Low,2026-08-17 07:58:45.757816284,2026-08-17 02:28:45.757816284,1.2189375866535448,2026-08-17 07:49:35.810252922,1.3690925346086043,-9.165792722696072,0.15015494795505938
haldia,High,2026-08-17 12:59:59.466059106,2026-08-17 07:29:59.466059106,5.8424062764388545,2026-08-17 12:51:46.646129406,5.908891516694596,-8.213665494986964,0.06648524025574143
haldia,Low,2026-08-17 20:18:04.166930082,2026-08-17 14:48:04.166930082,1.2731532070198188,2026-08-17 20:08:16.990107582,1.3885738959160203,-9.7862803750158,0.11542068889620141
haldia,High,2026-08-18 01:25:46.675761990,2026-08-17 19:55:46.675761990,5.730382172205105,2026-08-18 01:18:37.261154892,5.786524558177361,-7.156910118269977,0.05614238597225588
haldia,Low,2026-08-18 08:22:29.886599118,2026-08-18 02:52:29.886599118,1.5087477231769162,2026-08-18 08:13:04.313000196,1.6163803551562097,-9.426226648734268,0.10763263197929344
haldia,High,2026-08-18 13:34:53.367837258,2026-08-18 08:04:53.367837258,5.485119588465015,2026-08-18 13:27:04.575295566,5.557719784103685,-7.81320902822024,0.07260019563866994
haldia,Low,2026-08-18 20:38:08.303589529,2026-08-18 15:08:08.303589529,1.5547332064840855,2026-08-18 20:28:44.303053873,1.626712314504753,-9.400008927574692,0.07197910802066754
haldia,High,2026-08-19 02:00:21.757500726,2026-08-18 20:30:21.757500726,5.405532262287379,2026-08-19 01:55:37.523082360,5.455347960496546,-4.737240306139334,0.04981569820916633
haldia,Low,2026-08-19 08:44:35.438814426,2026-08-19 03:14:35.438814426,1.851510325194368,2026-08-19 08:38:21.539042640,1.8934108939895251,-6.231662863055155,0.04190056879515698
haldia,High,2026-08-19 14:09:48.201625739,2026-08-19 08:39:48.201625739,5.115866511491934,2026-08-19 14:06:14.156408244,5.150095526360271,-3.567420291561703,0.034229014868337244
haldia,Low,2026-08-19 21:00:15.381737190,2026-08-19 15:30:15.381737190,1.8517012147059633,2026-08-19 20:52:35.683625988,1.8857928848256436,-7.661635186728134,0.03409167011968019
haldia,High,2026-08-20 02:34:18.218533668,2026-08-19 21:04:18.218533668,5.063993015443368,2026-08-20 02:39:14.055741456,5.069928985735851,4.93062012982276,0.005935970292482667
haldia,Low,2026-08-20 09:10:07.253026842,2026-08-20 03:40:07.253026842,2.199732752647593,2026-08-20 09:10:48.754824336,2.213420684561111,0.6916966249432372,0.013687931913518114
haldia,High,2026-08-20 14:50:38.074791594,2026-08-20 09:20:38.074791594,4.714962288047473,2026-08-20 14:52:06.416524542,4.711565744512439,1.4723622158447323,-0.0033965435350346213
haldia,Low,2026-08-20 21:29:39.422242290,2026-08-20 15:59:39.422242290,2.1655948045809104,2026-08-20 21:25:13.134120840,2.189581711156163,-4.438135357487829,0.02398690657525247
haldia,High,2026-08-21 03:24:03.432167910,2026-08-20 21:54:03.432167910,4.670598972773035,2026-08-21 03:34:52.558531068,4.677087074505392,10.818772719288571,0.006488101732357553
haldia,Low,2026-08-21 09:54:54.008545764,2026-08-21 04:24:54.008545764,2.5939328130744226,2026-08-21 09:55:10.439378844,2.5604436425587407,0.27384721802572104,-0.03348917051568177
haldia,High,2026-08-21 15:45:38.813841708,2026-08-21 10:15:38.813841708,4.296666014355111,2026-08-21 15:52:59.733223314,4.288681962503198,7.3486563600664265,-0.007984051851912368
haldia,Low,2026-08-21 22:19:23.391792984,2026-08-21 16:49:23.391792984,2.5316400427101438,2026-08-21 22:12:36.833939268,2.52164583683686,-6.775964228579568,-0.00999420587328371
haldia,High,2026-08-22 04:47:56.149793916,2026-08-21 23:17:56.149793916,4.364139513747111,2026-08-22 04:59:20.637758598,4.380873209246109,11.408132744718218,0.01673369549899761
haldia,Low,2026-08-22 11:11:19.495940412,2026-08-22 05:41:19.495940412,2.8347839297078488,2026-08-22 11:00:59.984869548,2.850186949350219,-10.325184514428752,0.01540301964237058
haldia,High,2026-08-22 17:33:47.601315750,2026-08-22 12:03:47.601315750,4.016236747005354,2026-08-22 17:36:56.899625988,4.019529426846831,3.154971837320677,0.003292679841477494
haldia,Low,2026-08-22 23:50:10.006235574,2026-08-22 18:20:10.006235574,2.7109869069303207,2026-08-22 23:36:28.447207590,2.7644652051846017,-13.692650466440899,0.05347829825428092
haldia,High,2026-08-23 06:49:52.230751854,2026-08-23 01:19:52.230751854,4.438744462263805,2026-08-23 06:56:04.780109016,4.438944640977746,6.209155952736577,0.00020017871394053212
haldia,Low,2026-08-23 13:46:37.353454842,2026-08-23 08:16:37.353454842,2.694025428373426,2026-08-23 13:36:08.205515586,2.8572501014009557,-10.485798987580306,0.16322467302752958
haldia,High,2026-08-23 19:32:40.313708274,2026-08-23 14:02:40.313708274,4.193995380378322,2026-08-23 19:32:21.263479440,4.1708080566770995,-0.31750381385610227,-0.02318732370122195
haldia,Low,2026-08-24 02:11:22.680514716,2026-08-23 20:41:22.680514716,2.4061602724072,2026-08-24 02:02:45.810184662,2.6055584440957245,-8.61450550092402,0.19939817168852433
haldia,High,2026-08-24 08:05:42.837049938,2026-08-24 02:35:42.837049938,4.802090565880983,2026-08-24 08:08:37.214477742,4.809186365821822,2.9062904634187783,0.007095799940839795
haldia,Low,2026-08-24 15:13:34.735652490,2026-08-24 09:43:34.735652490,2.2421087402143307,2026-08-24 15:03:24.400164690,2.5022232725585414,-10.172258129954397,0.2601145323442107
haldia,High,2026-08-24 20:41:23.569364430,2026-08-24 15:11:23.569364430,4.5856085388577785,2026-08-24 20:37:38.476850238,4.570638335501897,-3.7515419031872894,-0.014970203355881737
haldia,Low,2026-08-25 03:21:15.835485450,2026-08-24 21:51:15.835485450,1.9967945499381663,2026-08-25 03:12:01.607949624,2.2407089796371364,-9.237125597096725,0.24391442969897023
haldia,High,2026-08-25 08:56:11.722004226,2026-08-25 03:26:11.722004226,5.2162494489800935,2026-08-25 08:53:12.599388108,5.2397320685369495,-2.9853769353232904,0.023482619556855787
haldia,Low,2026-08-25 16:07:10.989895722,2026-08-25 10:37:10.989895722,1.903073679968607,2026-08-25 15:56:23.406922278,2.1118752041192015,-10.793049557389514,0.2088015241505945
haldia,High,2026-08-25 21:23:18.456289962,2026-08-25 15:53:18.456289962,5.012432543025233,2026-08-25 21:19:27.553836624,5.017178695853045,-3.8483742223299218,0.004746152827811594
haldia,Low,2026-08-26 04:17:29.616231552,2026-08-25 22:47:29.616231552,1.7044770996153225,2026-08-26 04:04:32.962478928,1.8612210266569933,-12.944229210429915,0.15674392704167078
haldia,High,2026-08-26 09:32:30.017906904,2026-08-26 04:02:30.017906904,5.598596590215689,2026-08-26 09:28:10.397850942,5.6388209790866055,-4.327000932733625,0.04022438887091626
haldia,Low,2026-08-26 16:50:02.717609490,2026-08-26 11:20:02.717609490,1.5839738057315227,2026-08-26 16:39:30.299790552,1.741025037918446,-10.540296982278367,0.15705123218692338
haldia,High,2026-08-26 21:55:36.909454344,2026-08-26 16:25:36.909454344,5.388543901299349,2026-08-26 21:52:19.821372540,5.43360221970997,-3.284801363449806,0.045058318410620635
haldia,Low,2026-08-27 05:00:47.312573034,2026-08-26 23:30:47.312573034,1.3562090582637767,2026-08-27 04:48:35.949372726,1.5176867737329427,-12.189386671761435,0.16147771546916595
haldia,High,2026-08-27 09:59:52.926705558,2026-08-27 04:29:52.926705558,5.908318179312937,2026-08-27 09:58:52.963303410,5.96225404772145,-0.9993900357908118,0.053935868408512465
haldia,Low,2026-08-27 17:27:39.684038058,2026-08-27 11:57:39.684038058,1.248748654955439,2026-08-27 17:17:35.792048874,1.418533444309327,-10.0648664864073,0.16978478935388794
haldia,High,2026-08-27 22:21:51.278671056,2026-08-27 16:51:51.278671056,5.727519467155438,2026-08-27 22:21:07.599488022,5.7795972962924065,-0.7279863839478653,0.05207782913696861
haldia,Low,2026-08-28 05:38:54.575598984,2026-08-28 00:08:54.575598984,1.083045307888387,2026-08-28 05:27:25.442608752,1.2495514805203507,-11.485549837195322,0.16650617263196357
haldia,High,2026-08-28 10:26:07.796007402,2026-08-28 04:56:07.796007402,6.1451792745164555,2026-08-28 10:27:03.265515720,6.187000454803617,0.9244918052938645,0.041821180287161905
haldia,Low,2026-08-28 18:03:40.128598674,2026-08-28 12:33:40.128598674,1.0260648697847181,2026-08-28 17:52:34.128697938,1.1700599063902248,-11.09999834556701,0.14399503660550667
haldia,High,2026-08-28 22:46:44.847458496,2026-08-28 17:16:44.847458496,5.993805286932217,2026-08-28 22:47:26.501319948,6.036219728995033,0.6942310241785623,0.04241444206281608
haldia,Low,2026-08-29 06:14:44.359006932,2026-08-29 00:44:44.359006932,0.9388147210288001,2026-08-29 06:02:51.267173784,1.084871555720641,-11.884863885827446,0.14605683469184083
haldia,High,2026-08-29 10:51:52.867820118,2026-08-29 05:21:52.867820118,6.285157128642208,2026-08-29 10:53:25.763136444,6.308878554934072,1.5482552720898246,0.023721426291864436
haldia,Low,2026-08-29 18:36:36.403291482,2026-08-29 13:06:36.403291482,0.9012264023051313,2026-08-29 18:25:11.907079164,1.0156076206759204,-11.40827020531842,0.11438121837078907
haldia,High,2026-08-29 23:11:59.611249014,2026-08-29 17:41:59.611249014,6.171494127463461,2026-08-29 23:12:12.928525266,6.201921671991699,0.2219546042171281,0.03042754452823763
haldia,Low,2026-08-30 06:47:39.317600802,2026-08-30 01:17:39.317600802,0.9038584305480242,2026-08-30 06:35:48.382162080,1.033501276296298,-11.848923978702087,0.12964284574827395
haldia,High,2026-08-30 11:19:41.546259336,2026-08-30 05:49:41.546259336,6.300794894652004,2026-08-30 11:19:12.597685350,6.335261929223324,-0.4824762331469839,0.034467034571320034
haldia,Low,2026-08-30 19:08:02.649559998,2026-08-30 13:38:02.649559998,0.8418969463055591,2026-08-30 18:55:47.136319314,0.9634449717306613,-12.258554011397411,0.12154802542510221
haldia,High,2026-08-30 23:38:59.460155796,2026-08-30 18:08:59.460155796,6.235828280872979,2026-08-30 23:37:18.271018506,6.279599499786608,-1.686485621496648,0.043771218913628986
haldia,Low,2026-08-31 07:18:33.429340255,2026-08-31 01:48:33.429340255,0.9590536183300169,2026-08-31 07:06:44.660727163,1.0863966358561072,-11.812810218222696,0.12734301752609034
haldia,High,2026-08-31 11:50:08.244720276,2026-08-31 06:20:08.244720276,6.216493007234111,2026-08-31 11:46:43.853753808,6.269320615503595,-3.4065161077820263,0.05282760826948407
haldia,Low,2026-08-31 19:36:42.910129536,2026-08-31 14:06:42.910129536,0.8830050725483027,2026-08-31 19:24:29.941329522,1.0081748486643833,-12.21614666688879,0.12516977611608057
haldia,High,2026-09-01 00:10:13.452922422,2026-08-31 18:40:13.452922422,6.190607756330295,2026-09-01 00:05:34.039211244,6.258877391018196,-4.656895186286996,0.06826963468790072
haldia,Low,2026-09-01 07:47:15.148439448,2026-09-01 02:17:15.148439448,1.0730972580925637,2026-09-01 07:36:07.041156516,1.2242883560168865,-11.135121382242053,0.15119109792432267
haldia,High,2026-09-01 12:25:08.611036667,2026-09-01 06:55:08.611036667,6.01282665948943,2026-09-01 12:18:37.850846496,6.1006017758501265,-6.512669836206773,0.08777511636069704
haldia,Low,2026-09-01 20:03:11.027981046,2026-09-01 14:33:11.027981046,1.0104519192275592,2026-09-01 19:51:46.561514148,1.1369601346856177,-11.407774448251839,0.12650821545805868
haldia,High,2026-09-02 00:45:49.082940252,2026-09-01 19:15:49.082940252,6.0305350801607105,2026-09-02 00:39:30.325503756,6.115514643358302,-6.312623941592724,0.08497956319759124
haldia,Low,2026-09-02 08:14:22.732894920,2026-09-02 02:44:22.732894920,1.3171474689997913,2026-09-02 08:04:58.421930796,1.4322056276572814,-9.405182735364544,0.11505815865749018
haldia,High,2026-09-02 13:04:43.804475964,2026-09-02 07:34:43.804475964,5.7219001581582365,2026-09-02 12:57:00.797750526,5.815752561811134,-7.7167787573271385,0.093852403652898
haldia,Low,2026-09-02 20:28:58.476608004,2026-09-02 14:58:58.476608004,1.2554952601324758,2026-09-02 20:19:03.161616444,1.3418948092421998,-9.92191652595967,0.08639954910972412
haldia,High,2026-09-03 01:27:56.606199420,2026-09-02 19:57:56.606199420,5.755256118336814,2026-09-03 01:21:13.381985952,5.833304977800002,-6.720403557805722,0.07804885946318779
haldia,Low,2026-09-03 08:40:44.196878946,2026-09-03 03:10:44.196878946,1.7027551570212778,2026-09-03 08:35:55.702363896,1.7097062917546446,-4.808241917461791,0.006951134733366773
haldia,High,2026-09-03 13:50:17.734480073,2026-09-03 08:20:17.734480073,5.365595926899502,2026-09-03 13:44:02.044128503,5.418407711977294,-6.261505859472266,0.05281178507779214
haldia,Low,2026-09-03 20:56:31.395643614,2026-09-03 15:26:31.395643614,1.6326075805466846,2026-09-03 20:49:42.068573982,1.6276375909137997,-6.822117827237392,-0.004969989632884982
haldia,High,2026-09-04 02:17:37.662377958,2026-09-03 20:47:37.662377958,5.37975262556092,2026-09-04 02:13:34.770539466,5.429183121543112,-4.048197308235362,0.04943049598219133
haldia,Low,2026-09-04 09:14:06.830839026,2026-09-04 03:44:06.830839026,2.0828094051025556,2026-09-04 09:14:11.728729734,2.06144321636138,0.08163151176413512,-0.021366188741175504
haldia,High,2026-09-04 14:45:57.387767742,2026-09-04 09:15:57.387767742,4.968411127275406,2026-09-04 14:43:05.258448618,4.943368665954924,-2.8688219853942045,-0.025042461320481952
haldia,Low,2026-09-04 21:34:44.895852192,2026-09-04 16:04:44.895852192,2.0164032693827503,2026-09-04 21:29:53.692908180,1.99612057457855,-4.853382400171602,-0.020282694804200162
haldia,High,2026-09-05 03:19:31.711825692,2026-09-04 21:49:31.711825692,4.998227821081247,2026-09-05 03:22:17.999150352,4.971979288317719,2.7714554109873317,-0.026248532763528114
haldia,Low,2026-09-05 10:08:22.858531080,2026-09-05 04:38:22.858531080,2.5003570990939528,2026-09-05 10:09:40.755290376,2.4539080308574053,1.2982793215663941,-0.04644906823654764
haldia,High,2026-09-05 16:04:40.840130940,2026-09-05 10:34:40.840130940,4.553365504749992,2026-09-05 16:05:40.538771910,4.483720520003206,0.9949773494662928,-0.06964498474678647
haldia,Low,2026-09-05 22:39:05.410267566,2026-09-05 17:09:05.410267566,2.3896371481971994,2026-09-05 22:34:04.577885256,2.3905690669309547,-5.0138730385286525,0.0009319187337554158
haldia,High,2026-09-06 05:11:05.131767294,2026-09-05 23:41:05.131767294,4.732447060872947,2026-09-06 05:10:59.610880134,4.660624034867574,-0.09201478599302239,-0.07182302600537274
haldia,Low,2026-09-06 12:30:45.434047248,2026-09-06 07:00:45.434047248,2.620136289905998,2026-09-06 12:22:49.650315648,2.6854533206120066,-7.929728859979603,0.06531703070600883
haldia,High,2026-09-06 18:21:03.311628342,2026-09-06 12:51:03.311628342,4.446732708263176,2026-09-06 18:14:59.490008892,4.354942762548406,-6.063693657526023,-0.09178994571477024
haldia,Low,2026-09-07 01:16:31.148154175,2026-09-06 19:46:31.148154175,2.322218670324571,2026-09-07 01:08:51.468520375,2.468651416191104,-7.66132722998722,0.14643274586653351
haldia,High,2026-09-07 07:14:11.153555010,2026-09-07 01:44:11.153555010,4.949638159622678,2026-09-07 07:09:51.769260216,4.883976069157605,-4.323071579887525,-0.06566209046507325
haldia,Low,2026-09-07 14:35:01.583068831,2026-09-07 09:05:01.583068831,2.1414996332636638,2026-09-07 14:24:44.927961031,2.3039039528330236,-10.277585129994522,0.16240431956936002
haldia,High,2026-09-07 19:59:25.360262160,2026-09-07 14:29:25.360262160,4.838847209626342,2026-09-07 19:50:48.851055876,4.7334850319284545,-8.608486771353801,-0.10536217769788772
haldia,Low,2026-09-08 02:53:29.204445024,2026-09-07 21:23:29.204445024,1.901888804177753,2026-09-08 02:42:19.573162878,2.0544527395279335,-11.160521369074669,0.15256393535018034
haldia,High,2026-09-08 08:26:05.947555638,2026-09-08 02:56:05.947555638,5.390240959546637,2026-09-08 08:18:20.139573120,5.3777326292484435,-7.763466375314056,-0.012508330298193496
haldia,Low,2026-09-08 15:43:54.842165136,2026-09-08 10:13:54.842165136,1.6779412755695735,2026-09-08 15:33:00.476816592,1.7767662354049758,-10.90608914240939,0.09882495983540229
haldia,High,2026-09-08 20:59:03.892659582,2026-09-08 15:29:03.892659582,5.289475736836562,2026-09-08 20:51:45.454664694,5.266836525152167,-7.307299914815599,-0.022639211684395505
haldia,Low,2026-09-09 03:59:14.992145568,2026-09-08 22:29:14.992145568,1.5229157181806916,2026-09-09 03:47:31.354620786,1.5796469082812705,-11.727292079651999,0.05673119010057902
haldia,High,2026-09-09 09:11:21.844603644,2026-09-09 03:41:21.844603644,5.837514820625436,2026-09-09 09:06:26.197892934,5.83828057103807,-4.927445178477527,0.0007657504126341772
haldia,Low,2026-09-09 16:34:34.507250784,2026-09-09 11:04:34.507250784,1.254383788821006,2026-09-09 16:25:34.429357848,1.2993048734732027,-9.001298215606875,0.04492108465219664
haldia,High,2026-09-09 21:39:46.077559860,2026-09-09 16:09:46.077559860,5.766536505899218,2026-09-09 21:37:05.178742566,5.75860928355869,-2.681646954885112,-0.007927222340528046
haldia,Low,2026-09-10 04:48:26.407165488,2026-09-09 23:18:26.407165488,1.1395549729846688,2026-09-10 04:38:56.343614862,1.1794779599499794,-9.501059177116769,0.03992298696531051
haldia,High,2026-09-10 09:45:24.624496830,2026-09-10 04:15:24.624496830,6.157138755376302,2026-09-10 09:45:49.319457630,6.162741293497467,0.4115826800329628,0.005602538121164855
haldia,Low,2026-09-10 17:17:17.219989290,2026-09-10 11:47:17.219989290,0.9471451434822327,2026-09-10 17:09:04.792403952,0.9593080983465017,-8.207126422299869,0.012162954864268962
haldia,High,2026-09-10 22:12:00.463853472,2026-09-10 16:42:00.463853472,6.143696911295552,2026-09-10 22:14:17.803728504,6.121710618367672,2.2889979172138495,-0.021986292927880666
haldia,Low,2026-09-11 05:31:18.843855108,2026-09-11 00:01:18.843855108,0.9231075462124361,2026-09-11 05:21:30.703960104,0.9243606604120158,-9.802331583395254,0.0012531141995797495
haldia,High,2026-09-11 10:17:09.683599830,2026-09-11 04:47:09.683599830,6.350962070826333,2026-09-11 10:20:25.194547224,6.325327779569852,3.2585157898535106,-0.025634291256481194
haldia,Low,2026-09-11 17:56:37.493780160,2026-09-11 12:26:37.493780160,0.7856324141972201,2026-09-11 17:46:40.491079884,0.7946868970120329,-9.950045004562028,0.00905448281481276
haldia,High,2026-09-11 22:44:05.911528530,2026-09-11 17:14:05.911528530,6.373217776497045,2026-09-11 22:46:46.848046422,6.325933408077898,2.682275298204309,-0.04728436841914702
haldia,Low,2026-09-12 06:08:02.022386346,2026-09-12 00:38:02.022386346,0.8405049452259905,2026-09-12 05:58:04.199739612,0.8370823841903547,-9.96371077893686,-0.0034225610356357905
haldia,High,2026-09-12 10:49:04.335875718,2026-09-12 05:19:04.335875718,6.387706197789686,2026-09-12 10:52:03.912628752,6.3404102815057435,2.9929458838558256,-0.04729591628394257
haldia,Low,2026-09-12 18:29:16.057376706,2026-09-12 12:59:16.057376706,0.7944539927290248,2026-09-12 18:19:41.126973960,0.7982081438435528,-9.582173379050252,0.003754151114527941
haldia,High,2026-09-12 23:14:28.233029232,2026-09-12 17:44:28.233029232,6.431188544036413,2026-09-12 23:16:22.691467578,6.37609935039484,1.9076406390544567,-0.055089193641572776
haldia,Low,2026-09-13 06:38:00.163405044,2026-09-13 01:08:00.163405044,0.9050382875842024,2026-09-13 06:29:49.362382842,0.8994275515265442,-8.180017036737912,-0.005610736057658108
haldia,High,2026-09-13 11:21:51.143044680,2026-09-13 05:51:51.143044680,6.2771740166738725,2026-09-13 11:21:55.844527116,6.237284432753876,0.07835804061965326,-0.03988958391999645
haldia,Low,2026-09-13 18:55:51.117132006,2026-09-13 13:25:51.117132006,0.9006081640941158,2026-09-13 18:48:24.883427640,0.9276588362291629,-7.437228406128878,0.027050672135047037
haldia,High,2026-09-13 23:45:51.713341428,2026-09-13 18:15:51.713341428,6.330190039935051,2026-09-13 23:44:21.761088612,6.293256649634095,-1.49920421360371,-0.0369333903009553
haldia,Low,2026-09-14 07:03:18.400758299,2026-09-14 01:33:18.400758299,1.0275371982486843,2026-09-14 06:57:03.803238161,1.0663815385385689,-6.243292002252335,0.03884434028988465
haldia,High,2026-09-14 11:54:13.234387284,2026-09-14 06:24:13.234387284,6.038961521479335,2026-09-14 11:50:59.727745518,6.041823982445316,-3.2251106960959306,0.0028624609659816903
haldia,Low,2026-09-14 19:18:40.522834176,2026-09-14 13:48:40.522834176,1.0394813816443869,2026-09-14 19:12:38.226493596,1.1241481646092302,-6.038272343030683,0.0846667829648434
haldia,High,2026-09-15 00:16:38.172131154,2026-09-14 18:46:38.172131154,6.110440785163027,2026-09-15 00:11:53.539202544,6.100524801334739,-4.743882143502017,-0.00991598382828773
haldia,Low,2026-09-15 07:26:08.004090846,2026-09-15 01:56:08.004090846,1.227896489947287,2026-09-15 07:20:02.605379130,1.2865555267337114,-6.089978528585947,0.05865903678642442
haldia,High,2026-09-15 12:27:34.970316599,2026-09-15 06:57:34.970316599,5.7788060491277315,2026-09-15 12:20:15.949389383,5.769885549194967,-7.317015453562743,-0.008920499932764192
haldia,Low,2026-09-15 19:38:45.834065328,2026-09-15 14:08:45.834065328,1.287560835464685,2026-09-15 19:32:40.228944348,1.336997159898373,-6.093418682977466,0.04943632443368802
haldia,High,2026-09-16 00:47:40.477109856,2026-09-15 19:17:40.477109856,5.8232256968612255,2026-09-16 00:40:21.840618390,5.817545647640089,-7.310608191065555,-0.005680049221136318
haldia,Low,2026-09-16 07:46:34.629283200,2026-09-16 02:16:34.629283200,1.4953581140136853,2026-09-16 07:40:49.982329908,1.5280267544522654,-5.744115888249714,0.03266864043858016
haldia,High,2026-09-16 12:59:26.052814494,2026-09-16 07:29:26.052814494,5.465988185643389,2026-09-16 12:51:01.364863152,5.431424221562471,-8.411465855699975,-0.034563964080918
haldia,Low,2026-09-16 19:58:04.094487996,2026-09-16 14:28:04.094487996,1.5389280067574111,2026-09-16 19:51:42.978756918,1.552694475473783,-6.351928851253362,0.013766468716371836
haldia,High,2026-09-17 01:18:52.060640136,2026-09-16 19:48:52.060640136,5.494444971367685,2026-09-17 01:11:52.790833626,5.462494743211199,-6.987830108534991,-0.031950228156485475
haldia,Low,2026-09-17 08:10:15.908117256,2026-09-17 02:40:15.908117256,1.8033919086378323,2026-09-17 08:04:21.520593480,1.7963481208162295,-5.906458729626912,-0.007043787821602811
haldia,High,2026-09-17 13:31:33.531229667,2026-09-17 08:01:33.531229667,5.106467499205981,2026-09-17 13:25:18.261573222,5.0386050363503445,-6.254494274053914,-0.06786246285563619
haldia,Low,2026-09-17 20:20:53.641904064,2026-09-17 14:50:53.641904064,1.8181833936185594,2026-09-17 20:15:07.969070826,1.8018274965792314,-5.761213887306546,-0.016355897039327952
haldia,High,2026-09-18 01:51:34.936065714,2026-09-17 20:21:34.936065714,5.130826842514255,2026-09-18 01:50:02.116516404,5.057439981352824,-1.5469924885252992,-0.07338686116143026
haldia,Low,2026-09-18 08:33:23.965779228,2026-09-18 03:03:23.965779228,2.1443702068982367,2026-09-18 08:35:04.994436612,2.111837428007327,1.6838109563987136,-0.03253277889090973
haldia,High,2026-09-18 14:08:21.620543460,2026-09-18 08:38:21.620543460,4.700559480246245,2026-09-18 14:07:06.369509760,4.612258067510222,-1.2541838950481508,-0.08830141273602296
haldia,Low,2026-09-18 20:46:25.120744427,2026-09-18 15:16:25.120744427,2.149436145397032,2026-09-18 20:46:17.546539122,2.1160219225440957,-0.12623675509560398,-0.03341422285293597
haldia,High,2026-09-19 02:34:01.407087936,2026-09-18 21:04:01.407087936,4.7181768099277175,2026-09-19 02:41:46.197268020,4.636570714534871,7.746503001404396,-0.0816060953928461
haldia,Low,2026-09-19 09:10:38.134694478,2026-09-19 03:40:38.134694478,2.5156854475110375,2026-09-19 09:16:38.307559914,2.464439325253624,6.002881090580123,-0.05124612225741333
haldia,High,2026-09-19 14:59:42.209167128,2026-09-19 09:29:42.209167128,4.258060718440116,2026-09-19 15:06:20.116588002,4.191685532251588,6.631790347855391,-0.06637518618852752
haldia,Low,2026-09-19 21:31:48.602955528,2026-09-19 16:01:48.602955528,2.5342791256262958,2026-09-19 21:29:46.699778238,2.4836055452066828,-2.0317196214823445,-0.05067358041961317
haldia,High,2026-09-20 03:50:49.566952878,2026-09-19 22:20:49.566952878,4.308611018551213,2026-09-20 04:04:37.609072212,4.279531128972748,13.800701988883546,-0.029079889578465367
haldia,Low,2026-09-20 10:21:18.193977540,2026-09-20 04:51:18.193977540,2.811467333652234,2026-09-20 10:17:00.932048934,2.782683771566478,-4.287698810110808,-0.02878356208575595
haldia,High,2026-09-20 16:47:20.312467566,2026-09-20 11:17:20.312467566,3.915826449096935,2026-09-20 16:53:12.991474746,3.9042147217702814,5.877983452976306,-0.011611727326653488
haldia,Low,2026-09-20 22:55:59.157301410,2026-09-20 17:25:59.157301410,2.8108817337325704,2026-09-20 22:42:19.748011722,2.8070563503799617,-13.656821494814888,-0.0038253833526087832
haldia,High,2026-09-21 06:05:28.370098608,2026-09-21 00:35:28.370098608,4.319221716044216,2026-09-21 06:11:28.682460984,4.253889069861278,6.005206039631057,-0.06533264618293833
haldia,Low,2026-09-21 12:45:24.627764860,2026-09-21 07:15:24.627764860,2.804611982349005,2026-09-21 12:32:17.072427143,2.872512811717628,-13.125922295259073,0.06790082936862292
haldia,High,2026-09-21 18:57:57.511841346,2026-09-21 13:27:57.511841346,4.153321144180391,2026-09-21 18:57:55.789547580,4.067336715007442,-0.028704896125403122,-0.08598442917294957
haldia,Low,2026-09-22 01:43:31.681307562,2026-09-21 20:13:31.681307562,2.578275106655668,2026-09-22 01:34:12.800103438,2.7291218210611405,-9.314686735397693,0.1508467144054724
haldia,High,2026-09-22 07:33:28.517999022,2026-09-22 02:03:28.517999022,4.742100489971581,2026-09-22 07:33:58.189508310,4.624665220502945,0.49452515480488957,-0.117435269468636
haldia,Low,2026-09-22 14:43:03.380356830,2026-09-22 09:13:03.380356830,2.259553465086784,2026-09-22 14:33:26.617273152,2.4720862083524264,-9.612718061338313,0.21253274326564217
haldia,High,2026-09-22 20:13:22.432091904,2026-09-22 14:43:22.432091904,4.691134712909437,2026-09-22 20:06:20.274729204,4.52950491806769,-7.035956045005958,-0.1616297948417478
haldia,Low,2026-09-23 02:58:39.249805764,2026-09-22 21:28:39.249805764,2.0809406778113364,2026-09-23 02:49:25.339874364,2.2945380785112555,-9.231832190020206,0.2135974006999192
haldia,High,2026-09-23 08:27:46.986217776,2026-09-23 02:57:46.986217776,5.209136413841508,2026-09-23 08:21:15.956859570,5.090387482148714,-6.517155970098685,-0.1187489316927945
haldia,Low,2026-09-23 15:37:29.840189748,2026-09-23 10:07:29.840189748,1.8558382982910313,2026-09-23 15:25:39.840774138,2.0236609488958583,-11.833323593457843,0.167822650604827
haldia,High,2026-09-23 20:57:34.584276426,2026-09-23 15:27:34.584276426,5.159491616114337,2026-09-23 20:48:50.088671226,5.052048748636106,-8.74159341998854,-0.10744286747823102
haldia,Low,2026-09-24 03:53:58.854795870,2026-09-23 22:23:58.854795870,1.7347167934492786,2026-09-24 03:41:36.762193158,1.8434460624351359,-12.36821004520987,0.10872926898585729
haldia,High,2026-09-24 09:04:17.376439908,2026-09-24 03:34:17.376439908,5.568796462348745,2026-09-24 08:57:40.364016312,5.530937896960693,-6.616873726568632,-0.03785856538805186
haldia,Low,2026-09-24 16:21:07.618176108,2026-09-24 10:51:07.618176108,1.5095760252081336,2026-09-24 16:09:13.320847134,1.5946927096783625,-11.90495548288359,0.08511668447022899
haldia,High,2026-09-24 21:28:21.651418110,2026-09-24 15:58:21.651418110,5.559823622241784,2026-09-24 21:22:30.502753974,5.54517462603986,-5.852477735633014,-0.014648996201923592
haldia,Low,2026-09-25 04:37:24.324855816,2026-09-24 23:07:24.324855816,1.373846417686903,2026-09-25 04:25:39.181650618,1.4345276858248146,-11.75238675334337,0.06068126813791165
haldia,High,2026-09-25 09:31:42.812676276,2026-09-25 04:01:42.812676276,5.888312875555825,2026-09-25 09:29:47.786089230,5.888719738069403,-1.9171097840501303,0.0004068625135781037
haldia,Low,2026-09-25 16:58:49.070832318,2026-09-25 11:28:49.070832318,1.1742521134165371,2026-09-25 16:48:23.438581938,1.2223135389244422,-10.427204173026183,0.04806142550790499
haldia,High,2026-09-25 21:52:03.807949854,2026-09-25 16:22:03.807949854,5.949496898914611,2026-09-25 21:52:28.558238640,5.9563418425336065,0.4125048130551174,0.006844943618995821
haldia,Low,2026-09-26 05:15:55.383169212,2026-09-25 23:45:55.383169212,1.0664091443283055,2026-09-26 05:05:01.242348144,1.1114675502989642,-10.902347017755657,0.04505840597065864
haldia,High,2026-09-26 09:58:09.737633341,2026-09-26 04:28:09.737633341,6.114648703284413,2026-09-26 09:59:42.081796326,6.131156078827711,1.5390693831357105,0.0165073755432985
haldia,Low,2026-09-26 17:36:15.407305422,2026-09-26 12:06:15.407305422,0.907872505136988,2026-09-26 17:24:41.189335800,0.942887738926971,-11.570299493747836,0.035015233789982905
haldia,High,2026-09-26 22:17:59.141009424,2026-09-26 16:47:59.141009424,6.236405429713797,2026-09-26 22:20:22.209853782,6.252947495282669,2.384480739341676,0.016542065568871136
haldia,Low,2026-09-27 05:52:52.017900984,2026-09-27 00:22:52.017900984,0.8785411655424709,2026-09-27 05:41:21.246112716,0.9079906158841605,-11.512863137829665,0.029449450341689637
haldia,High,2026-09-27 10:25:39.530718996,2026-09-27 04:55:39.530718996,6.240934938857191,2026-09-27 10:28:21.041988174,6.247758286645283,2.6918544863415734,0.0068233477880918995
haldia,Low,2026-09-27 18:11:49.749273756,2026-09-27 12:41:49.749273756,0.7454009477246434,2026-09-27 17:58:48.466754184,0.7845202026393281,-13.021375326226723,0.039119254914684695
haldia,High,2026-09-27 22:44:46.975030944,2026-09-27 17:14:46.975030944,6.4200262773817744,2026-09-27 22:47:10.010905548,6.420278606685364,2.3839312433654767,0.00025232930358960954
haldia,Low,2026-09-28 06:27:39.564523494,2026-09-28 00:57:39.564523494,0.8051997498396386,2026-09-28 06:15:29.140214592,0.8408030013669929,-12.173738481689773,0.03560325152735437
haldia,High,2026-09-28 10:55:20.397963492,2026-09-28 05:25:20.397963492,6.2489295608997715,2026-09-28 10:56:54.884572992,6.242921228632751,1.5747768250249727,-0.006008332267021013
haldia,Low,2026-09-28 18:43:51.572035782,2026-09-28 13:13:51.572035782,0.7100305065460231,2026-09-28 18:31:05.982272988,0.7583856112440632,-12.75982937989205,0.04835510469804015
haldia,High,2026-09-28 23:13:37.921323462,2026-09-28 17:43:37.921323462,6.4407026270403405,2026-09-28 23:14:26.493578910,6.453362461087275,0.8095375907710801,0.012659834046934581
haldia,Low,2026-09-29 06:59:01.976156238,2026-09-29 01:29:01.976156238,0.8749694310904053,2026-09-29 06:47:54.024487992,0.9072406948174412,-11.132527804092748,0.03227126372703596
haldia,High,2026-09-29 11:28:51.014565774,2026-09-29 05:58:51.014565774,6.097333728419525,2026-09-29 11:27:18.829235604,6.122750263649876,-1.5364221695349936,0.025416535230351228
haldia,Low,2026-09-29 19:13:52.115110806,2026-09-29 13:43:52.115110806,0.8032306578010628,2026-09-29 19:01:48.386458092,0.8567471245697023,-12.062144211854491,0.05351646676863937
haldia,High,2026-09-29 23:46:54.298626750,2026-09-29 18:16:54.298626750,6.316979473673216,2026-09-29 23:44:34.214880408,6.346101819405645,-2.3347291056606236,0.029122345732428633
haldia,Low,2026-09-30 07:28:58.825732422,2026-09-30 01:58:58.825732422,1.0440957962335553,2026-09-30 07:19:06.509005158,1.0903184975145006,-9.871945454430053,0.046222701280945216
haldia,High,2026-09-30 12:08:21.232733526,2026-09-30 06:38:21.232733526,5.84672577832486,2026-09-30 12:01:57.586124952,5.887591515036147,-6.394110142937591,0.04086573671128689
haldia,Low,2026-09-30 19:42:04.362854328,2026-09-30 14:12:04.362854328,0.9831416891158402,2026-09-30 19:31:23.286532068,1.0600592114297456,-10.684605370998854,0.07691752231390538
diamond_harbour,Low,2026-07-01 06:57:58.685551566,2026-07-01 01:27:58.685551566,1.5359693120744728,2026-07-01 06:37:03.610892442,1.7106847429588317,-20.917910985374217,0.17471543088435887
diamond_harbour,High,2026-07-01 11:55:47.485482288,2026-07-01 06:25:47.485482288,5.96208073753385,2026-07-01 11:34:00.791588088,6.000481765324166,-21.77823156995354,0.038401027790316
diamond_harbour,Low,2026-07-01 19:33:11.807175983,2026-07-01 14:03:11.807175983,1.7095949807796478,2026-07-01 19:10:09.774244998,1.8434144920138014,-23.033882183050387,0.13381951123415353
diamond_harbour,High,2026-07-02 00:17:41.372477628,2026-07-01 18:47:41.372477628,5.462818144426376,2026-07-01 23:53:04.614609366,5.4912643681480295,-24.61263113774273,0.02844622372165312
diamond_harbour,Low,2026-07-02 07:31:37.462423446,2026-07-02 02:01:37.462423446,1.5134400113784683,2026-07-02 07:10:48.275157150,1.7005115893149232,-20.819787771627865,0.18707157793645496
diamond_harbour,High,2026-07-02 12:19:34.335917238,2026-07-02 06:49:34.335917238,6.001246924273827,2026-07-02 11:57:10.804467108,6.056384765499,-22.392190835546874,0.0551378412251725
diamond_harbour,Low,2026-07-02 20:06:48.748530270,2026-07-02 14:36:48.748530270,1.6745181439443757,2026-07-02 19:43:25.008575916,1.822339241862139,-23.39566590585023,0.14782109791776324
diamond_harbour,High,2026-07-03 00:40:45.471097373,2026-07-02 19:10:45.471097373,5.508589847415923,2026-07-03 00:15:43.360569498,5.571440498686351,-25.035175464561416,0.06285065127042772
diamond_harbour,Low,2026-07-03 08:05:57.101830434,2026-07-03 02:35:57.101830434,1.5417305694173347,2026-07-03 07:43:53.125740834,1.7263602051006475,-22.06626816003187,0.18462963568331284
diamond_harbour,High,2026-07-03 12:46:59.216660442,2026-07-03 07:16:59.216660442,5.97243414485895,2026-07-03 12:22:55.382904504,6.089474765530822,-24.06389593232259,0.11704062067187175
diamond_harbour,Low,2026-07-03 20:40:54.889082232,2026-07-03 15:10:54.889082232,1.6622855888182535,2026-07-03 20:15:41.899427472,1.811791141373513,-25.21649424598432,0.14950555255525957
diamond_harbour,High,2026-07-04 01:11:08.182730712,2026-07-03 19:41:08.182730712,5.527453952083326,2026-07-04 00:43:04.877958816,5.637096179517579,-28.05507953155675,0.10964222743425263
diamond_harbour,Low,2026-07-04 08:42:26.853260226,2026-07-04 03:12:26.853260226,1.5943076500268623,2026-07-04 08:16:39.792478464,1.7817079550533854,-25.78434636266901,0.18740030502652316
diamond_harbour,High,2026-07-04 13:22:26.371254954,2026-07-04 07:52:26.371254954,5.912682323214738,2026-07-04 12:54:14.875275714,6.0766620445340624,-28.191599654032512,0.1639797213193243
diamond_harbour,Low,2026-07-04 21:14:42.268774914,2026-07-04 15:44:42.268774914,1.6770855826978641,2026-07-04 20:47:13.895361606,1.8062261550546932,-27.47289022183359,0.12914057235682913
diamond_harbour,High,2026-07-05 01:48:18.338771352,2026-07-04 20:18:18.338771352,5.5304624788366645,2026-07-05 01:17:24.062213496,5.660265960690251,-30.904609297600775,0.1298034818535863
diamond_harbour,Low,2026-07-05 09:17:50.516678934,2026-07-05 03:47:50.516678934,1.705951799981625,2026-07-05 08:50:01.295480310,1.857574505955879,-27.82035331039496,0.15162270597425415
diamond_harbour,High,2026-07-05 14:01:32.531670204,2026-07-05 08:31:32.531670204,5.819081228962762,2026-07-05 13:31:51.123085914,5.986059391159384,-29.690143071542373,0.1669781621966222
diamond_harbour,Low,2026-07-05 21:46:58.553568990,2026-07-05 16:16:58.553568990,1.7093096207438134,2026-07-05 21:18:46.326285144,1.8067311254751652,-28.2037880640551,0.09742150473135189
diamond_harbour,High,2026-07-06 02:30:30.767931702,2026-07-05 21:00:30.767931702,5.492552490255411,2026-07-06 01:59:27.358074246,5.6186421748957684,-31.05683095756074,0.12608968464035764
diamond_harbour,Low,2026-07-06 09:54:01.731473669,2026-07-06 04:24:01.731473669,1.8516396218188236,2026-07-06 09:25:53.182380120,1.9490191612042118,-28.142484892458963,0.09737953938538813
diamond_harbour,High,2026-07-06 14:45:20.061650484,2026-07-06 09:15:20.061650484,5.650016573638473,2026-07-06 14:16:49.090237998,5.802258225510324,-28.51619020809114,0.15224165187185165
diamond_harbour,Low,2026-07-06 22:19:02.805382710,2026-07-06 16:49:02.805382710,1.7387708582864612,2026-07-06 21:52:06.836420124,1.825533779241366,-26.93281604307445,0.08676292095490476
diamond_harbour,High,2026-07-07 03:15:56.179571281,2026-07-06 21:45:56.179571281,5.419379007841499,2026-07-07 02:50:56.236147831,5.51788696555774,-24.999057057531655,0.09850795771624135
diamond_harbour,Low,2026-07-07 10:30:48.678128964,2026-07-07 05:00:48.678128964,1.997241216350327,2026-07-07 10:06:55.006852260,2.058009124789009,-23.89452127835418,0.06076790843868211
diamond_harbour,High,2026-07-07 15:35:27.737504376,2026-07-07 10:05:27.737504376,5.459118701700606,2026-07-07 15:11:28.396391712,5.545211692329845,-23.989018544376393,0.08609299062923867
diamond_harbour,Low,2026-07-07 22:54:16.880301792,2026-07-07 17:24:16.880301792,1.7969138196198025,2026-07-07 22:30:08.948878974,1.8830549849823757,-24.132190380251505,0.08614116536257325
diamond_harbour,High,2026-07-08 04:12:10.593606246,2026-07-07 22:42:10.593606246,5.333923867768797,2026-07-08 03:52:54.022399380,5.398285930446409,-19.276186781050658,0.06436206267761226
diamond_harbour,Low,2026-07-08 11:15:36.836456274,2026-07-08 05:45:36.836456274,2.1232373433860365,2026-07-08 10:55:26.341591770,2.1857740039901343,-20.17491440841068,0.06253666060409782
diamond_harbour,High,2026-07-08 16:34:15.103705734,2026-07-08 11:04:15.103705734,5.283198875178799,2026-07-08 16:17:36.021265656,5.275229899476131,-16.65137400129829,-0.007968975702668142
diamond_harbour,Low,2026-07-08 23:39:34.051075656,2026-07-08 18:09:34.051075656,1.8798770398627325,2026-07-08 23:16:38.046003546,1.991007223543304,-22.93341786850441,0.11113018368057168
diamond_harbour,High,2026-07-09 05:15:08.145465684,2026-07-08 23:45:08.145465684,5.269381418519646,2026-07-09 05:03:06.442784562,5.31135338828784,-12.028378018686846,0.041971969768193826
diamond_harbour,Low,2026-07-09 12:12:40.783703214,2026-07-09 06:42:40.783703214,2.2315098414215706,2026-07-09 11:54:37.993248024,2.3170777729719556,-18.046507586463093,0.08556793155038514
diamond_harbour,High,2026-07-09 17:42:39.549738024,2026-07-09 12:12:39.549738024,5.0789378527298545,2026-07-09 17:34:24.545433600,5.069670392427614,-8.25007174041664,-0.009267460302239983
diamond_harbour,Low,2026-07-10 00:41:21.776844348,2026-07-09 19:11:21.776844348,1.9730152957382232,2026-07-10 00:18:24.464176470,2.1227226086943065,-22.955211131284127,0.14970731295608336
diamond_harbour,High,2026-07-10 06:32:39.101195610,2026-07-10 01:02:39.101195610,5.264368292002506,2026-07-10 06:23:38.466996366,5.315659993694414,-9.010569987369639,0.0512917016919084
diamond_harbour,Low,2026-07-10 13:34:39.684632562,2026-07-10 08:04:39.684632562,2.248916128155612,2026-07-10 13:17:48.706168302,2.393205692844102,-16.84964107099307,0.14428956468849036
diamond_harbour,High,2026-07-10 19:08:59.966962266,2026-07-10 13:38:59.966962266,5.057001670750363,2026-07-10 19:02:32.616014574,5.019728318577426,-6.4558491281585875,-0.03727335217293706
diamond_harbour,Low,2026-07-11 02:23:14.756478948,2026-07-10 20:53:14.756478948,1.9962846600331072,2026-07-11 02:01:18.618036210,2.1615380898897683,-21.935640712298866,0.1652534298566611
diamond_harbour,High,2026-07-11 08:06:23.698204686,2026-07-11 02:36:23.698204686,5.427216204183861,2026-07-11 07:50:41.179392732,5.509731015658996,-15.708646865913668,0.08251481147513463
diamond_harbour,Low,2026-07-11 15:24:25.718246544,2026-07-11 09:54:25.718246544,2.1178797358805874,2026-07-11 15:10:46.346657202,2.26674737156442,-13.656193155666069,0.14886763568383282
diamond_harbour,High,2026-07-11 20:39:02.837442984,2026-07-11 15:09:02.837442984,5.186266006711928,2026-07-11 20:23:22.893986988,5.184476511778215,-15.665724266647171,-0.001789494933713082
diamond_harbour,Low,2026-07-12 03:59:45.504929220,2026-07-11 22:29:45.504929220,1.8079520681042487,2026-07-12 03:37:48.803888118,1.9734877229449033,-21.945017351691973,0.16553565484065463
diamond_harbour,High,2026-07-12 09:19:00.098354376,2026-07-12 03:49:00.098354376,5.713300968143964,2026-07-12 08:57:48.146251626,5.854806369159498,-21.199201712543424,0.14150540101553313
diamond_harbour,Low,2026-07-12 16:46:00.123499566,2026-07-12 11:16:00.123499566,1.8662733249632282,2026-07-12 16:28:39.473693664,2.0022340231739517,-17.34416343168917,0.13596069821072349
diamond_harbour,High,2026-07-12 21:45:22.000782372,2026-07-12 16:15:22.000782372,5.382783913629083,2026-07-12 21:25:18.261464376,5.464136346040887,-20.06232196662534,0.0813524324118041
diamond_harbour,Low,2026-07-13 05:09:03.012810457,2026-07-12 23:39:03.012810457,1.5585277958415684,2026-07-13 04:46:51.778863313,1.7237865030242348,-22.18723245244698,0.1652587071826664
diamond_harbour,High,2026-07-13 10:11:07.848048083,2026-07-13 04:41:07.848048083,6.050389992736463,2026-07-13 09:49:15.224682713,6.20412891803601,-21.87705608947694,0.15373892529954736
diamond_harbour,Low,2026-07-13 17:52:14.796495840,2026-07-13 12:22:14.796495840,1.5816968533545641,2026-07-13 17:33:25.090698480,1.719996123688665,-18.82842995600013,0.13829927033410092
diamond_harbour,High,2026-07-13 22:36:41.337204288,2026-07-13 17:06:41.337204288,5.619137591224039,2026-07-13 22:15:34.864339098,5.742571338450072,-21.107881086537795,0.123433747226033
diamond_harbour,Low,2026-07-14 06:09:38.595962466,2026-07-14 00:39:38.595962466,1.316395922797126,2026-07-14 05:46:57.024506154,1.495793429735952,-22.692857605164583,0.1793975069388261
diamond_harbour,High,2026-07-14 10:55:26.160966348,2026-07-14 05:25:26.160966348,6.340244573168262,2026-07-14 10:32:41.319698466,6.471593848568144,-22.74735446466913,0.13134927539988203
diamond_harbour,Low,2026-07-14 18:49:58.966441332,2026-07-14 13:19:58.966441332,1.3106404057668226,2026-07-14 18:29:05.336815938,1.466782062480657,-20.893827089894387,0.15614165671383423
diamond_harbour,High,2026-07-14 23:23:09.159042546,2026-07-14 17:53:09.159042546,5.835955483072597,2026-07-14 22:59:02.450357004,5.957413893905446,-24.11181142572226,0.1214584108328494
diamond_harbour,Low,2026-07-15 07:03:09.919955034,2026-07-15 01:33:09.919955034,1.1203753261724407,2026-07-15 06:39:21.099420648,1.333966142382054,-23.81367557310418,0.21359081620961318
diamond_harbour,High,2026-07-15 11:35:01.379489700,2026-07-15 06:05:01.379489700,6.511822044550813,2026-07-15 11:11:40.283657832,6.621291356359048,-23.35159719777772,0.10946931180823512
diamond_harbour,Low,2026-07-15 19:38:23.389238490,2026-07-15 14:08:23.389238490,1.1352712364398787,2026-07-15 19:17:04.529393700,1.291154109203738,-21.314330746542453,0.15588287276385923
diamond_harbour,High,2026-07-16 00:04:11.645785098,2026-07-15 18:34:11.645785098,5.976029503702554,2026-07-15 23:38:24.517915914,6.08504967044903,-25.785464486440286,0.10902016674647638
diamond_harbour,Low,2026-07-16 07:48:07.145390076,2026-07-16 02:18:07.145390076,1.0396754399215746,2026-07-16 07:25:09.669649752,1.2727456880744223,-22.957929005421313,0.23307024815284766
diamond_harbour,High,2026-07-16 12:11:01.453826364,2026-07-16 06:41:01.453826364,6.517700688188514,2026-07-16 11:48:27.762534516,6.64474395822744,-22.561521530756508,0.12704327003892632
diamond_harbour,Low,2026-07-16 20:19:35.974333608,2026-07-16 14:49:35.974333608,1.0958222265767534,2026-07-16 19:59:09.819586896,1.2285858925879087,-20.43591244516883,0.13276366601115533
diamond_harbour,High,2026-07-17 00:41:53.406018636,2026-07-16 19:11:53.406018636,5.9995566374224385,2026-07-17 00:15:54.363626130,6.121746025794349,-25.98403987507886,0.12218938837191036
diamond_harbour,Low,2026-07-17 08:28:29.077274298,2026-07-17 02:58:29.077274298,1.0913376575326204,2026-07-17 08:05:45.378990294,1.3197230966312057,-22.728304733376568,0.22838543909858525
diamond_harbour,High,2026-07-17 12:48:29.582636016,2026-07-17 07:18:29.582636016,6.388194723925857,2026-07-17 12:25:03.694526868,6.54564754053631,-23.431468485792482,0.15745281661045252
diamond_harbour,Low,2026-07-17 20:57:01.311521256,2026-07-17 15:27:01.311521256,1.1179671838923912,2026-07-17 20:36:31.502283918,1.2844020320069494,-20.496820622315354,0.16643484811455805
diamond_harbour,High,2026-07-18 01:18:29.046951138,2026-07-17 19:48:29.046951138,5.909230276079464,2026-07-18 00:53:46.598793774,6.068676544005901,-24.707469289383692,0.15944626792643618
diamond_harbour,Low,2026-07-18 09:06:07.360747950,2026-07-18 03:36:07.360747950,1.202997069557484,2026-07-18 08:41:57.107262918,1.454413934691879,-24.170891417223412,0.25141686513439476
diamond_harbour,High,2026-07-18 13:29:56.839822608,2026-07-18 07:59:56.839822608,6.134430424787554,2026-07-18 13:03:24.460845126,6.332662550569623,-26.53964962472682,0.19823212578206958
diamond_harbour,Low,2026-07-18 21:33:23.681625804,2026-07-18 16:03:23.681625804,1.2409504647480636,2026-07-18 21:09:28.361541504,1.4336621924506547,-23.922001404956234,0.1927117277025912
diamond_harbour,High,2026-07-19 01:59:47.407227540,2026-07-18 20:29:47.407227540,5.743486391359355,2026-07-19 01:34:23.277805632,5.927177196443751,-25.40215703176018,0.18369080508439664
diamond_harbour,Low,2026-07-19 09:39:27.743618195,2026-07-19 04:09:27.743618195,1.3754190681465417,2026-07-19 09:14:04.086881189,1.6418369250135134,-25.39427895014603,0.26641785686697184
diamond_harbour,High,2026-07-19 14:12:52.055279304,2026-07-19 08:42:52.055279304,5.803767399705397,2026-07-19 13:45:38.058668988,6.021486630423062,-27.233276838596765,0.21771923071766394
diamond_harbour,Low,2026-07-19 22:03:41.442401778,2026-07-19 16:33:41.442401778,1.4321748897830564,2026-07-19 21:37:41.420605710,1.63266323959595,-26.000363267796182,0.20048834981289362
diamond_harbour,High,2026-07-20 02:44:43.462089936,2026-07-19 21:14:43.462089936,5.539529563337626,2026-07-20 02:20:15.566624406,5.705462031838632,-24.464924425486767,0.16593246850100601
diamond_harbour,Low,2026-07-20 10:09:10.696357962,2026-07-20 04:39:10.696357962,1.664586408020359,2026-07-20 09:42:59.507218266,1.8504424167081739,-26.186485661556663,0.18585600868781485
diamond_harbour,High,2026-07-20 14:59:13.944761484,2026-07-20 09:29:13.944761484,5.489097584017233,2026-07-20 14:34:21.378398442,5.641018254343371,-24.87610605073614,0.15192067032613793
diamond_harbour,Low,2026-07-20 22:28:36.216161466,2026-07-20 16:58:36.216161466,1.6824597748903483,2026-07-20 22:01:58.472009376,1.8399218676259126,-26.629069201541967,0.15746209273556425
diamond_harbour,High,2026-07-21 03:32:44.565195600,2026-07-20 22:02:44.565195600,5.323696607615916,2026-07-21 03:12:41.191408812,5.426825795526476,-20.05622977984747,0.10312918791056011
diamond_harbour,Low,2026-07-21 10:34:21.905934138,2026-07-21 05:04:21.905934138,1.989982098982799,2026-07-21 10:12:30.018387930,2.0685732208085175,-21.864792436829777,0.07859112182571844
diamond_harbour,High,2026-07-21 15:46:53.964690918,2026-07-21 10:16:53.964690918,5.2170561910289,2026-07-21 15:30:38.547147612,5.233020118816303,-16.256959055079886,0.015963927787403638
diamond_harbour,Low,2026-07-21 22:50:54.697712814,2026-07-21 17:20:54.697712814,1.9370918736237215,2026-07-21 22:28:19.282808742,2.044136046702462,-22.59024840115587,0.10704417307874026
diamond_harbour,High,2026-07-22 04:17:59.337683850,2026-07-21 22:47:59.337683850,5.122487508789881,2026-07-22 04:09:32.663208000,5.124391062676301,-8.444574597535764,0.0019035538864202663
diamond_harbour,Low,2026-07-22 11:05:54.941287446,2026-07-22 05:35:54.941287446,2.242525088835321,2026-07-22 10:48:23.984835456,2.3017160375821115,-17.51594086649394,0.059190948746790706
diamond_harbour,High,2026-07-22 16:29:55.387945986,2026-07-22 10:59:55.387945986,4.8771651202141975,2026-07-22 16:31:25.988827404,4.837307824689254,1.510014690323098,-0.039857295524944006
diamond_harbour,Low,2026-07-22 23:25:18.298502496,2026-07-22 17:55:18.298502496,2.1632964877078504,2026-07-22 23:04:16.895555898,2.2589566165399413,-21.023382443255958,0.09566012883209092
diamond_harbour,High,2026-07-23 05:05:14.428650401,2026-07-22 23:35:14.428650401,4.836767453029374,2026-07-23 05:12:15.515929463,4.840076495047393,7.0181213176740656,0.003309042018019184
diamond_harbour,Low,2026-07-23 11:50:33.589712472,2026-07-23 06:20:33.589712472,2.503523179833282,2026-07-23 11:35:10.918080318,2.5373147385040054,-15.377860535947141,0.03379155867072352
diamond_harbour,High,2026-07-23 17:24:49.006727658,2026-07-23 11:54:49.006727658,4.562863415098768,2026-07-23 17:40:25.601095596,4.5002684966001425,15.609906132303369,-0.06259491849862502
diamond_harbour,Low,2026-07-24 00:18:02.642191854,2026-07-23 18:48:02.642191854,2.36400924109103,2026-07-23 23:55:30.387438714,2.4669698413166996,-22.537579218950764,0.10296060022566941
diamond_harbour,High,2026-07-24 06:23:50.413005480,2026-07-24 00:53:50.413005480,4.686903256550842,2026-07-24 06:34:08.687729112,4.6728322830532845,10.304578727156294,-0.014070973497557832
diamond_harbour,Low,2026-07-24 13:00:51.597278370,2026-07-24 07:30:51.597278370,2.636644587994028,2026-07-24 12:40:52.597598928,2.7110783297037946,-19.98332799066149,0.07443374170976652
diamond_harbour,High,2026-07-24 18:55:07.764528744,2026-07-24 13:25:07.764528744,4.409487855621766,2026-07-24 19:09:06.766992582,4.34111774123111,13.98337439733135,-0.06837011439065571
diamond_harbour,Low,2026-07-25 01:44:34.182104724,2026-07-24 20:14:34.182104724,2.4108396478648633,2026-07-25 01:21:03.951341748,2.570102493811909,-23.50384604962113,0.1592628459470456
diamond_harbour,High,2026-07-25 08:01:01.253459064,2026-07-25 02:31:01.253459064,4.802362215973798,2026-07-25 08:04:41.484437520,4.791832720651999,3.670516307619465,-0.01052949532179922
diamond_harbour,Low,2026-07-25 14:58:54.513492360,2026-07-25 09:28:54.513492360,2.47923689479921,2026-07-25 14:46:27.878560440,2.6786577691786273,-12.44391553204688,0.19942087437941713
diamond_harbour,High,2026-07-25 20:29:38.433424866,2026-07-25 14:59:38.433424866,4.545281422721783,2026-07-25 20:30:59.607643200,4.472662208188358,1.3529036388819864,-0.07261921453342558
diamond_harbour,Low,2026-07-26 03:30:14.619413544,2026-07-25 22:00:14.619413544,2.207562612256898,2026-07-26 03:10:22.015652634,2.4240327552492715,-19.87672934853754,0.21647014299237374
diamond_harbour,High,2026-07-26 09:11:45.287939466,2026-07-26 03:41:45.287939466,5.151189749551909,2026-07-26 09:04:40.521359190,5.112578574156333,-7.07944300459574,-0.038611175395576014
diamond_harbour,Low,2026-07-26 16:18:49.928063825,2026-07-26 10:48:49.928063825,2.2423592279733304,2026-07-26 16:06:34.437011784,2.4525015816015747,-12.25818420072071,0.2101423536282442
diamond_harbour,High,2026-07-26 21:35:49.453358394,2026-07-26 16:05:49.453358394,4.819115844439194,2026-07-26 21:27:03.307846128,4.7704987210649685,-8.76909187105021,-0.04861712337422592
diamond_harbour,Low,2026-07-27 04:31:19.664580534,2026-07-26 23:01:19.664580534,1.9550271917003967,2026-07-27 04:12:05.470841010,2.1988731296503503,-19.236562325359195,0.24384593794995352
diamond_harbour,High,2026-07-27 10:02:18.602216214,2026-07-27 04:32:18.602216214,5.449676644037554,2026-07-27 09:47:23.565364938,5.474044953034726,-14.917280854636829,0.02436830899717177
diamond_harbour,Low,2026-07-27 17:17:37.042588242,2026-07-27 11:47:37.042588242,1.9980466685237575,2026-07-27 17:04:36.961799220,2.204642037906916,-13.001346483716333,0.2065953693831585
diamond_harbour,High,2026-07-27 22:23:05.267580444,2026-07-27 16:53:05.267580444,5.120176727045265,2026-07-27 22:08:43.116389412,5.108933844650009,-14.369186517227723,-0.011242882395255924
diamond_harbour,Low,2026-07-28 05:25:50.815079916,2026-07-27 23:55:50.815079916,1.7418899588773638,2026-07-28 05:06:10.685401518,1.9742447327734307,-19.66882797329324,0.2323547738960669
diamond_harbour,High,2026-07-28 10:40:23.752599906,2026-07-28 05:10:23.752599906,5.741316146775539,2026-07-28 10:22:13.461507660,5.804068622415504,-18.171518204133353,0.06275247563996511
diamond_harbour,Low,2026-07-28 18:09:43.019974806,2026-07-28 12:39:43.019974806,1.7844788789056496,2026-07-28 17:52:08.545347810,1.9673751221452906,-17.574577116581303,0.18289624323964093
diamond_harbour,High,2026-07-28 23:00:56.183076324,2026-07-28 17:30:56.183076324,5.381508556375816,2026-07-28 22:42:17.456138706,5.423448261915746,-18.645448960343792,0.04193970553992992
diamond_harbour,Low,2026-07-29 06:14:36.768156462,2026-07-29 00:44:36.768156462,1.5379039420915215,2026-07-29 05:53:53.649642348,1.7695196531932944,-20.718641901865062,0.23161571110177298
diamond_harbour,High,2026-07-29 11:12:15.095869794,2026-07-29 05:42:15.095869794,6.015832420385082,2026-07-29 10:51:40.543467282,6.06847548278772,-20.57587337524189,0.05264306240263848
diamond_harbour,Low,2026-07-29 18:53:18.331584150,2026-07-29 13:23:18.331584150,1.5455574370374217,2026-07-29 18:32:17.117301858,1.7612240760748057,-21.0202380382484,0.2156666390373841
diamond_harbour,High,2026-07-29 23:30:55.743990216,2026-07-29 18:00:55.743990216,5.632984889061149,2026-07-29 23:09:32.967019002,5.684310936003976,-21.37961618694826,0.051326046942827205
diamond_harbour,Low,2026-07-30 06:56:38.643128694,2026-07-30 01:26:38.643128694,1.3603668405455747,2026-07-30 06:35:18.342314274,1.6084108052993893,-21.33834690699442,0.24804396475381463
diamond_harbour,High,2026-07-30 11:38:29.459705958,2026-07-30 06:08:29.459705958,6.2211889493069,2026-07-30 11:16:04.953780186,6.261256329264033,-22.408432096226807,0.04006737995713273
diamond_harbour,Low,2026-07-30 19:29:56.691346362,2026-07-30 13:59:56.691346362,1.4082208153280957,2026-07-30 19:07:55.934811096,1.6026124916035336,-22.01260892109709,0.19439167627543777
diamond_harbour,High,2026-07-30 23:55:04.538692254,2026-07-30 18:25:04.538692254,5.842187897854955,2026-07-30 23:31:27.537921672,5.894709961901713,-23.61667950974287,0.05252206404675821
diamond_harbour,Low,2026-07-31 07:32:52.291263378,2026-07-31 02:02:52.291263378,1.2698370347040926,2026-07-31 07:12:15.851370270,1.511888815889636,-20.60733155176859,0.24205178118554332
diamond_harbour,High,2026-07-31 11:59:30.473694882,2026-07-31 06:29:30.473694882,6.342945491259345,2026-07-31 11:37:25.101830862,6.398360561092959,-22.089531067041836,0.05541506983361488
diamond_harbour,Low,2026-07-31 20:01:54.820604189,2026-07-31 14:31:54.820604189,1.3013317883828455,2026-07-31 19:40:38.144629632,1.5016699675501588,-21.27793290925602,0.20033817916731325
diamond_harbour,High,2026-08-01 00:16:21.094842186,2026-07-31 18:46:21.094842186,6.021270477665357,2026-07-31 23:52:27.479510214,6.073089365427879,-23.893588866173076,0.05181888776252116
diamond_harbour,Low,2026-08-01 08:07:03.261401340,2026-08-01 02:37:03.261401340,1.265313730349647,2026-08-01 07:46:10.493135676,1.4868786945080612,-20.879471094380623,0.2215649641584143
diamond_harbour,High,2026-08-01 12:23:01.724002482,2026-08-01 06:53:01.724002482,6.402044873802278,2026-08-01 12:00:48.156489858,6.48511406766394,-22.226125210354688,0.08306919386166232
diamond_harbour,Low,2026-08-01 20:32:15.173465160,2026-08-01 15:02:15.173465160,1.278619221720581,2026-08-01 20:10:59.776673562,1.4595968192199453,-21.256613193346997,0.18097759749936426
diamond_harbour,High,2026-08-02 00:42:44.969382864,2026-08-01 19:12:44.969382864,6.119541555697556,2026-08-02 00:17:55.186833528,6.209651383021332,-24.829709155562846,0.09010982732377538
diamond_harbour,Low,2026-08-02 08:40:51.243886332,2026-08-02 03:10:51.243886332,1.2935758884890283,2026-08-02 08:17:47.378326770,1.5239590992843963,-23.06442599269466,0.230383210795368
diamond_harbour,High,2026-08-02 12:55:02.484529740,2026-08-02 07:25:02.484529740,6.349681333297344,2026-08-02 12:29:21.704988312,6.491705706160082,-25.679659023842458,0.14202437286273792
diamond_harbour,Low,2026-08-02 21:03:07.005331530,2026-08-02 15:33:07.005331530,1.2836661341527627,2026-08-02 20:39:12.419615298,1.4684352265743439,-23.90976193720646,0.18476909242158118
diamond_harbour,High,2026-08-03 01:17:34.320390720,2026-08-02 19:47:34.320390720,6.107220439455093,2026-08-03 00:49:25.349224662,6.262314645085047,-28.149519434335144,0.15509420562995438
diamond_harbour,Low,2026-08-03 09:13:31.050271110,2026-08-03 03:43:31.050271110,1.3912683126591507,2026-08-03 08:47:41.858930670,1.6047924548628631,-25.819855673971215,0.2135241422037125
diamond_harbour,High,2026-08-03 13:33:01.144454334,2026-08-03 08:03:01.144454334,6.215601446458254,2026-08-03 13:03:41.702061744,6.376894282339721,-29.324039876504038,0.16129283588146776
diamond_harbour,Low,2026-08-03 21:31:49.632922116,2026-08-03 16:01:49.632922116,1.342523625100626,2026-08-03 21:05:39.336864330,1.5174395920354087,-26.1716009631075,0.17491596693478267
diamond_harbour,High,2026-08-04 01:57:17.918810088,2026-08-03 20:27:17.918810088,6.04488508300102,2026-08-04 01:27:24.438841926,6.190327216699343,-29.891332802725497,0.14544213369832265
diamond_harbour,Low,2026-08-04 09:44:14.647287264,2026-08-04 04:14:14.647287264,1.555074830587375,2026-08-04 09:17:07.232498460,1.7170039158874157,-27.12357981340737,0.16192908530004074
diamond_harbour,High,2026-08-04 14:14:31.128834750,2026-08-04 08:44:31.128834750,5.9704431247857706,2026-08-04 13:44:37.861421778,6.120182067376987,-29.887790216209897,0.14973894259121717
diamond_harbour,Low,2026-08-04 21:59:00.304484370,2026-08-04 16:29:00.304484370,1.471549208720703,2026-08-04 21:32:00.851207442,1.605852332337992,-26.990887948829602,0.13430312361728916
diamond_harbour,High,2026-08-05 02:42:41.650319358,2026-08-04 21:12:41.650319358,5.828116257422898,2026-08-05 02:13:25.081787184,5.9823414272604465,-29.27614220287087,0.15422516983754864
diamond_harbour,Low,2026-08-05 10:14:50.854074571,2026-08-05 04:44:50.854074571,1.7779629576049616,2026-08-05 09:48:55.743341935,1.8670574361863352,-25.918512210566764,0.08909447858137357
diamond_harbour,High,2026-08-05 15:00:41.306515248,2026-08-05 09:30:41.306515248,5.614444187956003,2026-08-05 14:34:28.247134002,5.741227010410794,-26.21765635406313,0.12678282245479114
diamond_harbour,Low,2026-08-05 22:27:54.523982340,2026-08-05 16:57:54.523982340,1.6644348999819567,2026-08-05 22:02:18.532600200,1.7514781431923152,-25.59985636900771,0.08704324321035853
diamond_harbour,High,2026-08-06 03:33:45.139069020,2026-08-05 22:03:45.139069020,5.571008589498194,2026-08-06 03:09:50.997287328,5.672214163574364,-23.902363028241975,0.10120557407617
diamond_harbour,Low,2026-08-06 10:50:09.978957569,2026-08-06 05:20:09.978957569,2.0302590435069416,2026-08-06 10:27:39.815655564,2.074156690301032,-22.502721700141517,0.04389764679409019
diamond_harbour,High,2026-08-06 15:56:39.143566938,2026-08-06 10:26:39.143566938,5.287672442145311,2026-08-06 15:35:59.348510658,5.301937740356551,-20.663250938005753,0.014265298211239712
diamond_harbour,Low,2026-08-06 23:04:51.916358118,2026-08-06 17:34:51.916358118,1.8850357486742018,2026-08-06 22:42:08.565869532,1.9737536344043016,-22.72250814314213,0.0887178857300999
diamond_harbour,High,2026-08-07 04:30:58.541930232,2026-08-06 23:00:58.541930232,5.292763524249913,2026-08-07 04:16:51.919631556,5.326019626592947,-14.11037164460962,0.0332561023430344
diamond_harbour,Low,2026-08-07 11:36:28.535746494,2026-08-07 06:06:28.535746494,2.302596713288607,2026-08-07 11:19:00.369880368,2.3351128327635142,-17.46943110210059,0.032516119474907054
diamond_harbour,High,2026-08-07 16:54:36.103242702,2026-08-07 11:24:36.103242702,4.9881908404086595,2026-08-07 16:50:47.936923446,4.881198108771645,-3.8027719876281507,-0.10699273163701414
diamond_harbour,Low,2026-08-08 00:01:57.318823104,2026-08-07 18:31:57.318823104,2.1205814794650415,2026-08-07 23:39:39.391930350,2.2455348060720826,-22.29878154587035,0.12495332660704121
diamond_harbour,High,2026-08-08 05:44:44.878862646,2026-08-08 00:14:44.878862646,5.074900618867519,2026-08-08 05:43:57.019921968,5.0421190367434034,-0.797649011334621,-0.032781582124116235
diamond_harbour,Low,2026-08-08 12:55:23.663646786,2026-08-08 07:25:23.663646786,2.4572871465607466,2026-08-08 12:39:39.684139674,2.564319706938075,-15.73299178516397,0.10703256037732853
diamond_harbour,High,2026-08-08 18:40:58.080815094,2026-08-08 13:10:58.080815094,4.797705422633194,2026-08-08 18:47:07.995135690,4.653724962305668,6.165238676553008,-0.14398046032752604
diamond_harbour,Low,2026-08-09 01:58:14.226694698,2026-08-08 20:28:14.226694698,2.2415878425370432,2026-08-09 01:36:03.753346986,2.395147060507715,-22.17455579518952,0.15355921797067174
diamond_harbour,High,2026-08-09 07:57:10.264882008,2026-08-09 02:27:10.264882008,5.21601011237518,2026-08-09 07:50:50.799647496,5.1732872184748615,-6.324420575218218,-0.04272289390031845
diamond_harbour,Low,2026-08-09 15:16:23.909204484,2026-08-09 09:46:23.909204484,2.260428649543632,2026-08-09 15:04:32.036088858,2.4402789677523717,-11.864551927068664,0.1798503182087399
diamond_harbour,High,2026-08-09 20:37:03.750994632,2026-08-09 15:07:03.750994632,5.027604824744866,2026-08-09 20:26:50.057472930,4.913431843629552,-10.228225361684064,-0.11417298111531408
diamond_harbour,Low,2026-08-10 03:51:46.410394362,2026-08-09 22:21:46.410394362,1.9404800011988477,2026-08-10 03:29:27.332776518,2.1420408805798563,-22.317960297428563,0.20156087938100872
diamond_harbour,High,2026-08-10 09:19:12.340926138,2026-08-10 03:49:12.340926138,5.566244014155541,2026-08-10 08:58:52.817241054,5.641213669615526,-20.325394751447767,0.07496965545998495
diamond_harbour,Low,2026-08-10 16:44:49.345107912,2026-08-10 11:14:49.345107912,1.85426614372321,2026-08-10 16:28:28.696611486,2.0427238593619217,-16.34414160710154,0.18845771563871172
diamond_harbour,High,2026-08-10 21:46:14.218410558,2026-08-10 16:16:14.218410558,5.320756761609985,2026-08-10 21:26:14.442268968,5.356795143471485,-19.996269026499437,0.0360383818615001
diamond_harbour,Low,2026-08-11 05:07:26.801282718,2026-08-10 23:37:26.801282718,1.5862584956519954,2026-08-11 04:44:18.295388286,1.7790615771266869,-23.141764907169538,0.1928030814746914
diamond_harbour,High,2026-08-11 10:09:38.112227442,2026-08-11 04:39:38.112227442,5.999726816036659,2026-08-11 09:46:20.296028316,6.109842606345388,-23.296936652071988,0.1101157903087288
diamond_harbour,Low,2026-08-11 17:51:00.258061014,2026-08-11 12:21:00.258061014,1.435980133210775,2026-08-11 17:32:34.133101620,1.5957016922283762,-18.43541598991835,0.15972155901760127
diamond_harbour,High,2026-08-11 22:33:19.470162942,2026-08-11 17:03:19.470162942,5.692081086125872,2026-08-11 22:11:41.564713068,5.786627199734448,-21.631757497915885,0.09454611360857651
diamond_harbour,Low,2026-08-12 06:06:32.174773326,2026-08-12 00:36:32.174773326,1.234623403934485,2026-08-12 05:44:52.415500608,1.4198267000697888,-21.662654545331517,0.18520329613530392
diamond_harbour,High,2026-08-12 10:47:41.629424364,2026-08-12 05:17:41.629424364,6.378237164871274,2026-08-12 10:25:16.006613904,6.46676006709057,-22.42704684104244,0.08852290221929572
diamond_harbour,Low,2026-08-12 18:41:22.276639968,2026-08-12 13:11:22.276639968,1.131055612277878,2026-08-12 18:22:50.641776156,1.2159858955904592,-18.52724773024162,0.08493028331258123
diamond_harbour,High,2026-08-12 23:11:40.506355974,2026-08-12 17:41:40.506355974,6.0611102070413665,2026-08-12 22:49:35.909851068,6.127238400023716,-22.07660841508912,0.06612819298234915
diamond_harbour,Low,2026-08-13 06:55:12.533718198,2026-08-13 01:25:12.533718198,0.983458641184546,2026-08-13 06:33:35.130838908,1.1539147835686494,-21.62338132148796,0.17045614238410348
diamond_harbour,High,2026-08-13 11:21:16.363451010,2026-08-13 05:51:16.363451010,6.596805411524434,2026-08-13 10:59:20.560389576,6.675627904369065,-21.930051023920825,0.07882249284463164
diamond_harbour,Low,2026-08-13 19:24:24.690970134,2026-08-13 13:54:24.690970134,0.9598320727840683,2026-08-13 19:04:47.848119012,0.9890021524154984,-19.614047518701696,0.029170079631430073
diamond_harbour,High,2026-08-13 23:44:55.075021278,2026-08-13 18:14:55.075021278,6.275312465772687,2026-08-13 23:22:43.053570252,6.35195784459529,-22.20035751705933,0.07664537882260344
diamond_harbour,Low,2026-08-14 07:35:50.419145388,2026-08-14 02:05:50.419145388,0.9095107664228694,2026-08-14 07:14:40.191849834,1.0381927644565105,-21.170454925945684,0.12868199803364105
diamond_harbour,High,2026-08-14 11:52:57.720265302,2026-08-14 06:22:57.720265302,6.6296933951339625,2026-08-14 11:30:47.164787052,6.737193918745202,-22.175924637540515,0.10750052361123932
diamond_harbour,Low,2026-08-14 20:00:08.523335652,2026-08-14 14:30:08.523335652,0.9122798398041224,2026-08-14 19:41:20.194752120,0.9427025796170934,-18.805476392215663,0.03042273981297099
diamond_harbour,High,2026-08-15 00:14:39.564223962,2026-08-14 18:44:39.564223962,6.349399639819053,2026-08-14 23:53:20.850292056,6.455670542818557,-21.31189886510896,0.10627090299950423
diamond_harbour,Low,2026-08-15 08:10:08.708948532,2026-08-15 02:40:08.708948532,0.9396929634935499,2026-08-15 07:50:25.044462126,1.0753804513934142,-19.727741440140083,0.13568748789986426
diamond_harbour,High,2026-08-15 12:23:07.862839884,2026-08-15 06:53:07.862839884,6.533749132350949,2026-08-15 12:01:36.300852198,6.664146383480959,-21.52603312805234,0.13039725113000938
diamond_harbour,Low,2026-08-15 20:31:56.293281054,2026-08-15 15:01:56.293281054,0.9737103355647285,2026-08-15 20:13:24.251793978,1.0523279753280814,-18.5340247845671,0.07861763976335295
diamond_harbour,High,2026-08-16 00:45:17.392731036,2026-08-15 19:15:17.392731036,6.279746763849946,2026-08-16 00:23:48.914284512,6.43567278721922,-21.47464077535618,0.15592602336927344
diamond_harbour,Low,2026-08-16 08:42:31.604378135,2026-08-16 03:12:31.604378135,1.0272964990612543,2026-08-16 08:21:29.715975732,1.22806892503033,-21.03147337338438,0.20077242596907574
diamond_harbour,High,2026-08-16 12:57:33.929864706,2026-08-16 07:27:33.929864706,6.26918591510985,2026-08-16 12:33:32.744172378,6.4668318768379205,-24.019761538833784,0.1976459617280699
diamond_harbour,Low,2026-08-16 21:01:51.881421672,2026-08-16 15:31:51.881421672,1.063670186496303,2026-08-16 20:40:44.178144330,1.2571021052410243,-21.128387955650954,0.19343191874472138
diamond_harbour,High,2026-08-17 01:21:05.339850726,2026-08-16 19:51:05.339850726,6.071579549656587,2026-08-17 00:56:09.242138436,6.2868911779300785,-24.934961871545216,0.21531162827349148
diamond_harbour,Low,2026-08-17 09:11:43.932447042,2026-08-17 03:41:43.932447042,1.1636374193889414,2026-08-17 08:47:47.274960066,1.4407952466780014,-23.944291449564112,0.27715782728905997
diamond_harbour,High,2026-08-17 13:35:48.897962538,2026-08-17 08:05:48.897962538,5.938763386872173,2026-08-17 13:08:04.306017666,6.154624903623498,-27.743199081232273,0.2158615167513251
diamond_harbour,Low,2026-08-17 21:27:52.172174346,2026-08-17 15:57:52.172174346,1.2121261033180817,2026-08-17 21:02:38.125900404,1.4857373951846362,-25.234104565673157,0.27361129186655453
diamond_harbour,High,2026-08-18 01:58:28.881551148,2026-08-17 20:28:28.881551148,5.777404953635025,2026-08-18 01:32:17.111142906,6.012092907559715,-26.196173470709503,0.23468795392469072
diamond_harbour,Low,2026-08-18 09:35:42.264824988,2026-08-18 04:05:42.264824988,1.397750384267009,2026-08-18 09:10:15.313704750,1.6676151439562337,-25.449185337296797,0.2698647596892247
diamond_harbour,High,2026-08-18 14:14:10.971204264,2026-08-18 08:44:10.971204264,5.545908624377324,2026-08-18 13:46:58.681917684,5.745535448889648,-27.20482144297683,0.19962682451232466
diamond_harbour,Low,2026-08-18 21:48:32.892015012,2026-08-18 16:18:32.892015012,1.4615614238367978,2026-08-18 21:21:16.249827042,1.6951762510566164,-27.277369799540743,0.23361482721981855
diamond_harbour,High,2026-08-19 02:39:42.980766708,2026-08-18 21:09:42.980766708,5.472754789941779,2026-08-19 02:14:58.811664834,5.634731406088568,-24.736151697868138,0.16197661614678852
diamond_harbour,Low,2026-08-19 09:58:06.827543214,2026-08-19 04:28:06.827543214,1.725030201226628,2026-08-19 09:34:02.310152340,1.9030276925653196,-24.075289847909776,0.17799749133869136
diamond_harbour,High,2026-08-19 14:55:19.017126330,2026-08-19 09:25:19.017126330,5.221437285888831,2026-08-19 14:33:36.124217214,5.2732000655170435,-21.714881818639775,0.05176277962821302
diamond_harbour,Low,2026-08-19 22:09:09.153688032,2026-08-19 16:39:09.153688032,1.749311403576597,2026-08-19 21:44:23.734445160,1.9072886091573134,-24.756987381204773,0.15797720558071626
diamond_harbour,High,2026-08-20 03:23:47.170498404,2026-08-19 21:53:47.170498404,5.1781636005095715,2026-08-20 03:07:43.868934726,5.202404045590405,-16.055026061258907,0.02424044508083365
diamond_harbour,Low,2026-08-20 10:22:39.033710154,2026-08-20 04:52:39.033710154,2.088602502653965,2026-08-20 10:05:15.274738830,2.1736877553079856,-17.395982855366032,0.08508525265402068
diamond_harbour,High,2026-08-20 15:37:13.332159792,2026-08-20 10:07:13.332159792,4.851905683116091,2026-08-20 15:31:28.044234534,4.785038259147037,-5.754798754282137,-0.06686742396905358
diamond_harbour,Low,2026-08-20 22:37:49.013084142,2026-08-20 17:07:49.013084142,2.0948729599015015,2026-08-20 22:17:10.769488500,2.1664863334783884,-20.637393260690008,0.07161337357688688
diamond_harbour,High,2026-08-21 04:07:12.761019480,2026-08-20 22:37:12.761019480,4.8308549031659345,2026-08-21 04:10:19.894418790,4.773082643782309,3.1188899885459547,-0.05777225938362583
diamond_harbour,Low,2026-08-21 10:58:02.417683638,2026-08-21 05:28:02.417683638,2.5246691369792633,2026-08-21 10:47:07.080421116,2.479546770907688,-10.92228770867139,-0.045122366071575264
diamond_harbour,High,2026-08-21 16:26:40.416252090,2026-08-21 10:56:40.416252090,4.440878726100412,2026-08-21 16:41:24.067255416,4.3330527885220285,14.727516722055503,-0.10782593757838352
diamond_harbour,Low,2026-08-21 23:22:02.029234734,2026-08-21 17:52:02.029234734,2.45388623087133,2026-08-21 23:03:09.660237912,2.4657405278670588,-18.87281661365452,0.011854296995729135
diamond_harbour,High,2026-08-22 05:24:20.505732180,2026-08-21 23:54:20.505732180,4.530937971822124,2026-08-22 05:38:19.603270500,4.434420498760113,13.984958971999665,-0.09651747306201129
diamond_harbour,Low,2026-08-22 12:07:38.786316198,2026-08-22 06:37:38.786316198,2.756268583739287,2026-08-22 11:45:20.551472280,2.755840374116022,-22.303914065282996,-0.0004282096232652571
diamond_harbour,High,2026-08-22 18:12:57.690071982,2026-08-22 12:42:57.690071982,4.1859935987562364,2026-08-22 18:29:20.575023642,4.061334865503127,16.381415860996597,-0.1246587332531088
diamond_harbour,Low,2026-08-23 00:39:04.554274326,2026-08-22 19:09:04.554274326,2.619189361653213,2026-08-23 00:14:42.099032706,2.704833898249457,-24.37425402703452,0.08564453659624373
diamond_harbour,High,2026-08-23 07:28:14.426953818,2026-08-23 01:58:14.426953818,4.5823719820710656,2026-08-23 07:37:01.307870190,4.494729552021873,8.781348606243975,-0.0876424300491922
diamond_harbour,Low,2026-08-23 13:43:08.125753146,2026-08-23 08:13:08.125753146,2.7077827292565346,2026-08-23 13:20:28.242961716,2.8445576746835943,-22.664713190499164,0.1367749454270598
diamond_harbour,High,2026-08-23 20:00:48.941817318,2026-08-23 14:30:48.941817318,4.3830609403543255,2026-08-23 20:09:45.232635702,4.250804430166598,8.938180306392242,-0.13225651018772738
diamond_harbour,Low,2026-08-24 02:44:43.352221068,2026-08-23 21:14:43.352221068,2.4545446852678907,2026-08-24 02:23:21.768768846,2.6410768932788216,-21.35972420365163,0.186532208010931
diamond_harbour,High,2026-08-24 08:43:10.274500266,2026-08-24 03:13:10.274500266,4.992588647336286,2026-08-24 08:42:52.873901250,4.90342959528929,-0.29000998356872953,-0.08915905204699617
diamond_harbour,Low,2026-08-24 16:01:30.271276284,2026-08-24 10:31:30.271276284,2.31077433649056,2026-08-24 15:51:51.754933596,2.554854667679353,-9.641939044844628,0.2440803311887929
diamond_harbour,High,2026-08-24 21:14:01.935164010,2026-08-24 15:44:01.935164010,4.8069597332114675,2026-08-24 21:07:03.067877778,4.688373171858562,-6.98112143719771,-0.11858656135290477
diamond_harbour,Low,2026-08-25 04:11:54.646366446,2026-08-24 22:41:54.646366446,2.0646343570793197,2026-08-25 03:53:21.427949790,2.320281534030466,-18.55364027756144,0.2556471769511462
diamond_harbour,High,2026-08-25 09:40:49.076458494,2026-08-25 04:10:49.076458494,5.426256936406339,2026-08-25 09:25:25.365200394,5.381145282174071,-15.395187635012396,-0.0451116542322677
diamond_harbour,Low,2026-08-25 17:06:37.071431129,2026-08-25 11:36:37.071431129,1.942149619461559,2026-08-25 16:52:20.352561858,2.1708784996617787,-14.278647821206736,0.2287288802002196
diamond_harbour,High,2026-08-25 22:03:29.671558794,2026-08-25 16:33:29.671558794,5.212980307777018,2026-08-25 21:46:45.566896524,5.17288730262087,-16.735077704464324,-0.040093005156148234
diamond_harbour,Low,2026-08-26 05:16:08.110864854,2026-08-25 23:46:08.110864854,1.730207733713098,2026-08-26 04:55:44.146106406,1.9650614053420246,-20.39941264078944,0.23485367162892645
diamond_harbour,High,2026-08-26 10:19:22.078968762,2026-08-26 04:49:22.078968762,5.804128762727349,2026-08-26 09:59:16.721456274,5.825457740537049,-20.08929187479692,0.021328977809699647
diamond_harbour,Low,2026-08-26 17:55:39.377701182,2026-08-26 12:25:39.377701182,1.601699513097619,2026-08-26 17:36:50.190442464,1.8001872892842838,-18.81978764531555,0.1984877761866648
diamond_harbour,High,2026-08-26 22:37:59.532968328,2026-08-26 17:07:59.532968328,5.5987780369779445,2026-08-26 22:18:15.007381380,5.621584315781653,-19.74209311584803,0.022806278803708384
diamond_harbour,Low,2026-08-27 06:03:19.594654752,2026-08-27 00:33:19.594654752,1.4209046611744236,2026-08-27 05:43:25.576834158,1.6307940687589844,-19.90029700988711,0.20988940758456076
diamond_harbour,High,2026-08-27 10:47:56.194575558,2026-08-27 05:17:56.194575558,6.168938809850085,2026-08-27 10:27:40.179734100,6.18496202186343,-20.266914024311173,0.016023212013345205
diamond_harbour,Low,2026-08-27 18:34:12.727062192,2026-08-27 13:04:12.727062192,1.305162280590897,2026-08-27 18:14:38.066922936,1.4793745241433647,-19.57766898761978,0.17421224355246787
diamond_harbour,High,2026-08-27 23:05:18.843299628,2026-08-27 17:35:18.843299628,5.969455470574338,2026-08-27 22:43:47.676979524,5.9963304494869245,-21.51943866843509,0.026874978912587083
diamond_harbour,Low,2026-08-28 06:43:06.893977800,2026-08-28 01:13:06.893977800,1.1911432445863825,2026-08-28 06:23:21.502138098,1.3655751826539322,-19.756530661709636,0.17443193806754975
diamond_harbour,High,2026-08-28 11:11:57.927008424,2026-08-28 05:41:57.927008424,6.421133217118158,2026-08-28 10:51:13.589622810,6.443346184479992,-20.738956426907595,0.02221296736183368
diamond_harbour,Low,2026-08-28 19:08:33.668465039,2026-08-28 13:38:33.668465039,1.1109683281313651,2026-08-28 18:49:00.717631014,1.2406632873559091,-19.549180567101544,0.1296949592245439
diamond_harbour,High,2026-08-28 23:26:58.448270208,2026-08-28 17:56:58.448270208,6.275816389008844,2026-08-28 23:04:54.838811598,6.295953750787929,-22.06015764354215,0.020137361779085268
diamond_harbour,Low,2026-08-29 07:17:53.312203206,2026-08-29 01:47:53.312203206,1.0358973535226843,2026-08-29 06:59:13.444526520,1.2017273474273973,-18.664461278125394,0.16582999390471292
diamond_harbour,High,2026-08-29 11:29:51.609833706,2026-08-29 05:59:51.609833706,6.590932313066044,2026-08-29 11:12:17.090824476,6.612629662859535,-17.575316820505623,0.02169734979349152
diamond_harbour,Low,2026-08-29 19:38:30.193239798,2026-08-29 14:08:30.193239798,1.005832889686267,2026-08-29 19:21:06.953667384,1.1069437453148054,-17.38732620692084,0.10111085562853843
diamond_harbour,High,2026-08-29 23:44:59.210553540,2026-08-29 18:14:59.210553540,6.5203429641053905,2026-08-29 23:26:06.724808592,6.53107882611415,-18.874762415758134,0.010735862008760018
diamond_harbour,Low,2026-08-30 07:49:22.206667668,2026-08-30 02:19:22.206667668,0.9865812185308767,2026-08-30 07:32:28.552467210,1.1498880185022646,-16.89423667427115,0.16330679997138797
diamond_harbour,High,2026-08-30 11:52:40.125672930,2026-08-30 06:22:40.125672930,6.643506204038683,2026-08-30 11:35:36.469285272,6.6964348469435,-17.060939794307462,0.052928642904816914
diamond_harbour,Low,2026-08-30 20:08:48.080306609,2026-08-30 14:38:48.080306609,0.9776780982447538,2026-08-30 19:51:14.772370350,1.0829003297203428,-17.555132270951795,0.10522223147558891
diamond_harbour,High,2026-08-31 00:10:02.475132012,2026-08-30 18:40:02.475132012,6.575293358127399,2026-08-30 23:51:34.527348678,6.6800790985521825,-18.46579638886979,0.10478574042478331
diamond_harbour,Low,2026-08-31 08:22:02.301771636,2026-08-31 02:52:02.301771636,1.0072831409665568,2026-08-31 08:03:37.920373530,1.1992452979626538,-18.40635663508004,0.19196215699609706
diamond_harbour,High,2026-08-31 12:23:05.090766360,2026-08-31 06:53:05.090766360,6.52041288091943,2026-08-31 12:03:46.969362450,6.665896662047088,-19.302023398492427,0.14548378112765809
diamond_harbour,Low,2026-08-31 20:39:02.904448140,2026-08-31 15:09:02.904448140,1.0085389703264895,2026-08-31 20:19:22.250570364,1.1528415584489924,-19.677564629626875,0.14430258812250282
diamond_harbour,High,2026-09-01 00:44:42.275003424,2026-08-31 19:14:42.275003424,6.5265220692484585,2026-09-01 00:22:19.978827438,6.691877034012605,-22.371602933137602,0.16535496476414693
diamond_harbour,Low,2026-09-01 08:54:39.283139172,2026-09-01 03:24:39.283139172,1.1461489944912122,2026-09-01 08:32:57.566119992,1.3265355172643234,-21.695283652977377,0.1803865227731112
diamond_harbour,High,2026-09-01 13:03:33.759611597,2026-09-01 07:33:33.759611597,6.300830445395847,2026-09-01 12:37:16.422090113,6.483901720862897,-26.28895869135875,0.18307127546704985
diamond_harbour,Low,2026-09-01 21:09:14.879980086,2026-09-01 15:39:14.879980086,1.1118009176807422,2026-09-01 20:45:35.314444344,1.2904960357958941,-23.65942559565259,0.17869511811515187
diamond_harbour,High,2026-09-02 01:25:57.266910522,2026-09-01 19:55:57.266910522,6.348079174671529,2026-09-02 00:58:45.811430148,6.522295062444898,-27.190924672944885,0.17421588777336877
diamond_harbour,Low,2026-09-02 09:26:37.603542894,2026-09-02 03:56:37.603542894,1.3372841142728866,2026-09-02 09:01:10.889006316,1.5120190968222382,-25.44524227632683,0.17473498254935158
diamond_harbour,High,2026-09-02 13:46:12.274138523,2026-09-02 08:16:12.274138523,5.990843465175938,2026-09-02 13:16:55.876786020,6.135404750749428,-29.273289208377424,0.1445612855734909
diamond_harbour,Low,2026-09-02 21:38:02.005416204,2026-09-02 16:08:02.005416204,1.3220707468724207,2026-09-02 21:11:08.751595752,1.4786524527551776,-26.88756367416505,0.15658170588275705
diamond_harbour,High,2026-09-03 02:12:06.143478378,2026-09-02 20:42:06.143478378,6.016623716883124,2026-09-03 01:42:32.221534164,6.16473432232518,-29.565365736887923,0.14811060544205612
diamond_harbour,Low,2026-09-03 09:57:12.862402164,2026-09-03 04:27:12.862402164,1.64384469708302,2026-09-03 09:30:42.544685904,1.7538265614841966,-26.505295270977392,0.10998186440117645
diamond_harbour,High,2026-09-03 14:34:15.216271938,2026-09-03 09:04:15.216271938,5.540437681101689,2026-09-03 14:05:35.384267364,5.645634615221282,-28.663866742900222,0.10519693411959392
diamond_harbour,Low,2026-09-03 22:06:25.947382470,2026-09-03 16:36:25.947382470,1.6202350472766975,2026-09-03 21:39:56.400761028,1.724967623176821,-26.49244369069022,0.1047325759001235
diamond_harbour,High,2026-09-04 03:03:52.630603182,2026-09-03 21:33:52.630603182,5.5629567870148815,2026-09-04 02:37:27.660280998,5.669753838234321,-26.416172036370135,0.10679705121943925
diamond_harbour,Low,2026-09-04 10:27:46.773656496,2026-09-04 04:57:46.773656496,2.0026009397907814,2026-09-04 10:06:39.541281042,2.063475820568114,-21.120539590893053,0.060874880777332274
diamond_harbour,High,2026-09-04 15:28:25.008910507,2026-09-04 09:58:25.008910507,5.115609198600992,2026-09-04 15:08:42.834035419,5.087583486967009,-19.702914584820157,-0.028025711633982143
diamond_harbour,Low,2026-09-04 22:41:07.934467782,2026-09-04 17:11:07.934467782,1.950557868040288,2026-09-04 22:18:24.710967738,2.0463851593164346,-22.720391667385428,0.09582729127614671
diamond_harbour,High,2026-09-05 04:00:45.519142044,2026-09-04 22:30:45.519142044,5.164877215163956,2026-09-05 03:47:14.886225162,5.139930526055254,-13.510548614658948,-0.024946689108701427
diamond_harbour,Low,2026-09-05 11:10:52.863036300,2026-09-05 05:40:52.863036300,2.417695454344608,2026-09-05 10:56:58.289908056,2.4246685902499543,-13.90955213738054,0.006973135905346474
diamond_harbour,High,2026-09-05 16:27:41.003779230,2026-09-05 10:57:41.003779230,4.681724814800189,2026-09-05 16:32:41.712338928,4.570195571659657,5.0118093283044685,-0.1115292431405314
diamond_harbour,Low,2026-09-05 23:39:17.929109640,2026-09-05 18:09:17.929109640,2.320825340000813,2026-09-05 23:17:06.854474496,2.4084127836087466,-22.18457725241715,0.08758744360793354
diamond_harbour,High,2026-09-06 05:28:34.290982830,2026-09-05 23:58:34.290982830,4.814109273196146,2026-09-06 05:35:31.042130136,4.739340211492224,6.945852455062574,-0.07476906170392227
diamond_harbour,Low,2026-09-06 12:56:08.071646754,2026-09-06 07:26:08.071646754,2.6392475941791336,2026-09-06 12:40:22.249235352,2.6982008992557303,-15.763706856660619,0.058953305076596796
diamond_harbour,High,2026-09-06 18:50:18.914510209,2026-09-06 13:20:18.914510209,4.544813817123125,2026-09-06 18:59:51.313860690,4.416839871775446,9.5399891747298,-0.12797394534767917
diamond_harbour,Low,2026-09-07 02:18:11.873519586,2026-09-06 20:48:11.873519586,2.332102994695694,2026-09-07 01:57:07.208291820,2.5224927279115668,-21.077753796096523,0.1903897332158727
diamond_harbour,High,2026-09-07 07:59:32.668298004,2026-09-07 02:29:32.668298004,5.089068840101217,2026-09-07 07:53:30.219539466,5.007347148123835,-6.040812642270181,-0.08172169197738226
diamond_harbour,Low,2026-09-07 15:26:09.930166361,2026-09-07 09:56:09.930166361,2.09690444293295,2026-09-07 15:13:02.429643060,2.327149374370241,-13.125008721653938,0.23024493143729058
diamond_harbour,High,2026-09-07 20:37:05.915836812,2026-09-07 15:07:05.915836812,4.974195456101331,2026-09-07 20:27:43.962488022,4.8474381541559985,-9.365889146481699,-0.12675730194533258
diamond_harbour,Low,2026-09-08 03:54:28.457962194,2026-09-07 22:24:28.457962194,1.8704622986393806,2026-09-08 03:31:45.612302880,2.1078756714676126,-22.714094321929235,0.237413372828232
diamond_harbour,High,2026-09-08 09:16:38.027487696,2026-09-08 03:46:38.027487696,5.4983478181147785,2026-09-08 08:53:03.436821648,5.542510741425014,-23.57651110077251,0.04416292331023575
diamond_harbour,Low,2026-09-08 16:44:35.420450490,2026-09-08 11:14:35.420450490,1.6045806587780915,2026-09-08 16:24:09.823264794,1.7939394448265464,-20.426619761601454,0.18935878604845488
diamond_harbour,High,2026-09-08 21:43:17.915344013,2026-09-08 16:13:17.915344013,5.369514573044195,2026-09-08 21:20:43.722301986,5.396177741647186,-22.56988403384498,0.026663168602990794
diamond_harbour,Low,2026-09-09 05:04:21.053165088,2026-09-08 23:34:21.053165088,1.4534359329449777,2026-09-09 04:40:04.469241672,1.6356244970818734,-24.27639872360809,0.18218856413689571
diamond_harbour,High,2026-09-09 10:00:51.895612705,2026-09-09 04:30:51.895612705,5.927237170042155,2026-09-09 09:35:44.168870173,6.021692377734737,-25.128779042215466,0.09445520769258128
diamond_harbour,Low,2026-09-09 17:38:26.734028316,2026-09-09 12:08:26.734028316,1.1750997114351434,2026-09-09 17:19:08.302039956,1.3019739727613089,-19.30719980596752,0.12687426132616553
diamond_harbour,High,2026-09-09 22:23:30.942018666,2026-09-09 16:53:30.942018666,5.817594683094918,2026-09-09 22:01:04.661966904,5.890519277555528,-22.43800086270005,0.07292459446061034
diamond_harbour,Low,2026-09-10 05:55:49.112166768,2026-09-10 00:25:49.112166768,1.0767739363156454,2026-09-10 05:33:44.889729228,1.2204872959388093,-22.070373959036232,0.14371335962316384
diamond_harbour,High,2026-09-10 10:33:48.992625576,2026-09-10 05:03:48.992625576,6.27405929405049,2026-09-10 10:10:57.243867708,6.361493652705216,-22.862479297824045,0.08743435865472624
diamond_harbour,Low,2026-09-10 18:21:18.362685516,2026-09-10 12:51:18.362685516,0.9246339745089281,2026-09-10 18:03:47.713176162,0.9506777015439576,-17.510825155911125,0.02604372703502942
diamond_harbour,High,2026-09-10 22:54:42.489354834,2026-09-10 17:24:42.489354834,6.19138756005915,2026-09-10 22:34:07.362659958,6.26412966130596,-20.58544491464536,0.07274210124681
diamond_harbour,Low,2026-09-11 06:37:21.226792674,2026-09-11 01:07:21.226792674,0.8867128661807272,2026-09-11 06:17:28.805134668,0.9501377858502519,-19.87369430010181,0.06342491966952465
diamond_harbour,High,2026-09-11 11:03:20.481404172,2026-09-11 05:33:20.481404172,6.461319055821049,2026-09-11 10:41:41.507696340,6.54596920584708,-21.649561797231108,0.08465015002603121
diamond_harbour,Low,2026-09-11 18:59:56.933431692,2026-09-11 13:29:56.933431692,0.8015315067655377,2026-09-11 18:42:05.933518392,0.7908895933544118,-17.849998555031167,-0.010641913411125928
diamond_harbour,High,2026-09-11 23:23:16.955000886,2026-09-11 17:53:16.955000886,6.412624874016132,2026-09-11 23:02:27.766947354,6.497490916608138,-20.8198008922055,0.08486604259200616
diamond_harbour,Low,2026-09-12 07:14:50.352201180,2026-09-12 01:44:50.352201180,0.8282983016988659,2026-09-12 06:54:56.235785262,0.8615207971393137,-19.901940265291135,0.03322249544044784
diamond_harbour,High,2026-09-12 11:31:20.824724460,2026-09-12 06:01:20.824724460,6.491103300185922,2026-09-12 11:09:50.872423278,6.589513396935721,-21.499205019731228,0.09841009674979845
diamond_harbour,Low,2026-09-12 19:34:36.481508610,2026-09-12 14:04:36.481508610,0.8092886113310637,2026-09-12 19:15:45.202751862,0.8179087811363824,-18.85464594580585,0.008620169805318762
diamond_harbour,High,2026-09-12 23:49:19.632646788,2026-09-12 18:19:19.632646788,6.489165087803462,2026-09-12 23:28:28.064995242,6.5927095019756985,-20.85946085911143,0.10354441417223614
diamond_harbour,Low,2026-09-13 07:46:51.306264234,2026-09-13 02:16:51.306264234,0.8846415366079219,2026-09-13 07:27:36.226872690,0.9383608175139836,-19.251323192354043,0.053719280906061664
diamond_harbour,High,2026-09-13 11:58:01.390948032,2026-09-13 06:28:01.390948032,6.398980239111608,2026-09-13 11:37:09.954160890,6.510316075439529,-20.857279785655155,0.11133583632792074
diamond_harbour,Low,2026-09-13 20:03:03.962351664,2026-09-13 14:33:03.962351664,0.9021560479278103,2026-09-13 19:45:01.839852528,0.981868408976524,-18.03537498556356,0.07971236104871365
diamond_harbour,High,2026-09-14 00:15:25.363696566,2026-09-13 18:45:25.363696566,6.430583619698363,2026-09-13 23:54:23.211339468,6.553609419289588,-21.035872618342303,0.12302579959122448
diamond_harbour,Low,2026-09-14 08:14:39.757612086,2026-09-14 02:44:39.757612086,0.963039629694371,2026-09-14 07:55:38.126471430,1.1265936777837409,-19.0271856775803,0.16355404808936988
diamond_harbour,High,2026-09-14 12:28:59.634076332,2026-09-14 06:58:59.634076332,6.176939088991107,2026-09-14 12:05:05.314159248,6.317787962527931,-23.905331951438423,0.14084887353682427
diamond_harbour,Low,2026-09-14 20:29:49.605614934,2026-09-14 14:59:49.605614934,1.013727775580353,2026-09-14 20:09:17.791670694,1.2079816499280305,-20.530232403953484,0.19425387434767738
diamond_harbour,High,2026-09-15 00:45:28.238295036,2026-09-14 19:15:28.238295036,6.201648371297128,2026-09-15 00:21:50.544762840,6.381087016935517,-23.62822553658239,0.1794386456383894
diamond_harbour,Low,2026-09-15 08:40:10.043413866,2026-09-15 03:10:10.043413866,1.1406694690322636,2026-09-15 08:18:44.214892002,1.3579639910062267,-21.43047536443264,0.2172945219739631
diamond_harbour,High,2026-09-15 13:01:50.169154818,2026-09-15 07:31:50.169154818,5.856291512205928,2026-09-15 12:34:36.510607074,6.017316749427887,-27.227642462448763,0.16102523722195877
diamond_harbour,Low,2026-09-15 20:52:35.209987068,2026-09-15 15:22:35.209987068,1.1635030071204575,2026-09-15 20:28:10.337287080,1.4260914540466805,-24.41454499983498,0.2625884469262231
diamond_harbour,High,2026-09-16 01:18:06.646987182,2026-09-15 19:48:06.646987182,5.904476850475831,2026-09-16 00:51:55.735702230,6.082301697501207,-26.18185474920628,0.17782484702537588
diamond_harbour,Low,2026-09-16 09:02:25.311389424,2026-09-16 03:32:25.311389424,1.327755958264786,2026-09-16 08:38:28.494484158,1.5843914644918347,-23.94694842110495,0.25663550622704867
diamond_harbour,High,2026-09-16 13:33:49.209390048,2026-09-16 08:03:49.209390048,5.49309512733943,2026-09-16 13:06:40.632154068,5.621947155177906,-27.142953932982902,0.12885202783847577
diamond_harbour,Low,2026-09-16 21:12:27.741008520,2026-09-16 15:42:27.741008520,1.3718299057521333,2026-09-16 20:45:26.398173132,1.6151567297043004,-27.022380589800832,0.24332682395216718
diamond_harbour,High,2026-09-17 01:52:22.908411648,2026-09-16 20:22:22.908411648,5.528619961421757,2026-09-17 01:26:06.914851788,5.679628180295386,-26.266559330985825,0.15100821887362856
diamond_harbour,Low,2026-09-17 09:24:31.992408534,2026-09-17 03:54:31.992408534,1.6324043679926754,2026-09-17 09:00:42.174668484,1.8125626239473673,-23.830295667484474,0.18015825595469187
diamond_harbour,High,2026-09-17 14:07:12.966602874,2026-09-17 08:37:12.966602874,5.17122544364197,2026-09-17 13:43:23.314358106,5.158658431839066,-23.827537412753713,-0.012567011802903793
diamond_harbour,Low,2026-09-17 21:35:17.013597234,2026-09-17 16:05:17.013597234,1.6678021803704004,2026-09-17 21:08:19.445831790,1.822950146032749,-26.959462757357016,0.15514796566234862
diamond_harbour,High,2026-09-18 02:30:32.880659610,2026-09-17 21:00:32.880659610,5.199266542289088,2026-09-18 02:08:04.643799132,5.2117601226292924,-22.470614341339875,0.012493580340204213
diamond_harbour,Low,2026-09-18 09:49:15.561018636,2026-09-18 04:19:15.561018636,2.000168589757398,2026-09-18 09:30:30.640087776,2.08006651276133,-18.748682180977973,0.07989792300393164
diamond_harbour,High,2026-09-18 14:41:53.975979108,2026-09-18 09:11:53.975979108,4.79524622820082,2026-09-18 14:32:11.651296722,4.667646509138034,-9.705411373059807,-0.1275997190627857
diamond_harbour,Low,2026-09-18 21:59:39.389991978,2026-09-18 16:29:39.389991978,2.034129218928433,2026-09-18 21:39:50.165927904,2.0981890559418774,-19.820401067872073,0.06405983701344445
diamond_harbour,High,2026-09-19 03:11:22.268315442,2026-09-18 21:41:22.268315442,4.850960035999913,2026-09-19 03:07:02.504695830,4.732764146617384,-4.32939366021954,-0.1181958893825287
diamond_harbour,Low,2026-09-19 10:17:52.252296660,2026-09-19 04:47:52.252296660,2.3891921774707567,2026-09-19 10:10:15.630768216,2.391956689142547,-7.61035880735767,0.0027645116717903624
diamond_harbour,High,2026-09-19 15:41:30.309556596,2026-09-19 10:11:30.309556596,4.350614384340432,2026-09-19 15:53:37.087878918,4.211593462904178,12.112972038720072,-0.13902092143625344
diamond_harbour,Low,2026-09-19 22:37:23.206251516,2026-09-19 17:07:23.206251516,2.450941042861841,2026-09-19 22:23:05.715682182,2.433688922664258,-14.29150948893383,-0.017252120197582845
diamond_harbour,High,2026-09-20 04:27:07.846977072,2026-09-19 22:57:07.846977072,4.468680861631761,2026-09-20 04:41:33.697485174,4.326373688121083,14.430841801740275,-0.14230717351067773
diamond_harbour,Low,2026-09-20 11:21:31.346951682,2026-09-20 05:51:31.346951682,2.7263356056978507,2026-09-20 11:05:20.455003458,2.691957069575989,-16.18153247040622,-0.034378536121861786
diamond_harbour,High,2026-09-20 17:30:47.495312964,2026-09-20 12:00:47.495312964,4.08447278789511,2026-09-20 17:50:48.621005808,3.938869220573355,20.018761547448882,-0.14560356732175456
diamond_harbour,Low,2026-09-20 23:53:44.491781478,2026-09-20 18:23:44.491781478,2.728344837123674,2026-09-20 23:30:07.906828614,2.738515909544604,-23.609749214404367,0.010171072420930433
diamond_harbour,High,2026-09-21 06:46:19.154601660,2026-09-21 01:16:19.154601660,4.45136573090855,2026-09-21 06:57:10.146437988,4.307977948589258,10.849863938840661,-0.14338778231929156
diamond_harbour,Low,2026-09-21 12:57:16.103903010,2026-09-21 07:27:16.103903010,2.7811477117041816,2026-09-21 12:32:52.055727342,2.827955548269899,-24.400802927809806,0.046807836565717256
diamond_harbour,High,2026-09-21 19:23:25.019436384,2026-09-21 13:53:25.019436384,4.333877234953791,2026-09-21 19:36:24.274281492,4.148308503769937,12.98758075181544,-0.18556873118385364
diamond_harbour,Low,2026-09-22 02:00:07.412834111,2026-09-21 20:30:07.412834111,2.6315084218044436,2026-09-22 01:38:07.562013017,2.7498060073154997,-21.997513684937203,0.11829758551105625
diamond_harbour,High,2026-09-22 08:07:53.443227828,2026-09-22 02:37:53.443227828,4.886780929110518,2026-09-22 08:09:30.881406780,4.722181997733276,1.6239696491664652,-0.16459893137724166
diamond_harbour,Low,2026-09-22 15:28:45.093556866,2026-09-22 09:58:45.093556866,2.3529262733773892,2026-09-22 15:20:25.131862080,2.530096139611666,-8.33269491307377,0.17716986623427677
diamond_harbour,High,2026-09-22 20:41:16.798674456,2026-09-22 15:11:16.798674456,4.844018450507884,2026-09-22 20:35:57.760050612,4.649805067997433,-5.317310397351407,-0.19421338251044998
diamond_harbour,Low,2026-09-23 03:48:30.905936478,2026-09-22 22:18:30.905936478,2.196512607359666,2026-09-23 03:30:13.530019512,2.373158919591465,-18.289598616054956,0.176646312231799
diamond_harbour,High,2026-09-23 09:10:00.965635734,2026-09-23 03:40:00.965635734,5.319896629505681,2026-09-23 08:54:06.286417380,5.236814745654953,-15.911320305927344,-0.08308188385072884
diamond_harbour,Low,2026-09-23 16:34:48.910523226,2026-09-23 11:04:48.910523226,1.929885558325782,2026-09-23 16:19:29.052164958,2.085461347715907,-15.330972637815677,0.1555757893901252
diamond_harbour,High,2026-09-23 21:34:56.310461262,2026-09-23 16:04:56.310461262,5.283811148651313,2026-09-23 21:16:20.027375292,5.213162220163258,-18.604718099453528,-0.0706489284880546
diamond_harbour,Low,2026-09-24 04:54:22.161535650,2026-09-23 23:24:22.161535650,1.7832355802870006,2026-09-24 04:32:17.464571880,1.9416161071788758,-22.07828272948214,0.15838052689187523
diamond_harbour,High,2026-09-24 09:51:29.017150776,2026-09-24 04:21:29.017150776,5.712103980659634,2026-09-24 09:28:52.197619938,5.720695922188699,-22.61365884728648,0.008591941529064322
diamond_harbour,Low,2026-09-24 17:24:38.804582178,2026-09-24 11:54:38.804582178,1.5106996875945917,2026-09-24 17:05:01.985466954,1.6552603644044606,-19.61365192041969,0.1445606768098688
diamond_harbour,High,2026-09-24 22:09:00.125181888,2026-09-24 16:39:00.125181888,5.703036600555937,2026-09-24 21:48:09.504120384,5.741249202435531,-20.84368435838722,0.03821260187959362
diamond_harbour,Low,2026-09-25 05:39:41.470447398,2026-09-25 00:09:41.470447398,1.3788451923044311,2026-09-25 05:19:45.353426496,1.5356528765122002,-19.935283681657232,0.15680768420776897
diamond_harbour,High,2026-09-25 10:18:31.747612986,2026-09-25 04:48:31.747612986,6.0459807815521325,2026-09-25 09:57:58.753417632,6.109671418389471,-20.54990325594038,0.06369063683733839
diamond_harbour,Low,2026-09-25 18:02:58.772148858,2026-09-25 12:32:58.772148858,1.170512697602012,2026-09-25 17:44:34.279937346,1.2838751003428728,-18.40820352519644,0.11336240274086093
diamond_harbour,High,2026-09-25 22:34:30.000410436,2026-09-25 17:04:30.000410436,6.112402568767722,2026-09-25 22:14:15.027014760,6.184529113493469,-20.249556594559984,0.07212654472574667
diamond_harbour,Low,2026-09-26 06:19:22.794122286,2026-09-26 00:49:22.794122286,1.1087444803031192,2026-09-26 06:00:15.520816164,1.2087001591347706,-19.12122176865479,0.0999556788316513
diamond_harbour,High,2026-09-26 10:42:43.981819086,2026-09-26 05:12:43.981819086,6.319910934896269,2026-09-26 10:22:43.174899216,6.38018957522793,-20.01344866447382,0.06027864033166099
diamond_harbour,Low,2026-09-26 18:38:15.067072549,2026-09-26 13:08:15.067072549,0.9601833525935963,2026-09-26 18:20:43.953722965,1.015199918012931,-17.518555826437968,0.05501656541933466
diamond_harbour,High,2026-09-26 22:55:46.060193208,2026-09-26 17:25:46.060193208,6.468611885754734,2026-09-26 22:36:45.752222196,6.52750365492195,-19.005132850161402,0.0588917691672162
diamond_harbour,Low,2026-09-27 06:54:52.294861062,2026-09-27 01:24:52.294861062,0.9754480373126743,2026-09-27 06:37:02.407523226,1.0009972212940292,-17.83145563055561,0.02554918398135502
diamond_harbour,High,2026-09-27 11:04:15.447762732,2026-09-27 05:34:15.447762732,6.47907785150852,2026-09-27 10:45:45.023859738,6.537452569310861,-18.50706504992854,0.05837471780234047
diamond_harbour,Low,2026-09-27 19:12:26.155226682,2026-09-27 13:42:26.155226682,0.8517061970350149,2026-09-27 18:54:35.437058244,0.8789534339444754,-17.845302807279435,0.027247236909460494
diamond_harbour,High,2026-09-27 23:19:14.872213032,2026-09-27 17:49:14.872213032,6.68074110349814,2026-09-27 22:59:55.204932174,6.763254930952077,-19.32778801434348,0.08251382745393734
diamond_harbour,Low,2026-09-28 07:28:16.736341980,2026-09-28 01:58:16.736341980,0.9119319135715661,2026-09-28 07:11:24.128865294,0.9315626547563017,-16.87679127807434,0.019630741184735664
diamond_harbour,High,2026-09-28 11:28:52.952390220,2026-09-28 05:58:52.952390220,6.525757470966473,2026-09-28 11:11:07.132077456,6.581512005533439,-17.763671879409387,0.055754534566965074
diamond_harbour,Low,2026-09-28 19:44:55.659526050,2026-09-28 14:14:55.659526050,0.8220623754069569,2026-09-28 19:26:31.618262688,0.8796098265458036,-18.400687722721237,0.05754745113884665
diamond_harbour,High,2026-09-28 23:46:47.193409890,2026-09-28 18:16:47.193409890,6.751427234064631,2026-09-28 23:26:59.437876566,6.861949348181343,-19.795925555406992,0.11052211411671238
diamond_harbour,Low,2026-09-29 08:01:32.040175134,2026-09-29 02:31:32.040175134,0.9685845722333912,2026-09-29 07:43:52.865559186,0.995301678279133,-17.652910265786517,0.02671710604574179
diamond_harbour,High,2026-09-29 11:59:41.919229350,2026-09-29 06:29:41.919229350,6.403215786683048,2026-09-29 11:40:56.627977590,6.49023204530344,-18.754854196009852,0.08701625862039154
diamond_harbour,Low,2026-09-29 20:16:07.489615428,2026-09-29 14:46:07.489615428,0.9217280294141215,2026-09-29 19:56:38.311834482,0.9965659682678075,-19.486296349121112,0.07483793885368603
diamond_harbour,High,2026-09-30 00:20:23.266637052,2026-09-29 18:50:23.266637052,6.636155946362791,2026-09-29 23:58:53.793093792,6.7806787768120405,-21.491225720968075,0.14452283044924935
diamond_harbour,Low,2026-09-30 08:35:10.396494822,2026-09-30 03:05:10.396494822,1.0903959265415317,2026-09-30 08:14:50.034770286,1.1689406629536108,-20.33936207555132,0.07854473641207914
diamond_harbour,High,2026-09-30 12:41:09.678987774,2026-09-30 07:11:09.678987774,6.11963702266541,2026-09-30 12:15:56.606308920,6.23914238469895,-25.217877980949403,0.1195053620335405
diamond_harbour,Low,2026-09-30 20:48:44.014636710,2026-09-30 15:18:44.014636710,1.0841892497863659,2026-09-30 20:25:07.960998972,1.1971242935112025,-23.600893962330982,0.1129350437248366
