port,datetime_ist,datetime_utc,height_m
haldia,2026-07-01 00:00:00,2026-06-30 18:30:00,5.01340743
haldia,2026-07-01 01:00:00,2026-06-30 19:30:00,4.37526488
haldia,2026-07-01 02:00:00,2026-06-30 20:30:00,3.55821498
haldia,2026-07-01 03:00:00,2026-06-30 21:30:00,2.76758712
haldia,2026-07-01 04:00:00,2026-06-30 22:30:00,2.13580184
haldia,2026-07-01 05:00:00,2026-06-30 23:30:00,1.70153561
haldia,2026-07-01 06:00:00,2026-07-01 00:30:00,1.57801986
haldia,2026-07-01 07:00:00,2026-07-01 01:30:00,2.06629093
haldia,2026-07-01 08:00:00,2026-07-01 02:30:00,3.21616193
haldia,2026-07-01 09:00:00,2026-07-01 03:30:00,4.52842032
haldia,2026-07-01 10:00:00,2026-07-01 04:30:00,5.45947679
haldia,2026-07-01 11:00:00,2026-07-01 05:30:00,5.82403863
haldia,2026-07-01 12:00:00,2026-07-01 06:30:00,5.61910766
haldia,2026-07-01 13:00:00,2026-07-01 07:30:00,4.95118511
haldia,2026-07-01 14:00:00,2026-07-01 08:30:00,4.07519162
haldia,2026-07-01 15:00:00,2026-07-01 09:30:00,3.23316711
haldia,2026-07-01 16:00:00,2026-07-01 10:30:00,2.55284454
haldia,2026-07-01 17:00:00,2026-07-01 11:30:00,2.05553186
haldia,2026-07-01 18:00:00,2026-07-01 12:30:00,1.75756020
haldia,2026-07-01 19:00:00,2026-07-01 13:30:00,1.88642696
haldia,2026-07-01 20:00:00,2026-07-01 14:30:00,2.67060897
haldia,2026-07-01 21:00:00,2026-07-01 15:30:00,3.83223169
haldia,2026-07-01 22:00:00,2026-07-01 16:30:00,4.79592073
haldia,2026-07-01 23:00:00,2026-07-01 17:30:00,5.28251006
haldia,2026-07-02 00:00:00,2026-07-01 18:30:00,5.27442631
haldia,2026-07-02 01:00:00,2026-07-01 19:30:00,4.79171899
haldia,2026-07-02 02:00:00,2026-07-01 20:30:00,3.99618392
haldia,2026-07-02 03:00:00,2026-07-01 21:30:00,3.15687504
haldia,2026-07-02 04:00:00,2026-07-01 22:30:00,2.44506530
haldia,2026-07-02 05:00:00,2026-07-01 23:30:00,1.90393008
haldia,2026-07-02 06:00:00,2026-07-02 00:30:00,1.57440209
haldia,2026-07-02 07:00:00,2026-07-02 01:30:00,1.68286346
haldia,2026-07-02 08:00:00,2026-07-02 02:30:00,2.51390807
haldia,2026-07-02 09:00:00,2026-07-02 03:30:00,3.87516385
haldia,2026-07-02 10:00:00,2026-07-02 04:30:00,5.10203288
haldia,2026-07-02 11:00:00,2026-07-02 05:30:00,5.75390664
haldia,2026-07-02 12:00:00,2026-07-02 06:30:00,5.81217412
haldia,2026-07-02 13:00:00,2026-07-02 07:30:00,5.34691036
haldia,2026-07-02 14:00:00,2026-07-02 08:30:00,4.51412064
haldia,2026-07-02 15:00:00,2026-07-02 09:30:00,3.61438024
haldia,2026-07-02 16:00:00,2026-07-02 10:30:00,2.86189025
haldia,2026-07-02 17:00:00,2026-07-02 11:30:00,2.28720317
haldia,2026-07-02 18:00:00,2026-07-02 12:30:00,1.86563339
haldia,2026-07-02 19:00:00,2026-07-02 13:30:00,1.70988991
haldia,2026-07-02 20:00:00,2026-07-02 14:30:00,2.12658328
haldia,2026-07-02 21:00:00,2026-07-02 15:30:00,3.18800859
haldia,2026-07-02 22:00:00,2026-07-02 16:30:00,4.39000928
haldia,2026-07-02 23:00:00,2026-07-02 17:30:00,5.16558162
haldia,2026-07-03 00:00:00,2026-07-02 18:30:00,5.39173014
haldia,2026-07-03 01:00:00,2026-07-02 19:30:00,5.12850386
haldia,2026-07-03 02:00:00,2026-07-02 20:30:00,4.43862936
haldia,2026-07-03 03:00:00,2026-07-02 21:30:00,3.56320447
haldia,2026-07-03 04:00:00,2026-07-02 22:30:00,2.78609809
haldia,2026-07-03 05:00:00,2026-07-02 23:30:00,2.18756572
haldia,2026-07-03 06:00:00,2026-07-03 00:30:00,1.74630170
haldia,2026-07-03 07:00:00,2026-07-03 01:30:00,1.57658498
haldia,2026-07-03 08:00:00,2026-07-03 02:30:00,1.98653196
haldia,2026-07-03 09:00:00,2026-07-03 03:30:00,3.11999920
haldia,2026-07-03 10:00:00,2026-07-03 04:30:00,4.52670396
haldia,2026-07-03 11:00:00,2026-07-03 05:30:00,5.51639049
haldia,2026-07-03 12:00:00,2026-07-03 06:30:00,5.84834324
haldia,2026-07-03 13:00:00,2026-07-03 07:30:00,5.63104398
haldia,2026-07-03 14:00:00,2026-07-03 08:30:00,4.95581800
haldia,2026-07-03 15:00:00,2026-07-03 09:30:00,4.03085017
haldia,2026-07-03 16:00:00,2026-07-03 10:30:00,3.18513972
haldia,2026-07-03 17:00:00,2026-07-03 11:30:00,2.55092700
haldia,2026-07-03 18:00:00,2026-07-03 12:30:00,2.06363485
haldia,2026-07-03 19:00:00,2026-07-03 13:30:00,1.73279446
haldia,2026-07-03 20:00:00,2026-07-03 14:30:00,1.79275084
haldia,2026-07-03 21:00:00,2026-07-03 15:30:00,2.52403902
haldia,2026-07-03 22:00:00,2026-07-03 16:30:00,3.76180186
haldia,2026-07-03 23:00:00,2026-07-03 17:30:00,4.85861175
haldia,2026-07-04 00:00:00,2026-07-03 18:30:00,5.37501585
haldia,2026-07-04 01:00:00,2026-07-03 19:30:00,5.34436975
haldia,2026-07-04 02:00:00,2026-07-03 20:30:00,4.85911288
haldia,2026-07-04 03:00:00,2026-07-03 21:30:00,4.02889629
haldia,2026-07-04 04:00:00,2026-07-03 22:30:00,3.16327064
haldia,2026-07-04 05:00:00,2026-07-03 23:30:00,2.49919007
haldia,2026-07-04 06:00:00,2026-07-04 00:30:00,2.01200061
haldia,2026-07-04 07:00:00,2026-07-04 01:30:00,1.68711598
haldia,2026-07-04 08:00:00,2026-07-04 02:30:00,1.73864906
haldia,2026-07-04 09:00:00,2026-07-04 03:30:00,2.45478236
haldia,2026-07-04 10:00:00,2026-07-04 04:30:00,3.75692367
haldia,2026-07-04 11:00:00,2026-07-04 05:30:00,5.03284090
haldia,2026-07-04 12:00:00,2026-07-04 06:30:00,5.71632122
haldia,2026-07-04 13:00:00,2026-07-04 07:30:00,5.76757272
haldia,2026-07-04 14:00:00,2026-07-04 08:30:00,5.33516109
haldia,2026-07-04 15:00:00,2026-07-04 09:30:00,4.51436567
haldia,2026-07-04 16:00:00,2026-07-04 10:30:00,3.57758901
haldia,2026-07-04 17:00:00,2026-07-04 11:30:00,2.83382986
haldia,2026-07-04 18:00:00,2026-07-04 12:30:00,2.29902696
haldia,2026-07-04 19:00:00,2026-07-04 13:30:00,1.87865842
haldia,2026-07-04 20:00:00,2026-07-04 14:30:00,1.68694884
haldia,2026-07-04 21:00:00,2026-07-04 15:30:00,2.01939854
haldia,2026-07-04 22:00:00,2026-07-04 16:30:00,3.00949625
haldia,2026-07-04 23:00:00,2026-07-04 17:30:00,4.27153386
haldia,2026-07-05 00:00:00,2026-07-04 18:30:00,5.15937659
haldia,2026-07-05 01:00:00,2026-07-04 19:30:00,5.42305318
haldia,2026-07-05 02:00:00,2026-07-04 20:30:00,5.18800838
haldia,2026-07-05 03:00:00,2026-07-04 21:30:00,4.54195300
haldia,2026-07-05 04:00:00,2026-07-04 22:30:00,3.65411832
haldia,2026-07-05 05:00:00,2026-07-04 23:30:00,2.86537410
haldia,2026-07-05 06:00:00,2026-07-05 00:30:00,2.31813586
haldia,2026-07-05 07:00:00,2026-07-05 01:30:00,1.92594792
haldia,2026-07-05 08:00:00,2026-07-05 02:30:00,1.74570697
haldia,2026-07-05 09:00:00,2026-07-05 03:30:00,2.04214987
haldia,2026-07-05 10:00:00,2026-07-05 04:30:00,2.97703672
haldia,2026-07-05 11:00:00,2026-07-05 05:30:00,4.27349825
haldia,2026-07-05 12:00:00,2026-07-05 06:30:00,5.31176705
haldia,2026-07-05 13:00:00,2026-07-05 07:30:00,5.71874166
haldia,2026-07-05 14:00:00,2026-07-05 08:30:00,5.57058362
haldia,2026-07-05 15:00:00,2026-07-05 09:30:00,4.99045611
haldia,2026-07-05 16:00:00,2026-07-05 10:30:00,4.09867396
haldia,2026-07-05 17:00:00,2026-07-05 11:30:00,3.21594041
haldia,2026-07-05 18:00:00,2026-07-05 12:30:00,2.57230845
haldia,2026-07-05 19:00:00,2026-07-05 13:30:00,2.09524512
haldia,2026-07-05 20:00:00,2026-07-05 14:30:00,1.75268314
haldia,2026-07-05 21:00:00,2026-07-05 15:30:00,1.75753835
haldia,2026-07-05 22:00:00,2026-07-05 16:30:00,2.34819347
haldia,2026-07-05 23:00:00,2026-07-05 17:30:00,3.46423341
haldia,2026-07-06 00:00:00,2026-07-05 18:30:00,4.61685158
haldia,2026-07-06 01:00:00,2026-07-05 19:30:00,5.28108099
haldia,2026-07-06 02:00:00,2026-07-05 20:30:00,5.36318956
haldia,2026-07-06 03:00:00,2026-07-05 21:30:00,4.99662716
haldia,2026-07-06 04:00:00,2026-07-05 22:30:00,4.26187096
haldia,2026-07-06 05:00:00,2026-07-05 23:30:00,3.39151432
haldia,2026-07-06 06:00:00,2026-07-06 00:30:00,2.70451804
haldia,2026-07-06 07:00:00,2026-07-06 01:30:00,2.24405309
haldia,2026-07-06 08:00:00,2026-07-06 02:30:00,1.93420709
haldia,2026-07-06 09:00:00,2026-07-06 03:30:00,1.91282688
haldia,2026-07-06 10:00:00,2026-07-06 04:30:00,2.40347782
haldia,2026-07-06 11:00:00,2026-07-06 05:30:00,3.40746904
haldia,2026-07-06 12:00:00,2026-07-06 06:30:00,4.56399588
haldia,2026-07-06 13:00:00,2026-07-06 07:30:00,5.36171084
haldia,2026-07-06 14:00:00,2026-07-06 08:30:00,5.58357564
haldia,2026-07-06 15:00:00,2026-07-06 09:30:00,5.32221626
haldia,2026-07-06 16:00:00,2026-07-06 10:30:00,4.66547538
haldia,2026-07-06 17:00:00,2026-07-06 11:30:00,3.77713808
haldia,2026-07-06 18:00:00,2026-07-06 12:30:00,2.97610377
haldia,2026-07-06 19:00:00,2026-07-06 13:30:00,2.39336623
haldia,2026-07-06 20:00:00,2026-07-06 14:30:00,1.95049151
haldia,2026-07-06 21:00:00,2026-07-06 15:30:00,1.72281923
haldia,2026-07-06 22:00:00,2026-07-06 16:30:00,1.93285771
haldia,2026-07-06 23:00:00,2026-07-06 17:30:00,2.67784185
haldia,2026-07-07 00:00:00,2026-07-06 18:30:00,3.77281497
haldia,2026-07-07 01:00:00,2026-07-06 19:30:00,4.76492741
haldia,2026-07-07 02:00:00,2026-07-06 20:30:00,5.27267403
haldia,2026-07-07 03:00:00,2026-07-06 21:30:00,5.26585957
haldia,2026-07-07 04:00:00,2026-07-06 22:30:00,4.83954904
haldia,2026-07-07 05:00:00,2026-07-06 23:30:00,4.08878356
haldia,2026-07-07 06:00:00,2026-07-07 00:30:00,3.28556777
haldia,2026-07-07 07:00:00,2026-07-07 01:30:00,2.68336432
haldia,2026-07-07 08:00:00,2026-07-07 02:30:00,2.26773063
haldia,2026-07-07 09:00:00,2026-07-07 03:30:00,2.02808192
haldia,2026-07-07 10:00:00,2026-07-07 04:30:00,2.13411544
haldia,2026-07-07 11:00:00,2026-07-07 05:30:00,2.70260981
haldia,2026-07-07 12:00:00,2026-07-07 06:30:00,3.63398395
haldia,2026-07-07 13:00:00,2026-07-07 07:30:00,4.60713968
haldia,2026-07-07 14:00:00,2026-07-07 08:30:00,5.23909149
haldia,2026-07-07 15:00:00,2026-07-07 09:30:00,5.37892450
haldia,2026-07-07 16:00:00,2026-07-07 10:30:00,5.08297482
haldia,2026-07-07 17:00:00,2026-07-07 11:30:00,4.42378984
haldia,2026-07-07 18:00:00,2026-07-07 12:30:00,3.59249004
haldia,2026-07-07 19:00:00,2026-07-07 13:30:00,2.86011085
haldia,2026-07-07 20:00:00,2026-07-07 14:30:00,2.29858161
haldia,2026-07-07 21:00:00,2026-07-07 15:30:00,1.89783814
haldia,2026-07-07 22:00:00,2026-07-07 16:30:00,1.79987199
haldia,2026-07-07 23:00:00,2026-07-07 17:30:00,2.13878816
haldia,2026-07-08 00:00:00,2026-07-07 18:30:00,2.89255826
haldia,2026-07-08 01:00:00,2026-07-07 19:30:00,3.88126611
haldia,2026-07-08 02:00:00,2026-07-07 20:30:00,4.75169930
haldia,2026-07-08 03:00:00,2026-07-07 21:30:00,5.20046977
haldia,2026-07-08 04:00:00,2026-07-07 22:30:00,5.18570583
haldia,2026-07-08 05:00:00,2026-07-07 23:30:00,4.76822988
haldia,2026-07-08 06:00:00,2026-07-08 00:30:00,4.06525195
haldia,2026-07-08 07:00:00,2026-07-08 01:30:00,3.34217095
haldia,2026-07-08 08:00:00,2026-07-08 02:30:00,2.78024622
haldia,2026-07-08 09:00:00,2026-07-08 03:30:00,2.36993823
haldia,2026-07-08 10:00:00,2026-07-08 04:30:00,2.17322770
haldia,2026-07-08 11:00:00,2026-07-08 05:30:00,2.32555501
haldia,2026-07-08 12:00:00,2026-07-08 06:30:00,2.84185744
haldia,2026-07-08 13:00:00,2026-07-08 07:30:00,3.62550568
haldia,2026-07-08 14:00:00,2026-07-08 08:30:00,4.45414772
haldia,2026-07-08 15:00:00,2026-07-08 09:30:00,5.01901690
haldia,2026-07-08 16:00:00,2026-07-08 10:30:00,5.16498222
haldia,2026-07-08 17:00:00,2026-07-08 11:30:00,4.90760557
haldia,2026-07-08 18:00:00,2026-07-08 12:30:00,4.31021322
haldia,2026-07-08 19:00:00,2026-07-08 13:30:00,3.55468007
haldia,2026-07-08 20:00:00,2026-07-08 14:30:00,2.86025155
haldia,2026-07-08 21:00:00,2026-07-08 15:30:00,2.30369751
haldia,2026-07-08 22:00:00,2026-07-08 16:30:00,1.95343996
haldia,2026-07-08 23:00:00,2026-07-08 17:30:00,1.93488011
haldia,2026-07-09 00:00:00,2026-07-08 18:30:00,2.27151976
haldia,2026-07-09 01:00:00,2026-07-08 19:30:00,2.92647237
haldia,2026-07-09 02:00:00,2026-07-08 20:30:00,3.81163560
haldia,2026-07-09 03:00:00,2026-07-08 21:30:00,4.64073487
haldia,2026-07-09 04:00:00,2026-07-08 22:30:00,5.11388664
haldia,2026-07-09 05:00:00,2026-07-08 23:30:00,5.15925328
haldia,2026-07-09 06:00:00,2026-07-09 00:30:00,4.81656251
haldia,2026-07-09 07:00:00,2026-07-09 01:30:00,4.19847351
haldia,2026-07-09 08:00:00,2026-07-09 02:30:00,3.53033143
haldia,2026-07-09 09:00:00,2026-07-09 03:30:00,2.95624592
haldia,2026-07-09 10:00:00,2026-07-09 04:30:00,2.51745882
haldia,2026-07-09 11:00:00,2026-07-09 05:30:00,2.31510654
haldia,2026-07-09 12:00:00,2026-07-09 06:30:00,2.41475413
haldia,2026-07-09 13:00:00,2026-07-09 07:30:00,2.79106127
haldia,2026-07-09 14:00:00,2026-07-09 08:30:00,3.42793061
haldia,2026-07-09 15:00:00,2026-07-09 09:30:00,4.18674885
haldia,2026-07-09 16:00:00,2026-07-09 10:30:00,4.76999929
haldia,2026-07-09 17:00:00,2026-07-09 11:30:00,4.99433974
haldia,2026-07-09 18:00:00,2026-07-09 12:30:00,4.83873498
haldia,2026-07-09 19:00:00,2026-07-09 13:30:00,4.33894803
haldia,2026-07-09 20:00:00,2026-07-09 14:30:00,3.64858512
haldia,2026-07-09 21:00:00,2026-07-09 15:30:00,2.96694418
haldia,2026-07-09 22:00:00,2026-07-09 16:30:00,2.40934735
haldia,2026-07-09 23:00:00,2026-07-09 17:30:00,2.07948736
haldia,2026-07-10 00:00:00,2026-07-09 18:30:00,2.03913123
haldia,2026-07-10 01:00:00,2026-07-09 19:30:00,2.26211919
haldia,2026-07-10 02:00:00,2026-07-09 20:30:00,2.79103920
haldia,2026-07-10 03:00:00,2026-07-09 21:30:00,3.62696128
haldia,2026-07-10 04:00:00,2026-07-09 22:30:00,4.48710016
haldia,2026-07-10 05:00:00,2026-07-09 23:30:00,5.04963877
haldia,2026-07-10 06:00:00,2026-07-10 00:30:00,5.21879966
haldia,2026-07-10 07:00:00,2026-07-10 01:30:00,4.99537498
haldia,2026-07-10 08:00:00,2026-07-10 02:30:00,4.45442070
haldia,2026-07-10 09:00:00,2026-07-10 03:30:00,3.79091838
haldia,2026-07-10 10:00:00,2026-07-10 04:30:00,3.16136974
haldia,2026-07-10 11:00:00,2026-07-10 05:30:00,2.66566277
haldia,2026-07-10 12:00:00,2026-07-10 06:30:00,2.40267010
haldia,2026-07-10 13:00:00,2026-07-10 07:30:00,2.37617734
haldia,2026-07-10 14:00:00,2026-07-10 08:30:00,2.58756741
haldia,2026-07-10 15:00:00,2026-07-10 09:30:00,3.12232424
haldia,2026-07-10 16:00:00,2026-07-10 10:30:00,3.88263699
haldia,2026-07-10 17:00:00,2026-07-10 11:30:00,4.55136196
haldia,2026-07-10 18:00:00,2026-07-10 12:30:00,4.91278060
haldia,2026-07-10 19:00:00,2026-07-10 13:30:00,4.89569562
haldia,2026-07-10 20:00:00,2026-07-10 14:30:00,4.49247697
haldia,2026-07-10 21:00:00,2026-07-10 15:30:00,3.84196205
haldia,2026-07-10 22:00:00,2026-07-10 16:30:00,3.15259203
haldia,2026-07-10 23:00:00,2026-07-10 17:30:00,2.57026996
haldia,2026-07-11 00:00:00,2026-07-10 18:30:00,2.19620891
haldia,2026-07-11 01:00:00,2026-07-10 19:30:00,2.04458584
haldia,2026-07-11 02:00:00,2026-07-10 20:30:00,2.11290127
haldia,2026-07-11 03:00:00,2026-07-10 21:30:00,2.54730857
haldia,2026-07-11 04:00:00,2026-07-10 22:30:00,3.39244173
haldia,2026-07-11 05:00:00,2026-07-10 23:30:00,4.34145007
haldia,2026-07-11 06:00:00,2026-07-11 00:30:00,5.05388631
haldia,2026-07-11 07:00:00,2026-07-11 01:30:00,5.38945156
haldia,2026-07-11 08:00:00,2026-07-11 02:30:00,5.27775413
haldia,2026-07-11 09:00:00,2026-07-11 03:30:00,4.76273582
haldia,2026-07-11 10:00:00,2026-07-11 04:30:00,4.05185941
haldia,2026-07-11 11:00:00,2026-07-11 05:30:00,3.34176373
haldia,2026-07-11 12:00:00,2026-07-11 06:30:00,2.77104861
haldia,2026-07-11 13:00:00,2026-07-11 07:30:00,2.41205336
haldia,2026-07-11 14:00:00,2026-07-11 08:30:00,2.23280660
haldia,2026-07-11 15:00:00,2026-07-11 09:30:00,2.29827932
haldia,2026-07-11 16:00:00,2026-07-11 10:30:00,2.78518574
haldia,2026-07-11 17:00:00,2026-07-11 11:30:00,3.60855819
haldia,2026-07-11 18:00:00,2026-07-11 12:30:00,4.41926849
haldia,2026-07-11 19:00:00,2026-07-11 13:30:00,4.95152846
haldia,2026-07-11 20:00:00,2026-07-11 14:30:00,5.06689071
haldia,2026-07-11 21:00:00,2026-07-11 15:30:00,4.72698183
haldia,2026-07-11 22:00:00,2026-07-11 16:30:00,4.08166963
haldia,2026-07-11 23:00:00,2026-07-11 17:30:00,3.35383067
haldia,2026-07-12 00:00:00,2026-07-11 18:30:00,2.70618809
haldia,2026-07-12 01:00:00,2026-07-11 19:30:00,2.23705068
haldia,2026-07-12 02:00:00,2026-07-11 20:30:00,1.94472549
haldia,2026-07-12 03:00:00,2026-07-11 21:30:00,1.87622124
haldia,2026-07-12 04:00:00,2026-07-11 22:30:00,2.26418730
haldia,2026-07-12 05:00:00,2026-07-11 23:30:00,3.17420217
haldia,2026-07-12 06:00:00,2026-07-12 00:30:00,4.27322367
haldia,2026-07-12 07:00:00,2026-07-12 01:30:00,5.17798749
haldia,2026-07-12 08:00:00,2026-07-12 02:30:00,5.66291612
haldia,2026-07-12 09:00:00,2026-07-12 03:30:00,5.59439592
haldia,2026-07-12 10:00:00,2026-07-12 04:30:00,5.03685547
haldia,2026-07-12 11:00:00,2026-07-12 05:30:00,4.24416393
haldia,2026-07-12 12:00:00,2026-07-12 06:30:00,3.44944381
haldia,2026-07-12 13:00:00,2026-07-12 07:30:00,2.80710838
haldia,2026-07-12 14:00:00,2026-07-12 08:30:00,2.35024311
haldia,2026-07-12 15:00:00,2026-07-12 09:30:00,2.02608093
haldia,2026-07-12 16:00:00,2026-07-12 10:30:00,1.98141609
haldia,2026-07-12 17:00:00,2026-07-12 11:30:00,2.48014496
haldia,2026-07-12 18:00:00,2026-07-12 12:30:00,3.43105730
haldia,2026-07-12 19:00:00,2026-07-12 13:30:00,4.42314623
haldia,2026-07-12 20:00:00,2026-07-12 14:30:00,5.11394818
haldia,2026-07-12 21:00:00,2026-07-12 15:30:00,5.30942323
haldia,2026-07-12 22:00:00,2026-07-12 16:30:00,4.97652632
haldia,2026-07-12 23:00:00,2026-07-12 17:30:00,4.29007279
haldia,2026-07-13 00:00:00,2026-07-12 18:30:00,3.48610157
haldia,2026-07-13 01:00:00,2026-07-12 19:30:00,2.75251807
haldia,2026-07-13 02:00:00,2026-07-12 20:30:00,2.19049923
haldia,2026-07-13 03:00:00,2026-07-12 21:30:00,1.77836990
haldia,2026-07-13 04:00:00,2026-07-12 22:30:00,1.61088120
haldia,2026-07-13 05:00:00,2026-07-12 23:30:00,2.01065694
haldia,2026-07-13 06:00:00,2026-07-13 00:30:00,3.05969153
haldia,2026-07-13 07:00:00,2026-07-13 01:30:00,4.36215573
haldia,2026-07-13 08:00:00,2026-07-13 02:30:00,5.43835339
haldia,2026-07-13 09:00:00,2026-07-13 03:30:00,5.97863876
haldia,2026-07-13 10:00:00,2026-07-13 04:30:00,5.85372355
haldia,2026-07-13 11:00:00,2026-07-13 05:30:00,5.19909049
haldia,2026-07-13 12:00:00,2026-07-13 06:30:00,4.31429261
haldia,2026-07-13 13:00:00,2026-07-13 07:30:00,3.45491013
haldia,2026-07-13 14:00:00,2026-07-13 08:30:00,2.77136690
haldia,2026-07-13 15:00:00,2026-07-13 09:30:00,2.23535933
haldia,2026-07-13 16:00:00,2026-07-13 10:30:00,1.78465342
haldia,2026-07-13 17:00:00,2026-07-13 11:30:00,1.68160015
haldia,2026-07-13 18:00:00,2026-07-13 12:30:00,2.27535583
haldia,2026-07-13 19:00:00,2026-07-13 13:30:00,3.41799206
haldia,2026-07-13 20:00:00,2026-07-13 14:30:00,4.58652200
haldia,2026-07-13 21:00:00,2026-07-13 15:30:00,5.36563632
haldia,2026-07-13 22:00:00,2026-07-13 16:30:00,5.55527949
haldia,2026-07-13 23:00:00,2026-07-13 17:30:00,5.16036259
haldia,2026-07-14 00:00:00,2026-07-13 18:30:00,4.38382734
haldia,2026-07-14 01:00:00,2026-07-13 19:30:00,3.48985403
haldia,2026-07-14 02:00:00,2026-07-13 20:30:00,2.70053333
haldia,2026-07-14 03:00:00,2026-07-13 21:30:00,2.08715544
haldia,2026-07-14 04:00:00,2026-07-13 22:30:00,1.58554730
haldia,2026-07-14 05:00:00,2026-07-13 23:30:00,1.36995393
haldia,2026-07-14 06:00:00,2026-07-14 00:30:00,1.87499798
haldia,2026-07-14 07:00:00,2026-07-14 01:30:00,3.14698485
haldia,2026-07-14 08:00:00,2026-07-14 02:30:00,4.64545802
haldia,2026-07-14 09:00:00,2026-07-14 03:30:00,5.78169593
haldia,2026-07-14 10:00:00,2026-07-14 04:30:00,6.24090399
haldia,2026-07-14 11:00:00,2026-07-14 05:30:00,5.97530616
haldia,2026-07-14 12:00:00,2026-07-14 06:30:00,5.19757840
haldia,2026-07-14 13:00:00,2026-07-14 07:30:00,4.23526157
haldia,2026-07-14 14:00:00,2026-07-14 08:30:00,3.35743439
haldia,2026-07-14 15:00:00,2026-07-14 09:30:00,2.67549507
haldia,2026-07-14 16:00:00,2026-07-14 10:30:00,2.07328268
haldia,2026-07-14 17:00:00,2026-07-14 11:30:00,1.52478102
haldia,2026-07-14 18:00:00,2026-07-14 12:30:00,1.45605030
haldia,2026-07-14 19:00:00,2026-07-14 13:30:00,2.25214688
haldia,2026-07-14 20:00:00,2026-07-14 14:30:00,3.61368138
haldia,2026-07-14 21:00:00,2026-07-14 15:30:00,4.88407766
haldia,2026-07-14 22:00:00,2026-07-14 16:30:00,5.63721427
haldia,2026-07-14 23:00:00,2026-07-14 17:30:00,5.72572933
haldia,2026-07-15 00:00:00,2026-07-14 18:30:00,5.20408465
haldia,2026-07-15 01:00:00,2026-07-14 19:30:00,4.31359722
haldia,2026-07-15 02:00:00,2026-07-14 20:30:00,3.36640960
haldia,2026-07-15 03:00:00,2026-07-14 21:30:00,2.58597420
haldia,2026-07-15 04:00:00,2026-07-14 22:30:00,1.95529452
haldia,2026-07-15 05:00:00,2026-07-14 23:30:00,1.39298694
haldia,2026-07-15 06:00:00,2026-07-15 00:30:00,1.22327650
haldia,2026-07-15 07:00:00,2026-07-15 01:30:00,1.95878748
haldia,2026-07-15 08:00:00,2026-07-15 02:30:00,3.48545341
haldia,2026-07-15 09:00:00,2026-07-15 03:30:00,5.06929699
haldia,2026-07-15 10:00:00,2026-07-15 04:30:00,6.09910131
haldia,2026-07-15 11:00:00,2026-07-15 05:30:00,6.36200739
haldia,2026-07-15 12:00:00,2026-07-15 06:30:00,5.91306577
haldia,2026-07-15 13:00:00,2026-07-15 07:30:00,5.01494974
haldia,2026-07-15 14:00:00,2026-07-15 08:30:00,4.01739229
haldia,2026-07-15 15:00:00,2026-07-15 09:30:00,3.18204319
haldia,2026-07-15 16:00:00,2026-07-15 10:30:00,2.52613562
haldia,2026-07-15 17:00:00,2026-07-15 11:30:00,1.85932502
haldia,2026-07-15 18:00:00,2026-07-15 12:30:00,1.28390093
haldia,2026-07-15 19:00:00,2026-07-15 13:30:00,1.39246446
haldia,2026-07-15 20:00:00,2026-07-15 14:30:00,2.47604974
haldia,2026-07-15 21:00:00,2026-07-15 15:30:00,4.00039278
haldia,2026-07-15 22:00:00,2026-07-15 16:30:00,5.23698777
haldia,2026-07-15 23:00:00,2026-07-15 17:30:00,5.84447164
haldia,2026-07-16 00:00:00,2026-07-15 18:30:00,5.75495387
haldia,2026-07-16 01:00:00,2026-07-15 19:30:00,5.07095734
haldia,2026-07-16 02:00:00,2026-07-15 20:30:00,4.09280708
haldia,2026-07-16 03:00:00,2026-07-15 21:30:00,3.16705686
haldia,2026-07-16 04:00:00,2026-07-15 22:30:00,2.44389728
haldia,2026-07-16 05:00:00,2026-07-15 23:30:00,1.80314166
haldia,2026-07-16 06:00:00,2026-07-16 00:30:00,1.24188604
haldia,2026-07-16 07:00:00,2026-07-16 01:30:00,1.26369768
haldia,2026-07-16 08:00:00,2026-07-16 02:30:00,2.31987644
haldia,2026-07-16 09:00:00,2026-07-16 03:30:00,4.01761099
haldia,2026-07-16 10:00:00,2026-07-16 04:30:00,5.50086039
haldia,2026-07-16 11:00:00,2026-07-16 05:30:00,6.28229425
haldia,2026-07-16 12:00:00,2026-07-16 06:30:00,6.29598868
haldia,2026-07-16 13:00:00,2026-07-16 07:30:00,5.66104657
haldia,2026-07-16 14:00:00,2026-07-16 08:30:00,4.67518953
haldia,2026-07-16 15:00:00,2026-07-16 09:30:00,3.70849045
haldia,2026-07-16 16:00:00,2026-07-16 10:30:00,2.96011653
haldia,2026-07-16 17:00:00,2026-07-16 11:30:00,2.31978707
haldia,2026-07-16 18:00:00,2026-07-16 12:30:00,1.61226944
haldia,2026-07-16 19:00:00,2026-07-16 13:30:00,1.14781861
haldia,2026-07-16 20:00:00,2026-07-16 14:30:00,1.57916275
haldia,2026-07-16 21:00:00,2026-07-16 15:30:00,2.94173174
haldia,2026-07-16 22:00:00,2026-07-16 16:30:00,4.48265456
haldia,2026-07-16 23:00:00,2026-07-16 17:30:00,5.53970216
haldia,2026-07-17 00:00:00,2026-07-16 18:30:00,5.91914738
haldia,2026-07-17 01:00:00,2026-07-16 19:30:00,5.61452689
haldia,2026-07-17 02:00:00,2026-07-16 20:30:00,4.78164422
haldia,2026-07-17 03:00:00,2026-07-16 21:30:00,3.78728435
haldia,2026-07-17 04:00:00,2026-07-16 22:30:00,2.94833207
haldia,2026-07-17 05:00:00,2026-07-16 23:30:00,2.28489620
haldia,2026-07-17 06:00:00,2026-07-17 00:30:00,1.64818679
haldia,2026-07-17 07:00:00,2026-07-17 01:30:00,1.20944094
haldia,2026-07-17 08:00:00,2026-07-17 02:30:00,1.56015925
haldia,2026-07-17 09:00:00,2026-07-17 03:30:00,2.90799541
haldia,2026-07-17 10:00:00,2026-07-17 04:30:00,4.58745415
haldia,2026-07-17 11:00:00,2026-07-17 05:30:00,5.79912678
haldia,2026-07-17 12:00:00,2026-07-17 06:30:00,6.27391731
haldia,2026-07-17 13:00:00,2026-07-17 07:30:00,6.04389277
haldia,2026-07-17 14:00:00,2026-07-17 08:30:00,5.25257731
haldia,2026-07-17 15:00:00,2026-07-17 09:30:00,4.24392912
haldia,2026-07-17 16:00:00,2026-07-17 10:30:00,3.37307469
haldia,2026-07-17 17:00:00,2026-07-17 11:30:00,2.71125531
haldia,2026-07-17 18:00:00,2026-07-17 12:30:00,2.06726391
haldia,2026-07-17 19:00:00,2026-07-17 13:30:00,1.40765794
haldia,2026-07-17 20:00:00,2026-07-17 14:30:00,1.22461550
haldia,2026-07-17 21:00:00,2026-07-17 15:30:00,2.03519620
haldia,2026-07-17 22:00:00,2026-07-17 16:30:00,3.54228290
haldia,2026-07-17 23:00:00,2026-07-17 17:30:00,4.92069255
haldia,2026-07-18 00:00:00,2026-07-17 18:30:00,5.70562914
haldia,2026-07-18 01:00:00,2026-07-17 19:30:00,5.83299094
haldia,2026-07-18 02:00:00,2026-07-17 20:30:00,5.32424747
haldia,2026-07-18 03:00:00,2026-07-17 21:30:00,4.40504636
haldia,2026-07-18 04:00:00,2026-07-17 22:30:00,3.47496422
haldia,2026-07-18 05:00:00,2026-07-17 23:30:00,2.74137676
haldia,2026-07-18 06:00:00,2026-07-18 00:30:00,2.11826090
haldia,2026-07-18 07:00:00,2026-07-18 01:30:00,1.55010814
haldia,2026-07-18 08:00:00,2026-07-18 02:30:00,1.37632817
haldia,2026-07-18 09:00:00,2026-07-18 03:30:00,2.08906671
haldia,2026-07-18 10:00:00,2026-07-18 04:30:00,3.56313195
haldia,2026-07-18 11:00:00,2026-07-18 05:30:00,5.02082635
haldia,2026-07-18 12:00:00,2026-07-18 06:30:00,5.88551281
haldia,2026-07-18 13:00:00,2026-07-18 07:30:00,6.07700353
haldia,2026-07-18 14:00:00,2026-07-18 08:30:00,5.64308562
haldia,2026-07-18 15:00:00,2026-07-18 09:30:00,4.75795377
haldia,2026-07-18 16:00:00,2026-07-18 10:30:00,3.80917203
haldia,2026-07-18 17:00:00,2026-07-18 11:30:00,3.06184824
haldia,2026-07-18 18:00:00,2026-07-18 12:30:00,2.45044781
haldia,2026-07-18 19:00:00,2026-07-18 13:30:00,1.82741633
haldia,2026-07-18 20:00:00,2026-07-18 14:30:00,1.36059114
haldia,2026-07-18 21:00:00,2026-07-18 15:30:00,1.56593134
haldia,2026-07-18 22:00:00,2026-07-18 16:30:00,2.66128754
haldia,2026-07-18 23:00:00,2026-07-18 17:30:00,4.10526445
haldia,2026-07-19 00:00:00,2026-07-18 18:30:00,5.19709687
haldia,2026-07-19 01:00:00,2026-07-18 19:30:00,5.70020314
haldia,2026-07-19 02:00:00,2026-07-18 20:30:00,5.60176655
haldia,2026-07-19 03:00:00,2026-07-18 21:30:00,4.94364926
haldia,2026-07-19 04:00:00,2026-07-18 22:30:00,4.02759937
haldia,2026-07-19 05:00:00,2026-07-18 23:30:00,3.21238941
haldia,2026-07-19 06:00:00,2026-07-19 00:30:00,2.56245074
haldia,2026-07-19 07:00:00,2026-07-19 01:30:00,1.98737464
haldia,2026-07-19 08:00:00,2026-07-19 02:30:00,1.59306650
haldia,2026-07-19 09:00:00,2026-07-19 03:30:00,1.75658376
haldia,2026-07-19 10:00:00,2026-07-19 04:30:00,2.71511175
haldia,2026-07-19 11:00:00,2026-07-19 05:30:00,4.09364814
haldia,2026-07-19 12:00:00,2026-07-19 06:30:00,5.21439471
haldia,2026-07-19 13:00:00,2026-07-19 07:30:00,5.76242809
haldia,2026-07-19 14:00:00,2026-07-19 08:30:00,5.73396435
haldia,2026-07-19 15:00:00,2026-07-19 09:30:00,5.15862932
haldia,2026-07-19 16:00:00,2026-07-19 10:30:00,4.27049233
haldia,2026-07-19 17:00:00,2026-07-19 11:30:00,3.44593141
haldia,2026-07-19 18:00:00,2026-07-19 12:30:00,2.80045502
haldia,2026-07-19 19:00:00,2026-07-19 13:30:00,2.21643796
haldia,2026-07-19 20:00:00,2026-07-19 14:30:00,1.70278178
haldia,2026-07-19 21:00:00,2026-07-19 15:30:00,1.54852783
haldia,2026-07-19 22:00:00,2026-07-19 16:30:00,2.10007239
haldia,2026-07-19 23:00:00,2026-07-19 17:30:00,3.27051197
haldia,2026-07-20 00:00:00,2026-07-19 18:30:00,4.48014638
haldia,2026-07-20 01:00:00,2026-07-19 19:30:00,5.26737730
haldia,2026-07-20 02:00:00,2026-07-19 20:30:00,5.54110445
haldia,2026-07-20 03:00:00,2026-07-19 21:30:00,5.27388046
haldia,2026-07-20 04:00:00,2026-07-19 22:30:00,4.55309750
haldia,2026-07-20 05:00:00,2026-07-19 23:30:00,3.72430668
haldia,2026-07-20 06:00:00,2026-07-20 00:30:00,3.03130802
haldia,2026-07-20 07:00:00,2026-07-20 01:30:00,2.44114473
haldia,2026-07-20 08:00:00,2026-07-20 02:30:00,1.96424219
haldia,2026-07-20 09:00:00,2026-07-20 03:30:00,1.81970377
haldia,2026-07-20 10:00:00,2026-07-20 04:30:00,2.25825285
haldia,2026-07-20 11:00:00,2026-07-20 05:30:00,3.25339828
haldia,2026-07-20 12:00:00,2026-07-20 06:30:00,4.37541448
haldia,2026-07-20 13:00:00,2026-07-20 07:30:00,5.16664497
haldia,2026-07-20 14:00:00,2026-07-20 08:30:00,5.48354830
haldia,2026-07-20 15:00:00,2026-07-20 09:30:00,5.30659336
haldia,2026-07-20 16:00:00,2026-07-20 10:30:00,4.67524716
haldia,2026-07-20 17:00:00,2026-07-20 11:30:00,3.87630109
haldia,2026-07-20 18:00:00,2026-07-20 12:30:00,3.19206131
haldia,2026-07-20 19:00:00,2026-07-20 13:30:00,2.60845419
haldia,2026-07-20 20:00:00,2026-07-20 14:30:00,2.08115510
haldia,2026-07-20 21:00:00,2026-07-20 15:30:00,1.77581007
haldia,2026-07-20 22:00:00,2026-07-20 16:30:00,1.93319485
haldia,2026-07-20 23:00:00,2026-07-20 17:30:00,2.64937802
haldia,2026-07-21 00:00:00,2026-07-20 18:30:00,3.68895722
haldia,2026-07-21 01:00:00,2026-07-20 19:30:00,4.61026537
haldia,2026-07-21 02:00:00,2026-07-20 20:30:00,5.15984825
haldia,2026-07-21 03:00:00,2026-07-20 21:30:00,5.27777049
haldia,2026-07-21 04:00:00,2026-07-20 22:30:00,4.91906408
haldia,2026-07-21 05:00:00,2026-07-20 23:30:00,4.23544719
haldia,2026-07-21 06:00:00,2026-07-21 00:30:00,3.54536213
haldia,2026-07-21 07:00:00,2026-07-21 01:30:00,2.95269364
haldia,2026-07-21 08:00:00,2026-07-21 02:30:00,2.42235191
haldia,2026-07-21 09:00:00,2026-07-21 03:30:00,2.09529916
haldia,2026-07-21 10:00:00,2026-07-21 04:30:00,2.17801560
haldia,2026-07-21 11:00:00,2026-07-21 05:30:00,2.72139809
haldia,2026-07-21 12:00:00,2026-07-21 06:30:00,3.56802292
haldia,2026-07-21 13:00:00,2026-07-21 07:30:00,4.39663585
haldia,2026-07-21 14:00:00,2026-07-21 08:30:00,4.94428894
haldia,2026-07-21 15:00:00,2026-07-21 09:30:00,5.11831525
haldia,2026-07-21 16:00:00,2026-07-21 10:30:00,4.86948967
haldia,2026-07-21 17:00:00,2026-07-21 11:30:00,4.27903096
haldia,2026-07-21 18:00:00,2026-07-21 12:30:00,3.62583505
haldia,2026-07-21 19:00:00,2026-07-21 13:30:00,3.05579312
haldia,2026-07-21 20:00:00,2026-07-21 14:30:00,2.51903310
haldia,2026-07-21 21:00:00,2026-07-21 15:30:00,2.10814083
haldia,2026-07-21 22:00:00,2026-07-21 16:30:00,2.03095022
haldia,2026-07-21 23:00:00,2026-07-21 17:30:00,2.36129958
haldia,2026-07-22 00:00:00,2026-07-21 18:30:00,3.03256813
haldia,2026-07-22 01:00:00,2026-07-21 19:30:00,3.84708293
haldia,2026-07-22 02:00:00,2026-07-21 20:30:00,4.53617186
haldia,2026-07-22 03:00:00,2026-07-21 21:30:00,4.94052969
haldia,2026-07-22 04:00:00,2026-07-21 22:30:00,4.97776029
haldia,2026-07-22 05:00:00,2026-07-21 23:30:00,4.62131952
haldia,2026-07-22 06:00:00,2026-07-22 00:30:00,4.05884551
haldia,2026-07-22 07:00:00,2026-07-22 01:30:00,3.51280643
haldia,2026-07-22 08:00:00,2026-07-22 02:30:00,2.98941922
haldia,2026-07-22 09:00:00,2026-07-22 03:30:00,2.52988902
haldia,2026-07-22 10:00:00,2026-07-22 04:30:00,2.34793084
haldia,2026-07-22 11:00:00,2026-07-22 05:30:00,2.53697246
haldia,2026-07-22 12:00:00,2026-07-22 06:30:00,3.00764859
haldia,2026-07-22 13:00:00,2026-07-22 07:30:00,3.63023588
haldia,2026-07-22 14:00:00,2026-07-22 08:30:00,4.22840889
haldia,2026-07-22 15:00:00,2026-07-22 09:30:00,4.63174317
haldia,2026-07-22 16:00:00,2026-07-22 10:30:00,4.73975663
haldia,2026-07-22 17:00:00,2026-07-22 11:30:00,4.50441561
haldia,2026-07-22 18:00:00,2026-07-22 12:30:00,4.03259666
haldia,2026-07-22 19:00:00,2026-07-22 13:30:00,3.52957519
haldia,2026-07-22 20:00:00,2026-07-22 14:30:00,3.03791230
haldia,2026-07-22 21:00:00,2026-07-22 15:30:00,2.56127678
haldia,2026-07-22 22:00:00,2026-07-22 16:30:00,2.28634392
haldia,2026-07-22 23:00:00,2026-07-22 17:30:00,2.34143052
haldia,2026-07-23 00:00:00,2026-07-22 18:30:00,2.65804652
haldia,2026-07-23 01:00:00,2026-07-22 19:30:00,3.16893758
haldia,2026-07-23 02:00:00,2026-07-22 20:30:00,3.79027510
haldia,2026-07-23 03:00:00,2026-07-22 21:30:00,4.34522531
haldia,2026-07-23 04:00:00,2026-07-22 22:30:00,4.68696205
haldia,2026-07-23 05:00:00,2026-07-22 23:30:00,4.72614660
haldia,2026-07-23 06:00:00,2026-07-23 00:30:00,4.46322310
haldia,2026-07-23 07:00:00,2026-07-23 01:30:00,4.05669646
haldia,2026-07-23 08:00:00,2026-07-23 02:30:00,3.61615317
haldia,2026-07-23 09:00:00,2026-07-23 03:30:00,3.12809901
haldia,2026-07-23 10:00:00,2026-07-23 04:30:00,2.72652687
haldia,2026-07-23 11:00:00,2026-07-23 05:30:00,2.61334421
haldia,2026-07-23 12:00:00,2026-07-23 06:30:00,2.76318809
haldia,2026-07-23 13:00:00,2026-07-23 07:30:00,3.06909179
haldia,2026-07-23 14:00:00,2026-07-23 08:30:00,3.50154856
haldia,2026-07-23 15:00:00,2026-07-23 09:30:00,3.96557053
haldia,2026-07-23 16:00:00,2026-07-23 10:30:00,4.30838139
haldia,2026-07-23 17:00:00,2026-07-23 11:30:00,4.42729368
haldia,2026-07-23 18:00:00,2026-07-23 12:30:00,4.28385421
haldia,2026-07-23 19:00:00,2026-07-23 13:30:00,3.96024462
haldia,2026-07-23 20:00:00,2026-07-23 14:30:00,3.57304851
haldia,2026-07-23 21:00:00,2026-07-23 15:30:00,3.13158612
haldia,2026-07-23 22:00:00,2026-07-23 16:30:00,2.71266154
haldia,2026-07-23 23:00:00,2026-07-23 17:30:00,2.50962214
haldia,2026-07-24 00:00:00,2026-07-23 18:30:00,2.54764039
haldia,2026-07-24 01:00:00,2026-07-23 19:30:00,2.73568563
haldia,2026-07-24 02:00:00,2026-07-23 20:30:00,3.09869701
haldia,2026-07-24 03:00:00,2026-07-23 21:30:00,3.61830363
haldia,2026-07-24 04:00:00,2026-07-23 22:30:00,4.12830483
haldia,2026-07-24 05:00:00,2026-07-23 23:30:00,4.48780152
haldia,2026-07-24 06:00:00,2026-07-24 00:30:00,4.61475806
haldia,2026-07-24 07:00:00,2026-07-24 01:30:00,4.49339269
haldia,2026-07-24 08:00:00,2026-07-24 02:30:00,4.21009497
haldia,2026-07-24 09:00:00,2026-07-24 03:30:00,3.80671030
haldia,2026-07-24 10:00:00,2026-07-24 04:30:00,3.31064067
haldia,2026-07-24 11:00:00,2026-07-24 05:30:00,2.91585298
haldia,2026-07-24 12:00:00,2026-07-24 06:30:00,2.77025164
haldia,2026-07-24 13:00:00,2026-07-24 07:30:00,2.79530605
haldia,2026-07-24 14:00:00,2026-07-24 08:30:00,2.94840152
haldia,2026-07-24 15:00:00,2026-07-24 09:30:00,3.27511743
haldia,2026-07-24 16:00:00,2026-07-24 10:30:00,3.69325861
haldia,2026-07-24 17:00:00,2026-07-24 11:30:00,4.05434495
haldia,2026-07-24 18:00:00,2026-07-24 12:30:00,4.26022554
haldia,2026-07-24 19:00:00,2026-07-24 13:30:00,4.24890769
haldia,2026-07-24 20:00:00,2026-07-24 14:30:00,4.04853389
haldia,2026-07-24 21:00:00,2026-07-24 15:30:00,3.72334788
haldia,2026-07-24 22:00:00,2026-07-24 16:30:00,3.29417125
haldia,2026-07-24 23:00:00,2026-07-24 17:30:00,2.87856789
haldia,2026-07-25 00:00:00,2026-07-24 18:30:00,2.63841511
haldia,2026-07-25 01:00:00,2026-07-24 19:30:00,2.56188911
haldia,2026-07-25 02:00:00,2026-07-24 20:30:00,2.62371665
haldia,2026-07-25 03:00:00,2026-07-24 21:30:00,2.92039346
haldia,2026-07-25 04:00:00,2026-07-24 22:30:00,3.42776271
haldia,2026-07-25 05:00:00,2026-07-24 23:30:00,3.97649683
haldia,2026-07-25 06:00:00,2026-07-25 00:30:00,4.43941141
haldia,2026-07-25 07:00:00,2026-07-25 01:30:00,4.70385075
haldia,2026-07-25 08:00:00,2026-07-25 02:30:00,4.69397032
haldia,2026-07-25 09:00:00,2026-07-25 03:30:00,4.44636695
haldia,2026-07-25 10:00:00,2026-07-25 04:30:00,4.00099364
haldia,2026-07-25 11:00:00,2026-07-25 05:30:00,3.44384689
haldia,2026-07-25 12:00:00,2026-07-25 06:30:00,2.99459516
haldia,2026-07-25 13:00:00,2026-07-25 07:30:00,2.75726237
haldia,2026-07-25 14:00:00,2026-07-25 08:30:00,2.65888778
haldia,2026-07-25 15:00:00,2026-07-25 09:30:00,2.72735164
haldia,2026-07-25 16:00:00,2026-07-25 10:30:00,3.03489493
haldia,2026-07-25 17:00:00,2026-07-25 11:30:00,3.49194858
haldia,2026-07-25 18:00:00,2026-07-25 12:30:00,3.95340590
haldia,2026-07-25 19:00:00,2026-07-25 13:30:00,4.29278818
haldia,2026-07-25 20:00:00,2026-07-25 14:30:00,4.39330639
haldia,2026-07-25 21:00:00,2026-07-25 15:30:00,4.24962904
haldia,2026-07-25 22:00:00,2026-07-25 16:30:00,3.91644666
haldia,2026-07-25 23:00:00,2026-07-25 17:30:00,3.43255986
haldia,2026-07-26 00:00:00,2026-07-25 18:30:00,2.93955569
haldia,2026-07-26 01:00:00,2026-07-25 19:30:00,2.59451316
haldia,2026-07-26 02:00:00,2026-07-25 20:30:00,2.40549930
haldia,2026-07-26 03:00:00,2026-07-25 21:30:00,2.41076928
haldia,2026-07-26 04:00:00,2026-07-25 22:30:00,2.72580978
haldia,2026-07-26 05:00:00,2026-07-25 23:30:00,3.30679421
haldia,2026-07-26 06:00:00,2026-07-26 00:30:00,3.98733323
haldia,2026-07-26 07:00:00,2026-07-26 01:30:00,4.60893146
haldia,2026-07-26 08:00:00,2026-07-26 02:30:00,4.97736916
haldia,2026-07-26 09:00:00,2026-07-26 03:30:00,4.97719954
haldia,2026-07-26 10:00:00,2026-07-26 04:30:00,4.66006552
haldia,2026-07-26 11:00:00,2026-07-26 05:30:00,4.10226077
haldia,2026-07-26 12:00:00,2026-07-26 06:30:00,3.44267006
haldia,2026-07-26 13:00:00,2026-07-26 07:30:00,2.91559590
haldia,2026-07-26 14:00:00,2026-07-26 08:30:00,2.59470875
haldia,2026-07-26 15:00:00,2026-07-26 09:30:00,2.42280708
haldia,2026-07-26 16:00:00,2026-07-26 10:30:00,2.48162927
haldia,2026-07-26 17:00:00,2026-07-26 11:30:00,2.85817129
haldia,2026-07-26 18:00:00,2026-07-26 12:30:00,3.44848172
haldia,2026-07-26 19:00:00,2026-07-26 13:30:00,4.06938706
haldia,2026-07-26 20:00:00,2026-07-26 14:30:00,4.52400363
haldia,2026-07-26 21:00:00,2026-07-26 15:30:00,4.65851720
haldia,2026-07-26 22:00:00,2026-07-26 16:30:00,4.47987555
haldia,2026-07-26 23:00:00,2026-07-26 17:30:00,4.05254567
haldia,2026-07-27 00:00:00,2026-07-26 18:30:00,3.44103271
haldia,2026-07-27 01:00:00,2026-07-26 19:30:00,2.83323144
haldia,2026-07-27 02:00:00,2026-07-26 20:30:00,2.40025005
haldia,2026-07-27 03:00:00,2026-07-26 21:30:00,2.15725318
haldia,2026-07-27 04:00:00,2026-07-26 22:30:00,2.17742259
haldia,2026-07-27 05:00:00,2026-07-26 23:30:00,2.59488746
haldia,2026-07-27 06:00:00,2026-07-27 00:30:00,3.35261953
haldia,2026-07-27 07:00:00,2026-07-27 01:30:00,4.23463422
haldia,2026-07-27 08:00:00,2026-07-27 02:30:00,4.98145017
haldia,2026-07-27 09:00:00,2026-07-27 03:30:00,5.33472606
haldia,2026-07-27 10:00:00,2026-07-27 04:30:00,5.21942552
haldia,2026-07-27 11:00:00,2026-07-27 05:30:00,4.74771143
haldia,2026-07-27 12:00:00,2026-07-27 06:30:00,4.03753735
haldia,2026-07-27 13:00:00,2026-07-27 07:30:00,3.27945731
haldia,2026-07-27 14:00:00,2026-07-27 08:30:00,2.70800624
haldia,2026-07-27 15:00:00,2026-07-27 09:30:00,2.34512316
haldia,2026-07-27 16:00:00,2026-07-27 10:30:00,2.15036827
haldia,2026-07-27 17:00:00,2026-07-27 11:30:00,2.28009140
haldia,2026-07-27 18:00:00,2026-07-27 12:30:00,2.83381299
haldia,2026-07-27 19:00:00,2026-07-27 13:30:00,3.63697184
haldia,2026-07-27 20:00:00,2026-07-27 14:30:00,4.40568684
haldia,2026-07-27 21:00:00,2026-07-27 15:30:00,4.88364365
haldia,2026-07-27 22:00:00,2026-07-27 16:30:00,4.94146418
haldia,2026-07-27 23:00:00,2026-07-27 17:30:00,4.62858128
haldia,2026-07-28 00:00:00,2026-07-27 18:30:00,4.03060049
haldia,2026-07-28 01:00:00,2026-07-27 19:30:00,3.27092840
haldia,2026-07-28 02:00:00,2026-07-27 20:30:00,2.59162157
haldia,2026-07-28 03:00:00,2026-07-27 21:30:00,2.13202142
haldia,2026-07-28 04:00:00,2026-07-27 22:30:00,1.88558578
haldia,2026-07-28 05:00:00,2026-07-27 23:30:00,1.99149762
haldia,2026-07-28 06:00:00,2026-07-28 00:30:00,2.62432217
haldia,2026-07-28 07:00:00,2026-07-28 01:30:00,3.65047450
haldia,2026-07-28 08:00:00,2026-07-28 02:30:00,4.70964487
haldia,2026-07-28 09:00:00,2026-07-28 03:30:00,5.44484278
haldia,2026-07-28 10:00:00,2026-07-28 04:30:00,5.63439991
haldia,2026-07-28 11:00:00,2026-07-28 05:30:00,5.30975153
haldia,2026-07-28 12:00:00,2026-07-28 06:30:00,4.64191633
haldia,2026-07-28 13:00:00,2026-07-28 07:30:00,3.79291428
haldia,2026-07-28 14:00:00,2026-07-28 08:30:00,2.99802017
haldia,2026-07-28 15:00:00,2026-07-28 09:30:00,2.43817046
haldia,2026-07-28 16:00:00,2026-07-28 10:30:00,2.05965962
haldia,2026-07-28 17:00:00,2026-07-28 11:30:00,1.89453096
haldia,2026-07-28 18:00:00,2026-07-28 12:30:00,2.21006261
haldia,2026-07-28 19:00:00,2026-07-28 13:30:00,3.05017752
haldia,2026-07-28 20:00:00,2026-07-28 14:30:00,4.07077956
haldia,2026-07-28 21:00:00,2026-07-28 15:30:00,4.88169437
haldia,2026-07-28 22:00:00,2026-07-28 16:30:00,5.24814023
haldia,2026-07-28 23:00:00,2026-07-28 17:30:00,5.11988404
haldia,2026-07-29 00:00:00,2026-07-28 18:30:00,4.59482443
haldia,2026-07-29 01:00:00,2026-07-28 19:30:00,3.80837889
haldia,2026-07-29 02:00:00,2026-07-28 20:30:00,2.96490082
haldia,2026-07-29 03:00:00,2026-07-28 21:30:00,2.29802341
haldia,2026-07-29 04:00:00,2026-07-28 22:30:00,1.85040756
haldia,2026-07-29 05:00:00,2026-07-28 23:30:00,1.64158219
haldia,2026-07-29 06:00:00,2026-07-29 00:30:00,1.94553273
haldia,2026-07-29 07:00:00,2026-07-29 01:30:00,2.91582493
haldia,2026-07-29 08:00:00,2026-07-29 02:30:00,4.20808051
haldia,2026-07-29 09:00:00,2026-07-29 03:30:00,5.29457670
haldia,2026-07-29 10:00:00,2026-07-29 04:30:00,5.83895385
haldia,2026-07-29 11:00:00,2026-07-29 05:30:00,5.75741740
haldia,2026-07-29 12:00:00,2026-07-29 06:30:00,5.18484169
haldia,2026-07-29 13:00:00,2026-07-29 07:30:00,4.33464932
haldia,2026-07-29 14:00:00,2026-07-29 08:30:00,3.42178017
haldia,2026-07-29 15:00:00,2026-07-29 09:30:00,2.67539609
haldia,2026-07-29 16:00:00,2026-07-29 10:30:00,2.15137416
haldia,2026-07-29 17:00:00,2026-07-29 11:30:00,1.76831592
haldia,2026-07-29 18:00:00,2026-07-29 12:30:00,1.73085025
haldia,2026-07-29 19:00:00,2026-07-29 13:30:00,2.37560864
haldia,2026-07-29 20:00:00,2026-07-29 14:30:00,3.54144246
haldia,2026-07-29 21:00:00,2026-07-29 15:30:00,4.66666466
haldia,2026-07-29 22:00:00,2026-07-29 16:30:00,5.35395728
haldia,2026-07-29 23:00:00,2026-07-29 17:30:00,5.48441479
haldia,2026-07-30 00:00:00,2026-07-29 18:30:00,5.09553287
haldia,2026-07-30 01:00:00,2026-07-29 19:30:00,4.33950211
haldia,2026-07-30 02:00:00,2026-07-29 20:30:00,3.43357664
haldia,2026-07-30 03:00:00,2026-07-29 21:30:00,2.61768498
haldia,2026-07-30 04:00:00,2026-07-29 22:30:00,2.01410706
haldia,2026-07-30 05:00:00,2026-07-29 23:30:00,1.58681497
haldia,2026-07-30 06:00:00,2026-07-30 00:30:00,1.50225887
haldia,2026-07-30 07:00:00,2026-07-30 01:30:00,2.15523485
haldia,2026-07-30 08:00:00,2026-07-30 02:30:00,3.50367138
haldia,2026-07-30 09:00:00,2026-07-30 03:30:00,4.91181110
haldia,2026-07-30 10:00:00,2026-07-30 04:30:00,5.81093318
haldia,2026-07-30 11:00:00,2026-07-30 05:30:00,6.03415560
haldia,2026-07-30 12:00:00,2026-07-30 06:30:00,5.64665492
haldia,2026-07-30 13:00:00,2026-07-30 07:30:00,4.84165299
haldia,2026-07-30 14:00:00,2026-07-30 08:30:00,3.88094698
haldia,2026-07-30 15:00:00,2026-07-30 09:30:00,3.01175450
haldia,2026-07-30 16:00:00,2026-07-30 10:30:00,2.36203910
haldia,2026-07-30 17:00:00,2026-07-30 11:30:00,1.85585967
haldia,2026-07-30 18:00:00,2026-07-30 12:30:00,1.52032156
haldia,2026-07-30 19:00:00,2026-07-30 13:30:00,1.77091057
haldia,2026-07-30 20:00:00,2026-07-30 14:30:00,2.84165958
haldia,2026-07-30 21:00:00,2026-07-30 15:30:00,4.23503480
haldia,2026-07-30 22:00:00,2026-07-30 16:30:00,5.26425370
haldia,2026-07-30 23:00:00,2026-07-30 17:30:00,5.67764435
haldia,2026-07-31 00:00:00,2026-07-30 18:30:00,5.50223066
haldia,2026-07-31 01:00:00,2026-07-30 19:30:00,4.83744958
haldia,2026-07-31 02:00:00,2026-07-30 20:30:00,3.91122151
haldia,2026-07-31 03:00:00,2026-07-30 21:30:00,3.01048992
haldia,2026-07-31 04:00:00,2026-07-30 22:30:00,2.30233134
haldia,2026-07-31 05:00:00,2026-07-30 23:30:00,1.75692116
haldia,2026-07-31 06:00:00,2026-07-31 00:30:00,1.38900587
haldia,2026-07-31 07:00:00,2026-07-31 01:30:00,1.58237306
haldia,2026-07-31 08:00:00,2026-07-31 02:30:00,2.68446410
haldia,2026-07-31 09:00:00,2026-07-31 03:30:00,4.28955536
haldia,2026-07-31 10:00:00,2026-07-31 04:30:00,5.56596413
haldia,2026-07-31 11:00:00,2026-07-31 05:30:00,6.11188574
haldia,2026-07-31 12:00:00,2026-07-31 06:30:00,5.97967961
haldia,2026-07-31 13:00:00,2026-07-31 07:30:00,5.30980952
haldia,2026-07-31 14:00:00,2026-07-31 08:30:00,4.33487119
haldia,2026-07-31 15:00:00,2026-07-31 09:30:00,3.37475709
haldia,2026-07-31 16:00:00,2026-07-31 10:30:00,2.62906766
haldia,2026-07-31 17:00:00,2026-07-31 11:30:00,2.05853095
haldia,2026-07-31 18:00:00,2026-07-31 12:30:00,1.56717988
haldia,2026-07-31 19:00:00,2026-07-31 13:30:00,1.41687135
haldia,2026-07-31 20:00:00,2026-07-31 14:30:00,2.11118029
haldia,2026-07-31 21:00:00,2026-07-31 15:30:00,3.56197030
haldia,2026-07-31 22:00:00,2026-07-31 16:30:00,4.95930888
haldia,2026-07-31 23:00:00,2026-07-31 17:30:00,5.70088908
haldia,2026-08-01 00:00:00,2026-07-31 18:30:00,5.77057647
haldia,2026-08-01 01:00:00,2026-07-31 19:30:00,5.28726613
haldia,2026-08-01 02:00:00,2026-07-31 20:30:00,4.39688208
haldia,2026-08-01 03:00:00,2026-07-31 21:30:00,3.41889898
haldia,2026-08-01 04:00:00,2026-07-31 22:30:00,2.63035723
haldia,2026-08-01 05:00:00,2026-07-31 23:30:00,2.03677183
haldia,2026-08-01 06:00:00,2026-08-01 00:30:00,1.54180221
haldia,2026-08-01 07:00:00,2026-08-01 01:30:00,1.34967407
haldia,2026-08-01 08:00:00,2026-08-01 02:30:00,1.96706560
haldia,2026-08-01 09:00:00,2026-08-01 03:30:00,3.46107695
haldia,2026-08-01 10:00:00,2026-08-01 04:30:00,5.06535138
haldia,2026-08-01 11:00:00,2026-08-01 05:30:00,5.99594532
haldia,2026-08-01 12:00:00,2026-08-01 06:30:00,6.14538894
haldia,2026-08-01 13:00:00,2026-08-01 07:30:00,5.69918733
haldia,2026-08-01 14:00:00,2026-08-01 08:30:00,4.80543505
haldia,2026-08-01 15:00:00,2026-08-01 09:30:00,3.76056234
haldia,2026-08-01 16:00:00,2026-08-01 10:30:00,2.90320726
haldia,2026-08-01 17:00:00,2026-08-01 11:30:00,2.28785964
haldia,2026-08-01 18:00:00,2026-08-01 12:30:00,1.75607562
haldia,2026-08-01 19:00:00,2026-08-01 13:30:00,1.35947887
haldia,2026-08-01 20:00:00,2026-08-01 14:30:00,1.57387142
haldia,2026-08-01 21:00:00,2026-08-01 15:30:00,2.74411386
haldia,2026-08-01 22:00:00,2026-08-01 16:30:00,4.36509925
haldia,2026-08-01 23:00:00,2026-08-01 17:30:00,5.52447140
haldia,2026-08-02 00:00:00,2026-08-01 18:30:00,5.89074176
haldia,2026-08-02 01:00:00,2026-08-01 19:30:00,5.63801128
haldia,2026-08-02 02:00:00,2026-08-01 20:30:00,4.89814862
haldia,2026-08-02 03:00:00,2026-08-01 21:30:00,3.88169601
haldia,2026-08-02 04:00:00,2026-08-01 22:30:00,2.97152654
haldia,2026-08-02 05:00:00,2026-08-01 23:30:00,2.32996256
haldia,2026-08-02 06:00:00,2026-08-02 00:30:00,1.81763083
haldia,2026-08-02 07:00:00,2026-08-02 01:30:00,1.42664104
haldia,2026-08-02 08:00:00,2026-08-02 02:30:00,1.55873224
haldia,2026-08-02 09:00:00,2026-08-02 03:30:00,2.61808013
haldia,2026-08-02 10:00:00,2026-08-02 04:30:00,4.27864240
haldia,2026-08-02 11:00:00,2026-08-02 05:30:00,5.62170229
haldia,2026-08-02 12:00:00,2026-08-02 06:30:00,6.13213469
haldia,2026-08-02 13:00:00,2026-08-02 07:30:00,5.94886913
haldia,2026-08-02 14:00:00,2026-08-02 08:30:00,5.26053806
haldia,2026-08-02 15:00:00,2026-08-02 09:30:00,4.22793774
haldia,2026-08-02 16:00:00,2026-08-02 10:30:00,3.22339559
haldia,2026-08-02 17:00:00,2026-08-02 11:30:00,2.51053227
haldia,2026-08-02 18:00:00,2026-08-02 12:30:00,1.97704800
haldia,2026-08-02 19:00:00,2026-08-02 13:30:00,1.49803087
haldia,2026-08-02 20:00:00,2026-08-02 14:30:00,1.34900475
haldia,2026-08-02 21:00:00,2026-08-02 15:30:00,2.02496046
haldia,2026-08-02 22:00:00,2026-08-02 16:30:00,3.51668246
haldia,2026-08-02 23:00:00,2026-08-02 17:30:00,5.03186665
haldia,2026-08-03 00:00:00,2026-08-02 18:30:00,5.82020724
haldia,2026-08-03 01:00:00,2026-08-02 19:30:00,5.84941400
haldia,2026-08-03 02:00:00,2026-08-02 20:30:00,5.34883806
haldia,2026-08-03 03:00:00,2026-08-02 21:30:00,4.43571756
haldia,2026-08-03 04:00:00,2026-08-02 22:30:00,3.40892177
haldia,2026-08-03 05:00:00,2026-08-02 23:30:00,2.63465079
haldia,2026-08-03 06:00:00,2026-08-03 00:30:00,2.11025207
haldia,2026-08-03 07:00:00,2026-08-03 01:30:00,1.67179942
haldia,2026-08-03 08:00:00,2026-08-03 02:30:00,1.49052903
haldia,2026-08-03 09:00:00,2026-08-03 03:30:00,2.01285416
haldia,2026-08-03 10:00:00,2026-08-03 04:30:00,3.35364021
haldia,2026-08-03 11:00:00,2026-08-03 05:30:00,4.90156299
haldia,2026-08-03 12:00:00,2026-08-03 06:30:00,5.85519417
haldia,2026-08-03 13:00:00,2026-08-03 07:30:00,6.01406613
haldia,2026-08-03 14:00:00,2026-08-03 08:30:00,5.60243075
haldia,2026-08-03 15:00:00,2026-08-03 09:30:00,4.75336024
haldia,2026-08-03 16:00:00,2026-08-03 10:30:00,3.68735933
haldia,2026-08-03 17:00:00,2026-08-03 11:30:00,2.80019936
haldia,2026-08-03 18:00:00,2026-08-03 12:30:00,2.20458260
haldia,2026-08-03 19:00:00,2026-08-03 13:30:00,1.71839475
haldia,2026-08-03 20:00:00,2026-08-03 14:30:00,1.38456522
haldia,2026-08-03 21:00:00,2026-08-03 15:30:00,1.60108344
haldia,2026-08-03 22:00:00,2026-08-03 16:30:00,2.65367766
haldia,2026-08-03 23:00:00,2026-08-03 17:30:00,4.19412241
haldia,2026-08-04 00:00:00,2026-08-03 18:30:00,5.41175353
haldia,2026-08-04 01:00:00,2026-08-03 19:30:00,5.85290786
haldia,2026-08-04 02:00:00,2026-08-03 20:30:00,5.65423604
haldia,2026-08-04 03:00:00,2026-08-03 21:30:00,4.99350005
haldia,2026-08-04 04:00:00,2026-08-03 22:30:00,4.00878581
haldia,2026-08-04 05:00:00,2026-08-03 23:30:00,3.06762502
haldia,2026-08-04 06:00:00,2026-08-04 00:30:00,2.43180639
haldia,2026-08-04 07:00:00,2026-08-04 01:30:00,1.98193994
haldia,2026-08-04 08:00:00,2026-08-04 02:30:00,1.65849407
haldia,2026-08-04 09:00:00,2026-08-04 03:30:00,1.75766093
haldia,2026-08-04 10:00:00,2026-08-04 04:30:00,2.57632769
haldia,2026-08-04 11:00:00,2026-08-04 05:30:00,3.93829961
haldia,2026-08-04 12:00:00,2026-08-04 06:30:00,5.19039379
haldia,2026-08-04 13:00:00,2026-08-04 07:30:00,5.79189266
haldia,2026-08-04 14:00:00,2026-08-04 08:30:00,5.73288543
haldia,2026-08-04 15:00:00,2026-08-04 09:30:00,5.19184145
haldia,2026-08-04 16:00:00,2026-08-04 10:30:00,4.27794173
haldia,2026-08-04 17:00:00,2026-08-04 11:30:00,3.27997262
haldia,2026-08-04 18:00:00,2026-08-04 12:30:00,2.52678118
haldia,2026-08-04 19:00:00,2026-08-04 13:30:00,1.99833763
haldia,2026-08-04 20:00:00,2026-08-04 14:30:00,1.58585045
haldia,2026-08-04 21:00:00,2026-08-04 15:30:00,1.49443331
haldia,2026-08-04 22:00:00,2026-08-04 16:30:00,2.04392786
haldia,2026-08-04 23:00:00,2026-08-04 17:30:00,3.23521724
haldia,2026-08-05 00:00:00,2026-08-04 18:30:00,4.58921561
haldia,2026-08-05 01:00:00,2026-08-04 19:30:00,5.48410526
haldia,2026-08-05 02:00:00,2026-08-04 20:30:00,5.70201974
haldia,2026-08-05 03:00:00,2026-08-04 21:30:00,5.38845146
haldia,2026-08-05 04:00:00,2026-08-04 22:30:00,4.66024313
haldia,2026-08-05 05:00:00,2026-08-04 23:30:00,3.71231582
haldia,2026-08-05 06:00:00,2026-08-05 00:30:00,2.90791720
haldia,2026-08-05 07:00:00,2026-08-05 01:30:00,2.37229740
haldia,2026-08-05 08:00:00,2026-08-05 02:30:00,1.97996481
haldia,2026-08-05 09:00:00,2026-08-05 03:30:00,1.81315747
haldia,2026-08-05 10:00:00,2026-08-05 04:30:00,2.14535920
haldia,2026-08-05 11:00:00,2026-08-05 05:30:00,3.04463462
haldia,2026-08-05 12:00:00,2026-08-05 06:30:00,4.21287066
haldia,2026-08-05 13:00:00,2026-08-05 07:30:00,5.14837341
haldia,2026-08-05 14:00:00,2026-08-05 08:30:00,5.52858735
haldia,2026-08-05 15:00:00,2026-08-05 09:30:00,5.37677600
haldia,2026-08-05 16:00:00,2026-08-05 10:30:00,4.80066304
haldia,2026-08-05 17:00:00,2026-08-05 11:30:00,3.92996352
haldia,2026-08-05 18:00:00,2026-08-05 12:30:00,3.06410712
haldia,2026-08-05 19:00:00,2026-08-05 13:30:00,2.41630993
haldia,2026-08-05 20:00:00,2026-08-05 14:30:00,1.93411065
haldia,2026-08-05 21:00:00,2026-08-05 15:30:00,1.64877515
haldia,2026-08-05 22:00:00,2026-08-05 16:30:00,1.79311284
haldia,2026-08-05 23:00:00,2026-08-05 17:30:00,2.48511831
haldia,2026-08-06 00:00:00,2026-08-05 18:30:00,3.56712435
haldia,2026-08-06 01:00:00,2026-08-05 19:30:00,4.65074044
haldia,2026-08-06 02:00:00,2026-08-05 20:30:00,5.32374384
haldia,2026-08-06 03:00:00,2026-08-05 21:30:00,5.45232398
haldia,2026-08-06 04:00:00,2026-08-05 22:30:00,5.12216261
haldia,2026-08-06 05:00:00,2026-08-05 23:30:00,4.43384090
haldia,2026-08-06 06:00:00,2026-08-06 00:30:00,3.61410725
haldia,2026-08-06 07:00:00,2026-08-06 01:30:00,2.94601269
haldia,2026-08-06 08:00:00,2026-08-06 02:30:00,2.46470139
haldia,2026-08-06 09:00:00,2026-08-06 03:30:00,2.12769032
haldia,2026-08-06 10:00:00,2026-08-06 04:30:00,2.09210613
haldia,2026-08-06 11:00:00,2026-08-06 05:30:00,2.49675775
haldia,2026-08-06 12:00:00,2026-08-06 06:30:00,3.26229814
haldia,2026-08-06 13:00:00,2026-08-06 07:30:00,4.15913414
haldia,2026-08-06 14:00:00,2026-08-06 08:30:00,4.87039575
haldia,2026-08-06 15:00:00,2026-08-06 09:30:00,5.16252117
haldia,2026-08-06 16:00:00,2026-08-06 10:30:00,5.01932459
haldia,2026-08-06 17:00:00,2026-08-06 11:30:00,4.51210170
haldia,2026-08-06 18:00:00,2026-08-06 12:30:00,3.77792697
haldia,2026-08-06 19:00:00,2026-08-06 13:30:00,3.05727455
haldia,2026-08-06 20:00:00,2026-08-06 14:30:00,2.47936031
haldia,2026-08-06 21:00:00,2026-08-06 15:30:00,2.04980367
haldia,2026-08-06 22:00:00,2026-08-06 16:30:00,1.88840436
haldia,2026-08-06 23:00:00,2026-08-06 17:30:00,2.12753746
haldia,2026-08-07 00:00:00,2026-08-06 18:30:00,2.73119589
haldia,2026-08-07 01:00:00,2026-08-06 19:30:00,3.57835488
haldia,2026-08-07 02:00:00,2026-08-06 20:30:00,4.44631822
haldia,2026-08-07 03:00:00,2026-08-06 21:30:00,5.02533290
haldia,2026-08-07 04:00:00,2026-08-06 22:30:00,5.17179949
haldia,2026-08-07 05:00:00,2026-08-06 23:30:00,4.92964602
haldia,2026-08-07 06:00:00,2026-08-07 00:30:00,4.38982557
haldia,2026-08-07 07:00:00,2026-08-07 01:30:00,3.73989817
haldia,2026-08-07 08:00:00,2026-08-07 02:30:00,3.16642841
haldia,2026-08-07 09:00:00,2026-08-07 03:30:00,2.69816721
haldia,2026-08-07 10:00:00,2026-08-07 04:30:00,2.38975891
haldia,2026-08-07 11:00:00,2026-08-07 05:30:00,2.37976357
haldia,2026-08-07 12:00:00,2026-08-07 06:30:00,2.67486575
haldia,2026-08-07 13:00:00,2026-08-07 07:30:00,3.19592538
haldia,2026-08-07 14:00:00,2026-08-07 08:30:00,3.86205576
haldia,2026-08-07 15:00:00,2026-08-07 09:30:00,4.46288991
haldia,2026-08-07 16:00:00,2026-08-07 10:30:00,4.77031828
haldia,2026-08-07 17:00:00,2026-08-07 11:30:00,4.73556511
haldia,2026-08-07 18:00:00,2026-08-07 12:30:00,4.39808386
haldia,2026-08-07 19:00:00,2026-08-07 13:30:00,3.84639163
haldia,2026-08-07 20:00:00,2026-08-07 14:30:00,3.24599932
haldia,2026-08-07 21:00:00,2026-08-07 15:30:00,2.70998019
haldia,2026-08-07 22:00:00,2026-08-07 16:30:00,2.31527140
haldia,2026-08-07 23:00:00,2026-08-07 17:30:00,2.18040936
haldia,2026-08-08 00:00:00,2026-08-07 18:30:00,2.32646039
haldia,2026-08-08 01:00:00,2026-08-07 19:30:00,2.70491507
haldia,2026-08-08 02:00:00,2026-08-07 20:30:00,3.32967783
haldia,2026-08-08 03:00:00,2026-08-07 21:30:00,4.08259933
haldia,2026-08-08 04:00:00,2026-08-07 22:30:00,4.67079923
haldia,2026-08-08 05:00:00,2026-08-07 23:30:00,4.93880889
haldia,2026-08-08 06:00:00,2026-08-08 00:30:00,4.89509878
haldia,2026-08-08 07:00:00,2026-08-08 01:30:00,4.56584657
haldia,2026-08-08 08:00:00,2026-08-08 02:30:00,4.05875023
haldia,2026-08-08 09:00:00,2026-08-08 03:30:00,3.51507291
haldia,2026-08-08 10:00:00,2026-08-08 04:30:00,3.01398186
haldia,2026-08-08 11:00:00,2026-08-08 05:30:00,2.66795209
haldia,2026-08-08 12:00:00,2026-08-08 06:30:00,2.55755714
haldia,2026-08-08 13:00:00,2026-08-08 07:30:00,2.63514685
haldia,2026-08-08 14:00:00,2026-08-08 08:30:00,2.91186810
haldia,2026-08-08 15:00:00,2026-08-08 09:30:00,3.42801853
haldia,2026-08-08 16:00:00,2026-08-08 10:30:00,4.01161746
haldia,2026-08-08 17:00:00,2026-08-08 11:30:00,4.43164337
haldia,2026-08-08 18:00:00,2026-08-08 12:30:00,4.60608024
haldia,2026-08-08 19:00:00,2026-08-08 13:30:00,4.49602526
haldia,2026-08-08 20:00:00,2026-08-08 14:30:00,4.11211932
haldia,2026-08-08 21:00:00,2026-08-08 15:30:00,3.58445518
haldia,2026-08-08 22:00:00,2026-08-08 16:30:00,3.04766908
haldia,2026-08-08 23:00:00,2026-08-08 17:30:00,2.61473167
haldia,2026-08-09 00:00:00,2026-08-08 18:30:00,2.37503324
haldia,2026-08-09 01:00:00,2026-08-08 19:30:00,2.31417383
haldia,2026-08-09 02:00:00,2026-08-08 20:30:00,2.45849219
haldia,2026-08-09 03:00:00,2026-08-08 21:30:00,2.93252487
haldia,2026-08-09 04:00:00,2026-08-08 22:30:00,3.65821115
haldia,2026-08-09 05:00:00,2026-08-08 23:30:00,4.35591516
haldia,2026-08-09 06:00:00,2026-08-09 00:30:00,4.85674087
haldia,2026-08-09 07:00:00,2026-08-09 01:30:00,5.07492583
haldia,2026-08-09 08:00:00,2026-08-09 02:30:00,4.92813151
haldia,2026-08-09 09:00:00,2026-08-09 03:30:00,4.48127959
haldia,2026-08-09 10:00:00,2026-08-09 04:30:00,3.89499658
haldia,2026-08-09 11:00:00,2026-08-09 05:30:00,3.30624915
haldia,2026-08-09 12:00:00,2026-08-09 06:30:00,2.85265252
haldia,2026-08-09 13:00:00,2026-08-09 07:30:00,2.57203159
haldia,2026-08-09 14:00:00,2026-08-09 08:30:00,2.41882791
haldia,2026-08-09 15:00:00,2026-08-09 09:30:00,2.50119388
haldia,2026-08-09 16:00:00,2026-08-09 10:30:00,2.94454087
haldia,2026-08-09 17:00:00,2026-08-09 11:30:00,3.60721508
haldia,2026-08-09 18:00:00,2026-08-09 12:30:00,4.24610493
haldia,2026-08-09 19:00:00,2026-08-09 13:30:00,4.69103748
haldia,2026-08-09 20:00:00,2026-08-09 14:30:00,4.78874720
haldia,2026-08-09 21:00:00,2026-08-09 15:30:00,4.50565373
haldia,2026-08-09 22:00:00,2026-08-09 16:30:00,3.98054916
haldia,2026-08-09 23:00:00,2026-08-09 17:30:00,3.36917934
haldia,2026-08-10 00:00:00,2026-08-09 18:30:00,2.81126063
haldia,2026-08-10 01:00:00,2026-08-09 19:30:00,2.40046999
haldia,2026-08-10 02:00:00,2026-08-09 20:30:00,2.13119958
haldia,2026-08-10 03:00:00,2026-08-09 21:30:00,2.09391961
haldia,2026-08-10 04:00:00,2026-08-09 22:30:00,2.48853084
haldia,2026-08-10 05:00:00,2026-08-09 23:30:00,3.28359635
haldia,2026-08-10 06:00:00,2026-08-10 00:30:00,4.20954088
haldia,2026-08-10 07:00:00,2026-08-10 01:30:00,5.00930177
haldia,2026-08-10 08:00:00,2026-08-10 02:30:00,5.44450139
haldia,2026-08-10 09:00:00,2026-08-10 03:30:00,5.36784833
haldia,2026-08-10 10:00:00,2026-08-10 04:30:00,4.87857428
haldia,2026-08-10 11:00:00,2026-08-10 05:30:00,4.18292262
haldia,2026-08-10 12:00:00,2026-08-10 06:30:00,3.46617810
haldia,2026-08-10 13:00:00,2026-08-10 07:30:00,2.88635611
haldia,2026-08-10 14:00:00,2026-08-10 08:30:00,2.44237444
haldia,2026-08-10 15:00:00,2026-08-10 09:30:00,2.09038122
haldia,2026-08-10 16:00:00,2026-08-10 10:30:00,2.03681031
haldia,2026-08-10 17:00:00,2026-08-10 11:30:00,2.50564038
haldia,2026-08-10 18:00:00,2026-08-10 12:30:00,3.37154907
haldia,2026-08-10 19:00:00,2026-08-10 13:30:00,4.30512657
haldia,2026-08-10 20:00:00,2026-08-10 14:30:00,4.99133403
haldia,2026-08-10 21:00:00,2026-08-10 15:30:00,5.19930552
haldia,2026-08-10 22:00:00,2026-08-10 16:30:00,4.91488312
haldia,2026-08-10 23:00:00,2026-08-10 17:30:00,4.30120570
haldia,2026-08-11 00:00:00,2026-08-10 18:30:00,3.54322059
haldia,2026-08-11 01:00:00,2026-08-10 19:30:00,2.83796510
haldia,2026-08-11 02:00:00,2026-08-10 20:30:00,2.28746536
haldia,2026-08-11 03:00:00,2026-08-10 21:30:00,1.85915244
haldia,2026-08-11 04:00:00,2026-08-10 22:30:00,1.69431093
haldia,2026-08-11 05:00:00,2026-08-10 23:30:00,2.10341080
haldia,2026-08-11 06:00:00,2026-08-11 00:30:00,3.10466554
haldia,2026-08-11 07:00:00,2026-08-11 01:30:00,4.34462169
haldia,2026-08-11 08:00:00,2026-08-11 02:30:00,5.38791408
haldia,2026-08-11 09:00:00,2026-08-11 03:30:00,5.88666825
haldia,2026-08-11 10:00:00,2026-08-11 04:30:00,5.73816002
haldia,2026-08-11 11:00:00,2026-08-11 05:30:00,5.11792999
haldia,2026-08-11 12:00:00,2026-08-11 06:30:00,4.27248479
haldia,2026-08-11 13:00:00,2026-08-11 07:30:00,3.44081736
haldia,2026-08-11 14:00:00,2026-08-11 08:30:00,2.78178909
haldia,2026-08-11 15:00:00,2026-08-11 09:30:00,2.21119911
haldia,2026-08-11 16:00:00,2026-08-11 10:30:00,1.69557009
haldia,2026-08-11 17:00:00,2026-08-11 11:30:00,1.59906277
haldia,2026-08-11 18:00:00,2026-08-11 12:30:00,2.24662831
haldia,2026-08-11 19:00:00,2026-08-11 13:30:00,3.42818018
haldia,2026-08-11 20:00:00,2026-08-11 14:30:00,4.63261226
haldia,2026-08-11 21:00:00,2026-08-11 15:30:00,5.42897879
haldia,2026-08-11 22:00:00,2026-08-11 16:30:00,5.60468921
haldia,2026-08-11 23:00:00,2026-08-11 17:30:00,5.20390652
haldia,2026-08-12 00:00:00,2026-08-11 18:30:00,4.42108163
haldia,2026-08-12 01:00:00,2026-08-11 19:30:00,3.50960304
haldia,2026-08-12 02:00:00,2026-08-11 20:30:00,2.72481950
haldia,2026-08-12 03:00:00,2026-08-11 21:30:00,2.10124828
haldia,2026-08-12 04:00:00,2026-08-11 22:30:00,1.54958616
haldia,2026-08-12 05:00:00,2026-08-11 23:30:00,1.33663525
haldia,2026-08-12 06:00:00,2026-08-12 00:30:00,1.92021594
haldia,2026-08-12 07:00:00,2026-08-12 01:30:00,3.25605737
haldia,2026-08-12 08:00:00,2026-08-12 02:30:00,4.76898837
haldia,2026-08-12 09:00:00,2026-08-12 03:30:00,5.86836988
haldia,2026-08-12 10:00:00,2026-08-12 04:30:00,6.24181928
haldia,2026-08-12 11:00:00,2026-08-12 05:30:00,5.90836736
haldia,2026-08-12 12:00:00,2026-08-12 06:30:00,5.10559747
haldia,2026-08-12 13:00:00,2026-08-12 07:30:00,4.12489203
haldia,2026-08-12 14:00:00,2026-08-12 08:30:00,3.25589207
haldia,2026-08-12 15:00:00,2026-08-12 09:30:00,2.58207301
haldia,2026-08-12 16:00:00,2026-08-12 10:30:00,1.90180979
haldia,2026-08-12 17:00:00,2026-08-12 11:30:00,1.28611865
haldia,2026-08-12 18:00:00,2026-08-12 12:30:00,1.32003149
haldia,2026-08-12 19:00:00,2026-08-12 13:30:00,2.31681959
haldia,2026-08-12 20:00:00,2026-08-12 14:30:00,3.82341305
haldia,2026-08-12 21:00:00,2026-08-12 15:30:00,5.14609570
haldia,2026-08-12 22:00:00,2026-08-12 16:30:00,5.86624845
haldia,2026-08-12 23:00:00,2026-08-12 17:30:00,5.86883272
haldia,2026-08-13 00:00:00,2026-08-12 18:30:00,5.25813921
haldia,2026-08-13 01:00:00,2026-08-12 19:30:00,4.28924567
haldia,2026-08-13 02:00:00,2026-08-12 20:30:00,3.30707136
haldia,2026-08-13 03:00:00,2026-08-12 21:30:00,2.53902811
haldia,2026-08-13 04:00:00,2026-08-12 22:30:00,1.87044167
haldia,2026-08-13 05:00:00,2026-08-12 23:30:00,1.23822986
haldia,2026-08-13 06:00:00,2026-08-13 00:30:00,1.14074635
haldia,2026-08-13 07:00:00,2026-08-13 01:30:00,2.08460704
haldia,2026-08-13 08:00:00,2026-08-13 02:30:00,3.76097176
haldia,2026-08-13 09:00:00,2026-08-13 03:30:00,5.34781113
haldia,2026-08-13 10:00:00,2026-08-13 04:30:00,6.27035202
haldia,2026-08-13 11:00:00,2026-08-13 05:30:00,6.38070350
haldia,2026-08-13 12:00:00,2026-08-13 06:30:00,5.80546910
haldia,2026-08-13 13:00:00,2026-08-13 07:30:00,4.82360426
haldia,2026-08-13 14:00:00,2026-08-13 08:30:00,3.78944619
haldia,2026-08-13 15:00:00,2026-08-13 09:30:00,2.98022727
haldia,2026-08-13 16:00:00,2026-08-13 10:30:00,2.31161145
haldia,2026-08-13 17:00:00,2026-08-13 11:30:00,1.53612988
haldia,2026-08-13 18:00:00,2026-08-13 12:30:00,0.97342729
haldia,2026-08-13 19:00:00,2026-08-13 13:30:00,1.36503018
haldia,2026-08-13 20:00:00,2026-08-13 14:30:00,2.78550154
haldia,2026-08-13 21:00:00,2026-08-13 15:30:00,4.46583954
haldia,2026-08-13 22:00:00,2026-08-13 16:30:00,5.67920846
haldia,2026-08-13 23:00:00,2026-08-13 17:30:00,6.15690957
haldia,2026-08-14 00:00:00,2026-08-13 18:30:00,5.88857571
haldia,2026-08-14 01:00:00,2026-08-13 19:30:00,5.03749096
haldia,2026-08-14 02:00:00,2026-08-13 20:30:00,3.95582424
haldia,2026-08-14 03:00:00,2026-08-13 21:30:00,3.02289611
haldia,2026-08-14 04:00:00,2026-08-13 22:30:00,2.31336819
haldia,2026-08-14 05:00:00,2026-08-13 23:30:00,1.59888404
haldia,2026-08-14 06:00:00,2026-08-14 00:30:00,1.01037159
haldia,2026-08-14 07:00:00,2026-08-14 01:30:00,1.25539779
haldia,2026-08-14 08:00:00,2026-08-14 02:30:00,2.64076399
haldia,2026-08-14 09:00:00,2026-08-14 03:30:00,4.47698014
haldia,2026-08-14 10:00:00,2026-08-14 04:30:00,5.86840596
haldia,2026-08-14 11:00:00,2026-08-14 05:30:00,6.45166198
haldia,2026-08-14 12:00:00,2026-08-14 06:30:00,6.24804927
haldia,2026-08-14 13:00:00,2026-08-14 07:30:00,5.43271540
haldia,2026-08-14 14:00:00,2026-08-14 08:30:00,4.34136053
haldia,2026-08-14 15:00:00,2026-08-14 09:30:00,3.36990538
haldia,2026-08-14 16:00:00,2026-08-14 10:30:00,2.66649866
haldia,2026-08-14 17:00:00,2026-08-14 11:30:00,1.97830198
haldia,2026-08-14 18:00:00,2026-08-14 12:30:00,1.19348287
haldia,2026-08-14 19:00:00,2026-08-14 13:30:00,0.92595175
haldia,2026-08-14 20:00:00,2026-08-14 14:30:00,1.83179242
haldia,2026-08-14 21:00:00,2026-08-14 15:30:00,3.55891667
haldia,2026-08-14 22:00:00,2026-08-14 16:30:00,5.14923259
haldia,2026-08-14 23:00:00,2026-08-14 17:30:00,6.05709416
haldia,2026-08-15 00:00:00,2026-08-14 18:30:00,6.20186452
haldia,2026-08-15 01:00:00,2026-08-14 19:30:00,5.63386916
haldia,2026-08-15 02:00:00,2026-08-14 20:30:00,4.59816201
haldia,2026-08-15 03:00:00,2026-08-14 21:30:00,3.53169771
haldia,2026-08-15 04:00:00,2026-08-14 22:30:00,2.72048195
haldia,2026-08-15 05:00:00,2026-08-14 23:30:00,2.04673838
haldia,2026-08-15 06:00:00,2026-08-15 00:30:00,1.33890893
haldia,2026-08-15 07:00:00,2026-08-15 01:30:00,1.01090799
haldia,2026-08-15 08:00:00,2026-08-15 02:30:00,1.75708304
haldia,2026-08-15 09:00:00,2026-08-15 03:30:00,3.45701678
haldia,2026-08-15 10:00:00,2026-08-15 04:30:00,5.15785687
haldia,2026-08-15 11:00:00,2026-08-15 05:30:00,6.15762430
haldia,2026-08-15 12:00:00,2026-08-15 06:30:00,6.36215241
haldia,2026-08-15 13:00:00,2026-08-15 07:30:00,5.86336291
haldia,2026-08-15 14:00:00,2026-08-15 08:30:00,4.86728003
haldia,2026-08-15 15:00:00,2026-08-15 09:30:00,3.78537652
haldia,2026-08-15 16:00:00,2026-08-15 10:30:00,2.95858328
haldia,2026-08-15 17:00:00,2026-08-15 11:30:00,2.33143440
haldia,2026-08-15 18:00:00,2026-08-15 12:30:00,1.62870624
haldia,2026-08-15 19:00:00,2026-08-15 13:30:00,1.02826965
haldia,2026-08-15 20:00:00,2026-08-15 14:30:00,1.27304090
haldia,2026-08-15 21:00:00,2026-08-15 15:30:00,2.64570846
haldia,2026-08-15 22:00:00,2026-08-15 16:30:00,4.39660819
haldia,2026-08-15 23:00:00,2026-08-15 17:30:00,5.65466404
haldia,2026-08-16 00:00:00,2026-08-15 18:30:00,6.17313605
haldia,2026-08-16 01:00:00,2026-08-15 19:30:00,5.98022042
haldia,2026-08-16 02:00:00,2026-08-15 20:30:00,5.15979199
haldia,2026-08-16 03:00:00,2026-08-15 21:30:00,4.06248755
haldia,2026-08-16 04:00:00,2026-08-15 22:30:00,3.11916107
haldia,2026-08-16 05:00:00,2026-08-15 23:30:00,2.42152394
haldia,2026-08-16 06:00:00,2026-08-16 00:30:00,1.77056019
haldia,2026-08-16 07:00:00,2026-08-16 01:30:00,1.22161350
haldia,2026-08-16 08:00:00,2026-08-16 02:30:00,1.35269094
haldia,2026-08-16 09:00:00,2026-08-16 03:30:00,2.55310113
haldia,2026-08-16 10:00:00,2026-08-16 04:30:00,4.27157066
haldia,2026-08-16 11:00:00,2026-08-16 05:30:00,5.58984098
haldia,2026-08-16 12:00:00,2026-08-16 06:30:00,6.15569652
haldia,2026-08-16 13:00:00,2026-08-16 07:30:00,6.03285968
haldia,2026-08-16 14:00:00,2026-08-16 08:30:00,5.30127889
haldia,2026-08-16 15:00:00,2026-08-16 09:30:00,4.23545645
haldia,2026-08-16 16:00:00,2026-08-16 10:30:00,3.27741570
haldia,2026-08-16 17:00:00,2026-08-16 11:30:00,2.59647489
haldia,2026-08-16 18:00:00,2026-08-16 12:30:00,1.99785278
haldia,2026-08-16 19:00:00,2026-08-16 13:30:00,1.38527959
haldia,2026-08-16 20:00:00,2026-08-16 14:30:00,1.19119770
haldia,2026-08-16 21:00:00,2026-08-16 15:30:00,1.98329799
haldia,2026-08-16 22:00:00,2026-08-16 16:30:00,3.55889005
haldia,2026-08-16 23:00:00,2026-08-16 17:30:00,5.03413592
haldia,2026-08-17 00:00:00,2026-08-16 18:30:00,5.85723118
haldia,2026-08-17 01:00:00,2026-08-16 19:30:00,6.01777112
haldia,2026-08-17 02:00:00,2026-08-16 20:30:00,5.54595588
haldia,2026-08-17 03:00:00,2026-08-16 21:30:00,4.58330886
haldia,2026-08-17 04:00:00,2026-08-16 22:30:00,3.55978441
haldia,2026-08-17 05:00:00,2026-08-16 23:30:00,2.77640528
haldia,2026-08-17 06:00:00,2026-08-17 00:30:00,2.15156238
haldia,2026-08-17 07:00:00,2026-08-17 01:30:00,1.59002134
haldia,2026-08-17 08:00:00,2026-08-17 02:30:00,1.38152641
haldia,2026-08-17 09:00:00,2026-08-17 03:30:00,2.00063559
haldia,2026-08-17 10:00:00,2026-08-17 04:30:00,3.39781819
haldia,2026-08-17 11:00:00,2026-08-17 05:30:00,4.83556495
haldia,2026-08-17 12:00:00,2026-08-17 06:30:00,5.69132564
haldia,2026-08-17 13:00:00,2026-08-17 07:30:00,5.90352490
haldia,2026-08-17 14:00:00,2026-08-17 08:30:00,5.53701959
haldia,2026-08-17 15:00:00,2026-08-17 09:30:00,4.67063004
haldia,2026-08-17 16:00:00,2026-08-17 10:30:00,3.66688621
haldia,2026-08-17 17:00:00,2026-08-17 11:30:00,2.88509945
haldia,2026-08-17 18:00:00,2026-08-17 12:30:00,2.29611004
haldia,2026-08-17 19:00:00,2026-08-17 13:30:00,1.74496637
haldia,2026-08-17 20:00:00,2026-08-17 14:30:00,1.39547922
haldia,2026-08-17 21:00:00,2026-08-17 15:30:00,1.70158557
haldia,2026-08-17 22:00:00,2026-08-17 16:30:00,2.83693730
haldia,2026-08-17 23:00:00,2026-08-17 17:30:00,4.27827366
haldia,2026-08-18 00:00:00,2026-08-17 18:30:00,5.32127294
haldia,2026-08-18 01:00:00,2026-08-17 19:30:00,5.76087941
haldia,2026-08-18 02:00:00,2026-08-17 20:30:00,5.65514024
haldia,2026-08-18 03:00:00,2026-08-17 21:30:00,5.00317984
haldia,2026-08-18 04:00:00,2026-08-17 22:30:00,4.04007340
haldia,2026-08-18 05:00:00,2026-08-17 23:30:00,3.18228402
haldia,2026-08-18 06:00:00,2026-08-18 00:30:00,2.53541543
haldia,2026-08-18 07:00:00,2026-08-18 01:30:00,1.98093165
haldia,2026-08-18 08:00:00,2026-08-18 02:30:00,1.63114918
haldia,2026-08-18 09:00:00,2026-08-18 03:30:00,1.83431523
haldia,2026-08-18 10:00:00,2026-08-18 04:30:00,2.75277339
haldia,2026-08-18 11:00:00,2026-08-18 05:30:00,4.02637746
haldia,2026-08-18 12:00:00,2026-08-18 06:30:00,5.03787527
haldia,2026-08-18 13:00:00,2026-08-18 07:30:00,5.50945695
haldia,2026-08-18 14:00:00,2026-08-18 08:30:00,5.48470966
haldia,2026-08-18 15:00:00,2026-08-18 09:30:00,4.96570250
haldia,2026-08-18 16:00:00,2026-08-18 10:30:00,4.09063543
haldia,2026-08-18 17:00:00,2026-08-18 11:30:00,3.24973354
haldia,2026-08-18 18:00:00,2026-08-18 12:30:00,2.62496096
haldia,2026-08-18 19:00:00,2026-08-18 13:30:00,2.09414089
haldia,2026-08-18 20:00:00,2026-08-18 14:30:00,1.68939254
haldia,2026-08-18 21:00:00,2026-08-18 15:30:00,1.71315026
haldia,2026-08-18 22:00:00,2026-08-18 16:30:00,2.39119130
haldia,2026-08-18 23:00:00,2026-08-18 17:30:00,3.54047236
haldia,2026-08-19 00:00:00,2026-08-18 18:30:00,4.62765568
haldia,2026-08-19 01:00:00,2026-08-18 19:30:00,5.27048013
haldia,2026-08-19 02:00:00,2026-08-18 20:30:00,5.45416924
haldia,2026-08-19 03:00:00,2026-08-18 21:30:00,5.18471057
haldia,2026-08-19 04:00:00,2026-08-18 22:30:00,4.47828521
haldia,2026-08-19 05:00:00,2026-08-18 23:30:00,3.64444854
haldia,2026-08-19 06:00:00,2026-08-19 00:30:00,2.97751935
haldia,2026-08-19 07:00:00,2026-08-19 01:30:00,2.43223105
haldia,2026-08-19 08:00:00,2026-08-19 02:30:00,1.99664832
haldia,2026-08-19 09:00:00,2026-08-19 03:30:00,1.93071257
haldia,2026-08-19 10:00:00,2026-08-19 04:30:00,2.42942441
haldia,2026-08-19 11:00:00,2026-08-19 05:30:00,3.35133651
haldia,2026-08-19 12:00:00,2026-08-19 06:30:00,4.29745258
haldia,2026-08-19 13:00:00,2026-08-19 07:30:00,4.92104506
haldia,2026-08-19 14:00:00,2026-08-19 08:30:00,5.14803627
haldia,2026-08-19 15:00:00,2026-08-19 09:30:00,4.98756710
haldia,2026-08-19 16:00:00,2026-08-19 10:30:00,4.42197218
haldia,2026-08-19 17:00:00,2026-08-19 11:30:00,3.66165107
haldia,2026-08-19 18:00:00,2026-08-19 12:30:00,3.01787221
haldia,2026-08-19 19:00:00,2026-08-19 13:30:00,2.50491111
haldia,2026-08-19 20:00:00,2026-08-19 14:30:00,2.05927599
haldia,2026-08-19 21:00:00,2026-08-19 15:30:00,1.88976678
haldia,2026-08-19 22:00:00,2026-08-19 16:30:00,2.22196008
haldia,2026-08-19 23:00:00,2026-08-19 17:30:00,2.99120934
haldia,2026-08-20 00:00:00,2026-08-19 18:30:00,3.89864423
haldia,2026-08-20 01:00:00,2026-08-19 19:30:00,4.61493185
haldia,2026-08-20 02:00:00,2026-08-19 20:30:00,4.99736530
haldia,2026-08-20 03:00:00,2026-08-19 21:30:00,5.04793234
haldia,2026-08-20 04:00:00,2026-08-19 22:30:00,4.72088868
haldia,2026-08-20 05:00:00,2026-08-19 23:30:00,4.09390210
haldia,2026-08-20 06:00:00,2026-08-20 00:30:00,3.46508506
haldia,2026-08-20 07:00:00,2026-08-20 01:30:00,2.96010290
haldia,2026-08-20 08:00:00,2026-08-20 02:30:00,2.49940717
haldia,2026-08-20 09:00:00,2026-08-20 03:30:00,2.22126593
haldia,2026-08-20 10:00:00,2026-08-20 04:30:00,2.37741473
haldia,2026-08-20 11:00:00,2026-08-20 05:30:00,2.93326908
haldia,2026-08-20 12:00:00,2026-08-20 06:30:00,3.63239328
haldia,2026-08-20 13:00:00,2026-08-20 07:30:00,4.23458050
haldia,2026-08-20 14:00:00,2026-08-20 08:30:00,4.60513171
haldia,2026-08-20 15:00:00,2026-08-20 09:30:00,4.70895048
haldia,2026-08-20 16:00:00,2026-08-20 10:30:00,4.50582391
haldia,2026-08-20 17:00:00,2026-08-20 11:30:00,4.01119666
haldia,2026-08-20 18:00:00,2026-08-20 12:30:00,3.44300164
haldia,2026-08-20 19:00:00,2026-08-20 13:30:00,2.97272287
haldia,2026-08-20 20:00:00,2026-08-20 14:30:00,2.54611544
haldia,2026-08-20 21:00:00,2026-08-20 15:30:00,2.22754692
haldia,2026-08-20 22:00:00,2026-08-20 16:30:00,2.26445430
haldia,2026-08-20 23:00:00,2026-08-20 17:30:00,2.69020415
haldia,2026-08-21 00:00:00,2026-08-20 18:30:00,3.29918459
haldia,2026-08-21 01:00:00,2026-08-20 19:30:00,3.90151762
haldia,2026-08-21 02:00:00,2026-08-20 20:30:00,4.36874356
haldia,2026-08-21 03:00:00,2026-08-20 21:30:00,4.63207161
haldia,2026-08-21 04:00:00,2026-08-20 22:30:00,4.65165623
haldia,2026-08-21 05:00:00,2026-08-20 23:30:00,4.38452531
haldia,2026-08-21 06:00:00,2026-08-21 00:30:00,3.93897310
haldia,2026-08-21 07:00:00,2026-08-21 01:30:00,3.51444865
haldia,2026-08-21 08:00:00,2026-08-21 02:30:00,3.11383087
haldia,2026-08-21 09:00:00,2026-08-21 03:30:00,2.72109364
haldia,2026-08-21 10:00:00,2026-08-21 04:30:00,2.56175348
haldia,2026-08-21 11:00:00,2026-08-21 05:30:00,2.77009117
haldia,2026-08-21 12:00:00,2026-08-21 06:30:00,3.17370106
haldia,2026-08-21 13:00:00,2026-08-21 07:30:00,3.59202447
haldia,2026-08-21 14:00:00,2026-08-21 08:30:00,3.95810061
haldia,2026-08-21 15:00:00,2026-08-21 09:30:00,4.20926707
haldia,2026-08-21 16:00:00,2026-08-21 10:30:00,4.28717447
haldia,2026-08-21 17:00:00,2026-08-21 11:30:00,4.14583467
haldia,2026-08-21 18:00:00,2026-08-21 12:30:00,3.81687887
haldia,2026-08-21 19:00:00,2026-08-21 13:30:00,3.44918454
haldia,2026-08-21 20:00:00,2026-08-21 14:30:00,3.10286831
haldia,2026-08-21 21:00:00,2026-08-21 15:30:00,2.74721582
haldia,2026-08-21 22:00:00,2026-08-21 16:30:00,2.52920688
haldia,2026-08-21 23:00:00,2026-08-21 17:30:00,2.61921012
haldia,2026-08-22 00:00:00,2026-08-21 18:30:00,2.92136826
haldia,2026-08-22 01:00:00,2026-08-21 19:30:00,3.28245534
haldia,2026-08-22 02:00:00,2026-08-21 20:30:00,3.67022303
haldia,2026-08-22 03:00:00,2026-08-21 21:30:00,4.03100860
haldia,2026-08-22 04:00:00,2026-08-21 22:30:00,4.28537836
haldia,2026-08-22 05:00:00,2026-08-21 23:30:00,4.38086069
haldia,2026-08-22 06:00:00,2026-08-22 00:30:00,4.27789044
haldia,2026-08-22 07:00:00,2026-08-22 01:30:00,4.03745196
haldia,2026-08-22 08:00:00,2026-08-22 02:30:00,3.74713333
haldia,2026-08-22 09:00:00,2026-08-22 03:30:00,3.37853729
haldia,2026-08-22 10:00:00,2026-08-22 04:30:00,3.00299085
haldia,2026-08-22 11:00:00,2026-08-22 05:30:00,2.85022410
haldia,2026-08-22 12:00:00,2026-08-22 06:30:00,2.94631779
haldia,2026-08-22 13:00:00,2026-08-22 07:30:00,3.12304843
haldia,2026-08-22 14:00:00,2026-08-22 08:30:00,3.33501829
haldia,2026-08-22 15:00:00,2026-08-22 09:30:00,3.59436425
haldia,2026-08-22 16:00:00,2026-08-22 10:30:00,3.83390403
haldia,2026-08-22 17:00:00,2026-08-22 11:30:00,3.98910643
haldia,2026-08-22 18:00:00,2026-08-22 12:30:00,4.00716910
haldia,2026-08-22 19:00:00,2026-08-22 13:30:00,3.87349891
haldia,2026-08-22 20:00:00,2026-08-22 14:30:00,3.65430343
haldia,2026-08-22 21:00:00,2026-08-22 15:30:00,3.36877463
haldia,2026-08-22 22:00:00,2026-08-22 16:30:00,3.03065726
haldia,2026-08-22 23:00:00,2026-08-22 17:30:00,2.79989631
haldia,2026-08-23 00:00:00,2026-08-22 18:30:00,2.77552366
haldia,2026-08-23 01:00:00,2026-08-22 19:30:00,2.86645988
haldia,2026-08-23 02:00:00,2026-08-22 20:30:00,3.04148862
haldia,2026-08-23 03:00:00,2026-08-22 21:30:00,3.34312151
haldia,2026-08-23 04:00:00,2026-08-22 22:30:00,3.71227378
haldia,2026-08-23 05:00:00,2026-08-22 23:30:00,4.06829791
haldia,2026-08-23 06:00:00,2026-08-23 00:30:00,4.34421859
haldia,2026-08-23 07:00:00,2026-08-23 01:30:00,4.43849753
haldia,2026-08-23 08:00:00,2026-08-23 02:30:00,4.33276728
haldia,2026-08-23 09:00:00,2026-08-23 03:30:00,4.06672389
haldia,2026-08-23 10:00:00,2026-08-23 04:30:00,3.64575450
haldia,2026-08-23 11:00:00,2026-08-23 05:30:00,3.20410102
haldia,2026-08-23 12:00:00,2026-08-23 06:30:00,2.94951460
haldia,2026-08-23 13:00:00,2026-08-23 07:30:00,2.86939438
haldia,2026-08-23 14:00:00,2026-08-23 08:30:00,2.86482901
haldia,2026-08-23 15:00:00,2026-08-23 09:30:00,2.98090663
haldia,2026-08-23 16:00:00,2026-08-23 10:30:00,3.24472699
haldia,2026-08-23 17:00:00,2026-08-23 11:30:00,3.58513432
haldia,2026-08-23 18:00:00,2026-08-23 12:30:00,3.92295540
haldia,2026-08-23 19:00:00,2026-08-23 13:30:00,4.13988165
haldia,2026-08-23 20:00:00,2026-08-23 14:30:00,4.15042697
haldia,2026-08-23 21:00:00,2026-08-23 15:30:00,3.98744999
haldia,2026-08-23 22:00:00,2026-08-23 16:30:00,3.67289964
haldia,2026-08-23 23:00:00,2026-08-23 17:30:00,3.24920033
haldia,2026-08-24 00:00:00,2026-08-23 18:30:00,2.88625697
haldia,2026-08-24 01:00:00,2026-08-23 19:30:00,2.68252025
haldia,2026-08-24 02:00:00,2026-08-23 20:30:00,2.60574171
haldia,2026-08-24 03:00:00,2026-08-23 21:30:00,2.69999477
haldia,2026-08-24 04:00:00,2026-08-23 22:30:00,3.02401789
haldia,2026-08-24 05:00:00,2026-08-23 23:30:00,3.52024668
haldia,2026-08-24 06:00:00,2026-08-24 00:30:00,4.09462841
haldia,2026-08-24 07:00:00,2026-08-24 01:30:00,4.58985289
haldia,2026-08-24 08:00:00,2026-08-24 02:30:00,4.80587437
haldia,2026-08-24 09:00:00,2026-08-24 03:30:00,4.70282392
haldia,2026-08-24 10:00:00,2026-08-24 04:30:00,4.34547614
haldia,2026-08-24 11:00:00,2026-08-24 05:30:00,3.78911665
haldia,2026-08-24 12:00:00,2026-08-24 06:30:00,3.21752220
haldia,2026-08-24 13:00:00,2026-08-24 07:30:00,2.83159993
haldia,2026-08-24 14:00:00,2026-08-24 08:30:00,2.60773618
haldia,2026-08-24 15:00:00,2026-08-24 09:30:00,2.50261000
haldia,2026-08-24 16:00:00,2026-08-24 10:30:00,2.62300978
haldia,2026-08-24 17:00:00,2026-08-24 11:30:00,3.01312866
haldia,2026-08-24 18:00:00,2026-08-24 12:30:00,3.57779552
haldia,2026-08-24 19:00:00,2026-08-24 13:30:00,4.14942015
haldia,2026-08-24 20:00:00,2026-08-24 14:30:00,4.50927563
haldia,2026-08-24 21:00:00,2026-08-24 15:30:00,4.55109014
haldia,2026-08-24 22:00:00,2026-08-24 16:30:00,4.32695804
haldia,2026-08-24 23:00:00,2026-08-24 17:30:00,3.87158876
haldia,2026-08-25 00:00:00,2026-08-24 18:30:00,3.27242662
haldia,2026-08-25 01:00:00,2026-08-24 19:30:00,2.74940654
haldia,2026-08-25 02:00:00,2026-08-24 20:30:00,2.41155044
haldia,2026-08-25 03:00:00,2026-08-24 21:30:00,2.24652909
haldia,2026-08-25 04:00:00,2026-08-24 22:30:00,2.34888714
haldia,2026-08-25 05:00:00,2026-08-24 23:30:00,2.81669187
haldia,2026-08-25 06:00:00,2026-08-25 00:30:00,3.57763273
haldia,2026-08-25 07:00:00,2026-08-25 01:30:00,4.42492032
haldia,2026-08-25 08:00:00,2026-08-25 02:30:00,5.05456993
haldia,2026-08-25 09:00:00,2026-08-25 03:30:00,5.23694171
haldia,2026-08-25 10:00:00,2026-08-25 04:30:00,5.00041620
haldia,2026-08-25 11:00:00,2026-08-25 05:30:00,4.45989404
haldia,2026-08-25 12:00:00,2026-08-25 06:30:00,3.72413318
haldia,2026-08-25 13:00:00,2026-08-25 07:30:00,3.03340771
haldia,2026-08-25 14:00:00,2026-08-25 08:30:00,2.56267145
haldia,2026-08-25 15:00:00,2026-08-25 09:30:00,2.24827523
haldia,2026-08-25 16:00:00,2026-08-25 10:30:00,2.11258514
haldia,2026-08-25 17:00:00,2026-08-25 11:30:00,2.35854405
haldia,2026-08-25 18:00:00,2026-08-25 12:30:00,3.02322253
haldia,2026-08-25 19:00:00,2026-08-25 13:30:00,3.88606667
haldia,2026-08-25 20:00:00,2026-08-25 14:30:00,4.63054254
haldia,2026-08-25 21:00:00,2026-08-25 15:30:00,4.99504811
haldia,2026-08-25 22:00:00,2026-08-25 16:30:00,4.93020069
haldia,2026-08-25 23:00:00,2026-08-25 17:30:00,4.52476062
haldia,2026-08-26 00:00:00,2026-08-25 18:30:00,3.84802858
haldia,2026-08-26 01:00:00,2026-08-25 19:30:00,3.07757804
haldia,2026-08-26 02:00:00,2026-08-25 20:30:00,2.46535587
haldia,2026-08-26 03:00:00,2026-08-25 21:30:00,2.05986201
haldia,2026-08-26 04:00:00,2026-08-25 22:30:00,1.86248886
haldia,2026-08-26 05:00:00,2026-08-25 23:30:00,2.08341566
haldia,2026-08-26 06:00:00,2026-08-26 00:30:00,2.85610544
haldia,2026-08-26 07:00:00,2026-08-26 01:30:00,3.96584555
haldia,2026-08-26 08:00:00,2026-08-26 02:30:00,4.99813587
haldia,2026-08-26 09:00:00,2026-08-26 03:30:00,5.57475202
haldia,2026-08-26 10:00:00,2026-08-26 04:30:00,5.56502358
haldia,2026-08-26 11:00:00,2026-08-26 05:30:00,5.09975176
haldia,2026-08-26 12:00:00,2026-08-26 06:30:00,4.33622655
haldia,2026-08-26 13:00:00,2026-08-26 07:30:00,3.45555756
haldia,2026-08-26 14:00:00,2026-08-26 08:30:00,2.72627383
haldia,2026-08-26 15:00:00,2026-08-26 09:30:00,2.22105220
haldia,2026-08-26 16:00:00,2026-08-26 10:30:00,1.84425478
haldia,2026-08-26 17:00:00,2026-08-26 11:30:00,1.77599522
haldia,2026-08-26 18:00:00,2026-08-26 12:30:00,2.32060270
haldia,2026-08-26 19:00:00,2026-08-26 13:30:00,3.37243087
haldia,2026-08-26 20:00:00,2026-08-26 14:30:00,4.47720571
haldia,2026-08-26 21:00:00,2026-08-26 15:30:00,5.22468608
haldia,2026-08-26 22:00:00,2026-08-26 16:30:00,5.42938047
haldia,2026-08-26 23:00:00,2026-08-26 17:30:00,5.13498550
haldia,2026-08-27 00:00:00,2026-08-26 18:30:00,4.47073729
haldia,2026-08-27 01:00:00,2026-08-26 19:30:00,3.58957225
haldia,2026-08-27 02:00:00,2026-08-26 20:30:00,2.75180704
haldia,2026-08-27 03:00:00,2026-08-26 21:30:00,2.13202685
haldia,2026-08-27 04:00:00,2026-08-26 22:30:00,1.68268710
haldia,2026-08-27 05:00:00,2026-08-26 23:30:00,1.52953879
haldia,2026-08-27 06:00:00,2026-08-27 00:30:00,2.04639854
haldia,2026-08-27 07:00:00,2026-08-27 01:30:00,3.25333456
haldia,2026-08-27 08:00:00,2026-08-27 02:30:00,4.63743842
haldia,2026-08-27 09:00:00,2026-08-27 03:30:00,5.63251526
haldia,2026-08-27 10:00:00,2026-08-27 04:30:00,5.96214193
haldia,2026-08-27 11:00:00,2026-08-27 05:30:00,5.66256131
haldia,2026-08-27 12:00:00,2026-08-27 06:30:00,4.93403472
haldia,2026-08-27 13:00:00,2026-08-27 07:30:00,3.98489247
haldia,2026-08-27 14:00:00,2026-08-27 08:30:00,3.06797177
haldia,2026-08-27 15:00:00,2026-08-27 09:30:00,2.37897352
haldia,2026-08-27 16:00:00,2026-08-27 10:30:00,1.84020628
haldia,2026-08-27 17:00:00,2026-08-27 11:30:00,1.44844976
haldia,2026-08-27 18:00:00,2026-08-27 12:30:00,1.62704845
haldia,2026-08-27 19:00:00,2026-08-27 13:30:00,2.63876083
haldia,2026-08-27 20:00:00,2026-08-27 14:30:00,4.04875936
haldia,2026-08-27 21:00:00,2026-08-27 15:30:00,5.19491413
haldia,2026-08-27 22:00:00,2026-08-27 16:30:00,5.74112469
haldia,2026-08-27 23:00:00,2026-08-27 17:30:00,5.65769631
haldia,2026-08-28 00:00:00,2026-08-27 18:30:00,5.06408151
haldia,2026-08-28 01:00:00,2026-08-27 19:30:00,4.15590479
haldia,2026-08-28 02:00:00,2026-08-27 20:30:00,3.19125424
haldia,2026-08-28 03:00:00,2026-08-27 21:30:00,2.40362937
haldia,2026-08-28 04:00:00,2026-08-27 22:30:00,1.79259021
haldia,2026-08-28 05:00:00,2026-08-27 23:30:00,1.32404642
haldia,2026-08-28 06:00:00,2026-08-28 00:30:00,1.38167020
haldia,2026-08-28 07:00:00,2026-08-28 01:30:00,2.37917930
haldia,2026-08-28 08:00:00,2026-08-28 02:30:00,3.98833126
haldia,2026-08-28 09:00:00,2026-08-28 03:30:00,5.39940887
haldia,2026-08-28 10:00:00,2026-08-28 04:30:00,6.11420088
haldia,2026-08-28 11:00:00,2026-08-28 05:30:00,6.08726992
haldia,2026-08-28 12:00:00,2026-08-28 06:30:00,5.47549055
haldia,2026-08-28 13:00:00,2026-08-28 07:30:00,4.51717426
haldia,2026-08-28 14:00:00,2026-08-28 08:30:00,3.49576794
haldia,2026-08-28 15:00:00,2026-08-28 09:30:00,2.65983915
haldia,2026-08-28 16:00:00,2026-08-28 10:30:00,2.02074329
haldia,2026-08-28 17:00:00,2026-08-28 11:30:00,1.43829740
haldia,2026-08-28 18:00:00,2026-08-28 12:30:00,1.17718522
haldia,2026-08-28 19:00:00,2026-08-28 13:30:00,1.82553732
haldia,2026-08-28 20:00:00,2026-08-28 14:30:00,3.33843789
haldia,2026-08-28 21:00:00,2026-08-28 15:30:00,4.89243136
haldia,2026-08-28 22:00:00,2026-08-28 16:30:00,5.82259684
haldia,2026-08-28 23:00:00,2026-08-28 17:30:00,6.02207563
haldia,2026-08-29 00:00:00,2026-08-28 18:30:00,5.59480099
haldia,2026-08-29 01:00:00,2026-08-28 19:30:00,4.71388154
haldia,2026-08-29 02:00:00,2026-08-28 20:30:00,3.67635909
haldia,2026-08-29 03:00:00,2026-08-28 21:30:00,2.77662998
haldia,2026-08-29 04:00:00,2026-08-28 22:30:00,2.07955271
haldia,2026-08-29 05:00:00,2026-08-28 23:30:00,1.45717396
haldia,2026-08-29 06:00:00,2026-08-29 00:30:00,1.08592133
haldia,2026-08-29 07:00:00,2026-08-29 01:30:00,1.57747503
haldia,2026-08-29 08:00:00,2026-08-29 02:30:00,3.09982997
haldia,2026-08-29 09:00:00,2026-08-29 03:30:00,4.86840515
haldia,2026-08-29 10:00:00,2026-08-29 04:30:00,6.00734024
haldia,2026-08-29 11:00:00,2026-08-29 05:30:00,6.30470627
haldia,2026-08-29 12:00:00,2026-08-29 06:30:00,5.91532992
haldia,2026-08-29 13:00:00,2026-08-29 07:30:00,5.02873261
haldia,2026-08-29 14:00:00,2026-08-29 08:30:00,3.94042495
haldia,2026-08-29 15:00:00,2026-08-29 09:30:00,2.98637608
haldia,2026-08-29 16:00:00,2026-08-29 10:30:00,2.27808986
haldia,2026-08-29 17:00:00,2026-08-29 11:30:00,1.64567865
haldia,2026-08-29 18:00:00,2026-08-29 12:30:00,1.09440679
haldia,2026-08-29 19:00:00,2026-08-29 13:30:00,1.20258974
haldia,2026-08-29 20:00:00,2026-08-29 14:30:00,2.44411335
haldia,2026-08-29 21:00:00,2026-08-29 15:30:00,4.27211895
haldia,2026-08-29 22:00:00,2026-08-29 16:30:00,5.65690801
haldia,2026-08-29 23:00:00,2026-08-29 17:30:00,6.18781101
haldia,2026-08-30 00:00:00,2026-08-29 18:30:00,6.00129888
haldia,2026-08-30 01:00:00,2026-08-29 19:30:00,5.25093363
haldia,2026-08-30 02:00:00,2026-08-29 20:30:00,4.17812311
haldia,2026-08-30 03:00:00,2026-08-29 21:30:00,3.16852802
haldia,2026-08-30 04:00:00,2026-08-29 22:30:00,2.41365157
haldia,2026-08-30 05:00:00,2026-08-29 23:30:00,1.77252081
haldia,2026-08-30 06:00:00,2026-08-30 00:30:00,1.18204162
haldia,2026-08-30 07:00:00,2026-08-30 01:30:00,1.12081650
haldia,2026-08-30 08:00:00,2026-08-30 02:30:00,2.17600661
haldia,2026-08-30 09:00:00,2026-08-30 03:30:00,4.03345321
haldia,2026-08-30 10:00:00,2026-08-30 04:30:00,5.61757274
haldia,2026-08-30 11:00:00,2026-08-30 05:30:00,6.29803740
haldia,2026-08-30 12:00:00,2026-08-30 06:30:00,6.18555699
haldia,2026-08-30 13:00:00,2026-08-30 07:30:00,5.49205178
haldia,2026-08-30 14:00:00,2026-08-30 08:30:00,4.41499652
haldia,2026-08-30 15:00:00,2026-08-30 09:30:00,3.33533122
haldia,2026-08-30 16:00:00,2026-08-30 10:30:00,2.53723455
haldia,2026-08-30 17:00:00,2026-08-30 11:30:00,1.91803392
haldia,2026-08-30 18:00:00,2026-08-30 12:30:00,1.29098621
haldia,2026-08-30 19:00:00,2026-08-30 13:30:00,0.96597978
haldia,2026-08-30 20:00:00,2026-08-30 14:30:00,1.64031221
haldia,2026-08-30 21:00:00,2026-08-30 15:30:00,3.36684643
haldia,2026-08-30 22:00:00,2026-08-30 16:30:00,5.16595462
haldia,2026-08-30 23:00:00,2026-08-30 17:30:00,6.13530045
haldia,2026-08-31 00:00:00,2026-08-30 18:30:00,6.23307124
haldia,2026-08-31 01:00:00,2026-08-30 19:30:00,5.71017028
haldia,2026-08-31 02:00:00,2026-08-30 20:30:00,4.71855272
haldia,2026-08-31 03:00:00,2026-08-30 21:30:00,3.59836387
haldia,2026-08-31 04:00:00,2026-08-30 22:30:00,2.73242267
haldia,2026-08-31 05:00:00,2026-08-30 23:30:00,2.10686403
haldia,2026-08-31 06:00:00,2026-08-31 00:30:00,1.50078601
haldia,2026-08-31 07:00:00,2026-08-31 01:30:00,1.09224309
haldia,2026-08-31 08:00:00,2026-08-31 02:30:00,1.52104423
haldia,2026-08-31 09:00:00,2026-08-31 03:30:00,3.04169308
haldia,2026-08-31 10:00:00,2026-08-31 04:30:00,4.88472503
haldia,2026-08-31 11:00:00,2026-08-31 05:30:00,6.03108816
haldia,2026-08-31 12:00:00,2026-08-31 06:30:00,6.25303196
haldia,2026-08-31 13:00:00,2026-08-31 07:30:00,5.82674096
haldia,2026-08-31 14:00:00,2026-08-31 08:30:00,4.91373670
haldia,2026-08-31 15:00:00,2026-08-31 09:30:00,3.76824134
haldia,2026-08-31 16:00:00,2026-08-31 10:30:00,2.81643857
haldia,2026-08-31 17:00:00,2026-08-31 11:30:00,2.17040819
haldia,2026-08-31 18:00:00,2026-08-31 12:30:00,1.58925981
haldia,2026-08-31 19:00:00,2026-08-31 13:30:00,1.07801053
haldia,2026-08-31 20:00:00,2026-08-31 14:30:00,1.19278812
haldia,2026-08-31 21:00:00,2026-08-31 15:30:00,2.42239969
haldia,2026-08-31 22:00:00,2026-08-31 16:30:00,4.31061595
haldia,2026-08-31 23:00:00,2026-08-31 17:30:00,5.76358315
haldia,2026-09-01 00:00:00,2026-08-31 18:30:00,6.25586532
haldia,2026-09-01 01:00:00,2026-08-31 19:30:00,6.00998050
haldia,2026-09-01 02:00:00,2026-08-31 20:30:00,5.24376840
haldia,2026-09-01 03:00:00,2026-08-31 21:30:00,4.13312737
haldia,2026-09-01 04:00:00,2026-08-31 22:30:00,3.10243331
haldia,2026-09-01 05:00:00,2026-08-31 23:30:00,2.40845689
haldia,2026-09-01 06:00:00,2026-09-01 00:30:00,1.86105283
haldia,2026-09-01 07:00:00,2026-09-01 01:30:00,1.35323728
haldia,2026-09-01 08:00:00,2026-09-01 02:30:00,1.29682459
haldia,2026-09-01 09:00:00,2026-09-01 03:30:00,2.20689129
haldia,2026-09-01 10:00:00,2026-09-01 04:30:00,3.88860985
haldia,2026-09-01 11:00:00,2026-09-01 05:30:00,5.40411812
haldia,2026-09-01 12:00:00,2026-09-01 06:30:00,6.06694271
haldia,2026-09-01 13:00:00,2026-09-01 07:30:00,5.95980920
haldia,2026-09-01 14:00:00,2026-09-01 08:30:00,5.33124053
haldia,2026-09-01 15:00:00,2026-09-01 09:30:00,4.30345946
haldia,2026-09-01 16:00:00,2026-09-01 10:30:00,3.22103985
haldia,2026-09-01 17:00:00,2026-09-01 11:30:00,2.44384975
haldia,2026-09-01 18:00:00,2026-09-01 12:30:00,1.89058346
haldia,2026-09-01 19:00:00,2026-09-01 13:30:00,1.37015694
haldia,2026-09-01 20:00:00,2026-09-01 14:30:00,1.14478676
haldia,2026-09-01 21:00:00,2026-09-01 15:30:00,1.75900720
haldia,2026-09-01 22:00:00,2026-09-01 16:30:00,3.28716991
haldia,2026-09-01 23:00:00,2026-09-01 17:30:00,4.97555741
haldia,2026-09-02 00:00:00,2026-09-01 18:30:00,5.95543390
haldia,2026-09-02 01:00:00,2026-09-01 19:30:00,6.07936736
haldia,2026-09-02 02:00:00,2026-09-01 20:30:00,5.62211627
haldia,2026-09-02 03:00:00,2026-09-01 21:30:00,4.72292435
haldia,2026-09-02 04:00:00,2026-09-01 22:30:00,3.63194719
haldia,2026-09-02 05:00:00,2026-09-01 23:30:00,2.77268095
haldia,2026-09-02 06:00:00,2026-09-02 00:30:00,2.21335249
haldia,2026-09-02 07:00:00,2026-09-02 01:30:00,1.73227924
haldia,2026-09-02 08:00:00,2026-09-02 02:30:00,1.43456982
haldia,2026-09-02 09:00:00,2026-09-02 03:30:00,1.77258806
haldia,2026-09-02 10:00:00,2026-09-02 04:30:00,2.93543683
haldia,2026-09-02 11:00:00,2026-09-02 05:30:00,4.44148152
haldia,2026-09-02 12:00:00,2026-09-02 06:30:00,5.50954729
haldia,2026-09-02 13:00:00,2026-09-02 07:30:00,5.81502854
haldia,2026-09-02 14:00:00,2026-09-02 08:30:00,5.53199020
haldia,2026-09-02 15:00:00,2026-09-02 09:30:00,4.80513195
haldia,2026-09-02 16:00:00,2026-09-02 10:30:00,3.78816432
haldia,2026-09-02 17:00:00,2026-09-02 11:30:00,2.86409219
haldia,2026-09-02 18:00:00,2026-09-02 12:30:00,2.23515115
haldia,2026-09-02 19:00:00,2026-09-02 13:30:00,1.73843190
haldia,2026-09-02 20:00:00,2026-09-02 14:30:00,1.37298837
haldia,2026-09-02 21:00:00,2026-09-02 15:30:00,1.51528088
haldia,2026-09-02 22:00:00,2026-09-02 16:30:00,2.45226308
haldia,2026-09-02 23:00:00,2026-09-02 17:30:00,3.92052162
haldia,2026-09-03 00:00:00,2026-09-02 18:30:00,5.20714538
haldia,2026-09-03 01:00:00,2026-09-02 19:30:00,5.79550404
haldia,2026-09-03 02:00:00,2026-09-02 20:30:00,5.72353217
haldia,2026-09-03 03:00:00,2026-09-02 21:30:00,5.17813853
haldia,2026-09-03 04:00:00,2026-09-02 22:30:00,4.27358145
haldia,2026-09-03 05:00:00,2026-09-02 23:30:00,3.32548863
haldia,2026-09-03 06:00:00,2026-09-03 00:30:00,2.65091421
haldia,2026-09-03 07:00:00,2026-09-03 01:30:00,2.17817002
haldia,2026-09-03 08:00:00,2026-09-03 02:30:00,1.79842530
haldia,2026-09-03 09:00:00,2026-09-03 03:30:00,1.75816707
haldia,2026-09-03 10:00:00,2026-09-03 04:30:00,2.33873368
haldia,2026-09-03 11:00:00,2026-09-03 05:30:00,3.43794115
haldia,2026-09-03 12:00:00,2026-09-03 06:30:00,4.57937779
haldia,2026-09-03 13:00:00,2026-09-03 07:30:00,5.27692050
haldia,2026-09-03 14:00:00,2026-09-03 08:30:00,5.40165558
haldia,2026-09-03 15:00:00,2026-09-03 09:30:00,5.06583166
haldia,2026-09-03 16:00:00,2026-09-03 10:30:00,4.35405566
haldia,2026-09-03 17:00:00,2026-09-03 11:30:00,3.47048276
haldia,2026-09-03 18:00:00,2026-09-03 12:30:00,2.73481343
haldia,2026-09-03 19:00:00,2026-09-03 13:30:00,2.20447898
haldia,2026-09-03 20:00:00,2026-09-03 14:30:00,1.78315944
haldia,2026-09-03 21:00:00,2026-09-03 15:30:00,1.63576065
haldia,2026-09-03 22:00:00,2026-09-03 16:30:00,2.03590653
haldia,2026-09-03 23:00:00,2026-09-03 17:30:00,2.98039891
haldia,2026-09-04 00:00:00,2026-09-03 18:30:00,4.13777273
haldia,2026-09-04 01:00:00,2026-09-03 19:30:00,5.04158210
haldia,2026-09-04 02:00:00,2026-09-03 20:30:00,5.41705944
haldia,2026-09-04 03:00:00,2026-09-03 21:30:00,5.29895601
haldia,2026-09-04 04:00:00,2026-09-03 22:30:00,4.78545958
haldia,2026-09-04 05:00:00,2026-09-03 23:30:00,4.01283765
haldia,2026-09-04 06:00:00,2026-09-04 00:30:00,3.27912744
haldia,2026-09-04 07:00:00,2026-09-04 01:30:00,2.75112652
haldia,2026-09-04 08:00:00,2026-09-04 02:30:00,2.33484946
haldia,2026-09-04 09:00:00,2026-09-04 03:30:00,2.07369855
haldia,2026-09-04 10:00:00,2026-09-04 04:30:00,2.19832654
haldia,2026-09-04 11:00:00,2026-09-04 05:30:00,2.75894286
haldia,2026-09-04 12:00:00,2026-09-04 06:30:00,3.57025023
haldia,2026-09-04 13:00:00,2026-09-04 07:30:00,4.35380598
haldia,2026-09-04 14:00:00,2026-09-04 08:30:00,4.84160314
haldia,2026-09-04 15:00:00,2026-09-04 09:30:00,4.92845219
haldia,2026-09-04 16:00:00,2026-09-04 10:30:00,4.64904520
haldia,2026-09-04 17:00:00,2026-09-04 11:30:00,4.07775207
haldia,2026-09-04 18:00:00,2026-09-04 12:30:00,3.40626230
haldia,2026-09-04 19:00:00,2026-09-04 13:30:00,2.83464330
haldia,2026-09-04 20:00:00,2026-09-04 14:30:00,2.37135150
haldia,2026-09-04 21:00:00,2026-09-04 15:30:00,2.04599024
haldia,2026-09-04 22:00:00,2026-09-04 16:30:00,2.05015596
haldia,2026-09-04 23:00:00,2026-09-04 17:30:00,2.45914715
haldia,2026-09-05 00:00:00,2026-09-04 18:30:00,3.15335623
haldia,2026-09-05 01:00:00,2026-09-04 19:30:00,3.95592217
haldia,2026-09-05 02:00:00,2026-09-04 20:30:00,4.62271384
haldia,2026-09-05 03:00:00,2026-09-04 21:30:00,4.94743595
haldia,2026-09-05 04:00:00,2026-09-04 22:30:00,4.90578852
haldia,2026-09-05 05:00:00,2026-09-04 23:30:00,4.55627136
haldia,2026-09-05 06:00:00,2026-09-05 00:30:00,4.02117709
haldia,2026-09-05 07:00:00,2026-09-05 01:30:00,3.49803116
haldia,2026-09-05 08:00:00,2026-09-05 02:30:00,3.05200061
haldia,2026-09-05 09:00:00,2026-09-05 03:30:00,2.66123351
haldia,2026-09-05 10:00:00,2026-09-05 04:30:00,2.45812155
haldia,2026-09-05 11:00:00,2026-09-05 05:30:00,2.55775254
haldia,2026-09-05 12:00:00,2026-09-05 06:30:00,2.88332810
haldia,2026-09-05 13:00:00,2026-09-05 07:30:00,3.35637067
haldia,2026-09-05 14:00:00,2026-09-05 08:30:00,3.89921929
haldia,2026-09-05 15:00:00,2026-09-05 09:30:00,4.32066770
haldia,2026-09-05 16:00:00,2026-09-05 10:30:00,4.48253798
haldia,2026-09-05 17:00:00,2026-09-05 11:30:00,4.37881875
haldia,2026-09-05 18:00:00,2026-09-05 12:30:00,4.04837623
haldia,2026-09-05 19:00:00,2026-09-05 13:30:00,3.59867499
haldia,2026-09-05 20:00:00,2026-09-05 14:30:00,3.14067097
haldia,2026-09-05 21:00:00,2026-09-05 15:30:00,2.71658069
haldia,2026-09-05 22:00:00,2026-09-05 16:30:00,2.43500609
haldia,2026-09-05 23:00:00,2026-09-05 17:30:00,2.41370852
haldia,2026-09-06 00:00:00,2026-09-05 18:30:00,2.60801642
haldia,2026-09-06 01:00:00,2026-09-05 19:30:00,2.97243462
haldia,2026-09-06 02:00:00,2026-09-05 20:30:00,3.51872624
haldia,2026-09-06 03:00:00,2026-09-05 21:30:00,4.09730856
haldia,2026-09-06 04:00:00,2026-09-05 22:30:00,4.49621129
haldia,2026-09-06 05:00:00,2026-09-05 23:30:00,4.65664929
haldia,2026-09-06 06:00:00,2026-09-06 00:30:00,4.58221508
haldia,2026-09-06 07:00:00,2026-09-06 01:30:00,4.30418428
haldia,2026-09-06 08:00:00,2026-09-06 02:30:00,3.91709785
haldia,2026-09-06 09:00:00,2026-09-06 03:30:00,3.47487971
haldia,2026-09-06 10:00:00,2026-09-06 04:30:00,3.04825601
haldia,2026-09-06 11:00:00,2026-09-06 05:30:00,2.78255144
haldia,2026-09-06 12:00:00,2026-09-06 06:30:00,2.69231971
haldia,2026-09-06 13:00:00,2026-09-06 07:30:00,2.71027110
haldia,2026-09-06 14:00:00,2026-09-06 08:30:00,2.91640187
haldia,2026-09-06 15:00:00,2026-09-06 09:30:00,3.34428044
haldia,2026-09-06 16:00:00,2026-09-06 10:30:00,3.81483289
haldia,2026-09-06 17:00:00,2026-09-06 11:30:00,4.17053943
haldia,2026-09-06 18:00:00,2026-09-06 12:30:00,4.34696521
haldia,2026-09-06 19:00:00,2026-09-06 13:30:00,4.28341082
haldia,2026-09-06 20:00:00,2026-09-06 14:30:00,4.00025001
haldia,2026-09-06 21:00:00,2026-09-06 15:30:00,3.58737642
haldia,2026-09-06 22:00:00,2026-09-06 16:30:00,3.13615243
haldia,2026-09-06 23:00:00,2026-09-06 17:30:00,2.77626032
haldia,2026-09-07 00:00:00,2026-09-06 18:30:00,2.56823964
haldia,2026-09-07 01:00:00,2026-09-06 19:30:00,2.47090310
haldia,2026-09-07 02:00:00,2026-09-06 20:30:00,2.56721091
haldia,2026-09-07 03:00:00,2026-09-06 21:30:00,2.97912059
haldia,2026-09-07 04:00:00,2026-09-06 22:30:00,3.58861141
haldia,2026-09-07 05:00:00,2026-09-06 23:30:00,4.18752711
haldia,2026-09-07 06:00:00,2026-09-07 00:30:00,4.65934649
haldia,2026-09-07 07:00:00,2026-09-07 01:30:00,4.87938643
haldia,2026-09-07 08:00:00,2026-09-07 02:30:00,4.77322939
haldia,2026-09-07 09:00:00,2026-09-07 03:30:00,4.40672057
haldia,2026-09-07 10:00:00,2026-09-07 04:30:00,3.88164985
haldia,2026-09-07 11:00:00,2026-09-07 05:30:00,3.33865101
haldia,2026-09-07 12:00:00,2026-09-07 06:30:00,2.91492304
haldia,2026-09-07 13:00:00,2026-09-07 07:30:00,2.58236032
haldia,2026-09-07 14:00:00,2026-09-07 08:30:00,2.33487783
haldia,2026-09-07 15:00:00,2026-09-07 09:30:00,2.37478104
haldia,2026-09-07 16:00:00,2026-09-07 10:30:00,2.80155997
haldia,2026-09-07 17:00:00,2026-09-07 11:30:00,3.44892750
haldia,2026-09-07 18:00:00,2026-09-07 12:30:00,4.11066153
haldia,2026-09-07 19:00:00,2026-09-07 13:30:00,4.59430632
haldia,2026-09-07 20:00:00,2026-09-07 14:30:00,4.72910704
haldia,2026-09-07 21:00:00,2026-09-07 15:30:00,4.50972045
haldia,2026-09-07 22:00:00,2026-09-07 16:30:00,4.04508826
haldia,2026-09-07 23:00:00,2026-09-07 17:30:00,3.46474048
haldia,2026-09-08 00:00:00,2026-09-07 18:30:00,2.92716917
haldia,2026-09-08 01:00:00,2026-09-07 19:30:00,2.49252165
haldia,2026-09-08 02:00:00,2026-09-07 20:30:00,2.15205690
haldia,2026-09-08 03:00:00,2026-09-07 21:30:00,2.07471561
haldia,2026-09-08 04:00:00,2026-09-07 22:30:00,2.45993204
haldia,2026-09-08 05:00:00,2026-09-07 23:30:00,3.23287858
haldia,2026-09-08 06:00:00,2026-09-08 00:30:00,4.15194825
haldia,2026-09-08 07:00:00,2026-09-08 01:30:00,4.94991613
haldia,2026-09-08 08:00:00,2026-09-08 02:30:00,5.35459007
haldia,2026-09-08 09:00:00,2026-09-08 03:30:00,5.26863149
haldia,2026-09-08 10:00:00,2026-09-08 04:30:00,4.80320169
haldia,2026-09-08 11:00:00,2026-09-08 05:30:00,4.11870894
haldia,2026-09-08 12:00:00,2026-09-08 06:30:00,3.41685257
haldia,2026-09-08 13:00:00,2026-09-08 07:30:00,2.83242910
haldia,2026-09-08 14:00:00,2026-09-08 08:30:00,2.29916318
haldia,2026-09-08 15:00:00,2026-09-08 09:30:00,1.86059848
haldia,2026-09-08 16:00:00,2026-09-08 10:30:00,1.83926239
haldia,2026-09-08 17:00:00,2026-09-08 11:30:00,2.40876458
haldia,2026-09-08 18:00:00,2026-09-08 12:30:00,3.36931598
haldia,2026-09-08 19:00:00,2026-09-08 13:30:00,4.37119414
haldia,2026-09-08 20:00:00,2026-09-08 14:30:00,5.07076919
haldia,2026-09-08 21:00:00,2026-09-08 15:30:00,5.26214196
haldia,2026-09-08 22:00:00,2026-09-08 16:30:00,4.97469510
haldia,2026-09-08 23:00:00,2026-09-08 17:30:00,4.34673020
haldia,2026-09-09 00:00:00,2026-09-08 18:30:00,3.57022619
haldia,2026-09-09 01:00:00,2026-09-08 19:30:00,2.86386204
haldia,2026-09-09 02:00:00,2026-09-08 20:30:00,2.26674203
haldia,2026-09-09 03:00:00,2026-09-08 21:30:00,1.75638987
haldia,2026-09-09 04:00:00,2026-09-08 22:30:00,1.59423906
haldia,2026-09-09 05:00:00,2026-09-08 23:30:00,2.09512804
haldia,2026-09-09 06:00:00,2026-09-09 00:30:00,3.18184187
haldia,2026-09-09 07:00:00,2026-09-09 01:30:00,4.45095160
haldia,2026-09-09 08:00:00,2026-09-09 02:30:00,5.44068747
haldia,2026-09-09 09:00:00,2026-09-09 03:30:00,5.83472693
haldia,2026-09-09 10:00:00,2026-09-09 04:30:00,5.61662714
haldia,2026-09-09 11:00:00,2026-09-09 05:30:00,4.96135935
haldia,2026-09-09 12:00:00,2026-09-09 06:30:00,4.09144187
haldia,2026-09-09 13:00:00,2026-09-09 07:30:00,3.27421595
haldia,2026-09-09 14:00:00,2026-09-09 08:30:00,2.59940622
haldia,2026-09-09 15:00:00,2026-09-09 09:30:00,1.92163017
haldia,2026-09-09 16:00:00,2026-09-09 10:30:00,1.37059711
haldia,2026-09-09 17:00:00,2026-09-09 11:30:00,1.44247837
haldia,2026-09-09 18:00:00,2026-09-09 12:30:00,2.33275872
haldia,2026-09-09 19:00:00,2026-09-09 13:30:00,3.67057262
haldia,2026-09-09 20:00:00,2026-09-09 14:30:00,4.90638986
haldia,2026-09-09 21:00:00,2026-09-09 15:30:00,5.63513919
haldia,2026-09-09 22:00:00,2026-09-09 16:30:00,5.71424318
haldia,2026-09-09 23:00:00,2026-09-09 17:30:00,5.22803030
haldia,2026-09-10 00:00:00,2026-09-09 18:30:00,4.36930515
haldia,2026-09-10 01:00:00,2026-09-09 19:30:00,3.43481519
haldia,2026-09-10 02:00:00,2026-09-09 20:30:00,2.65854536
haldia,2026-09-10 03:00:00,2026-09-09 21:30:00,1.96748540
haldia,2026-09-10 04:00:00,2026-09-09 22:30:00,1.34423139
haldia,2026-09-10 05:00:00,2026-09-09 23:30:00,1.23685569
haldia,2026-09-10 06:00:00,2026-09-10 00:30:00,2.04718679
haldia,2026-09-10 07:00:00,2026-09-10 01:30:00,3.52302033
haldia,2026-09-10 08:00:00,2026-09-10 02:30:00,5.00466618
haldia,2026-09-10 09:00:00,2026-09-10 03:30:00,5.94712535
haldia,2026-09-10 10:00:00,2026-09-10 04:30:00,6.14348959
haldia,2026-09-10 11:00:00,2026-09-10 05:30:00,5.68949397
haldia,2026-09-10 12:00:00,2026-09-10 06:30:00,4.81185729
haldia,2026-09-10 13:00:00,2026-09-10 07:30:00,3.81553930
haldia,2026-09-10 14:00:00,2026-09-10 08:30:00,2.99084136
haldia,2026-09-10 15:00:00,2026-09-10 09:30:00,2.28629357
haldia,2026-09-10 16:00:00,2026-09-10 10:30:00,1.50030621
haldia,2026-09-10 17:00:00,2026-09-10 11:30:00,0.97113997
haldia,2026-09-10 18:00:00,2026-09-10 12:30:00,1.35762055
haldia,2026-09-10 19:00:00,2026-09-10 13:30:00,2.69130591
haldia,2026-09-10 20:00:00,2026-09-10 14:30:00,4.30900018
haldia,2026-09-10 21:00:00,2026-09-10 15:30:00,5.55098250
haldia,2026-09-10 22:00:00,2026-09-10 16:30:00,6.10102619
haldia,2026-09-10 23:00:00,2026-09-10 17:30:00,5.92270031
haldia,2026-09-11 00:00:00,2026-09-10 18:30:00,5.15935473
haldia,2026-09-11 01:00:00,2026-09-10 19:30:00,4.10691277
haldia,2026-09-11 02:00:00,2026-09-10 20:30:00,3.14274124
haldia,2026-09-11 03:00:00,2026-09-10 21:30:00,2.38422406
haldia,2026-09-11 04:00:00,2026-09-10 22:30:00,1.62200188
haldia,2026-09-11 05:00:00,2026-09-10 23:30:00,0.98946804
haldia,2026-09-11 06:00:00,2026-09-11 00:30:00,1.16264364
haldia,2026-09-11 07:00:00,2026-09-11 01:30:00,2.42953852
haldia,2026-09-11 08:00:00,2026-09-11 02:30:00,4.18655277
haldia,2026-09-11 09:00:00,2026-09-11 03:30:00,5.60964763
haldia,2026-09-11 10:00:00,2026-09-11 04:30:00,6.28084690
haldia,2026-09-11 11:00:00,2026-09-11 05:30:00,6.17018572
haldia,2026-09-11 12:00:00,2026-09-11 06:30:00,5.44449470
haldia,2026-09-11 13:00:00,2026-09-11 07:30:00,4.39319119
haldia,2026-09-11 14:00:00,2026-09-11 08:30:00,3.39811494
haldia,2026-09-11 15:00:00,2026-09-11 09:30:00,2.65414776
haldia,2026-09-11 16:00:00,2026-09-11 10:30:00,1.92294841
haldia,2026-09-11 17:00:00,2026-09-11 11:30:00,1.10124393
haldia,2026-09-11 18:00:00,2026-09-11 12:30:00,0.82503901
haldia,2026-09-11 19:00:00,2026-09-11 13:30:00,1.72497699
haldia,2026-09-11 20:00:00,2026-09-11 14:30:00,3.44752919
haldia,2026-09-11 21:00:00,2026-09-11 15:30:00,5.08892767
haldia,2026-09-11 22:00:00,2026-09-11 16:30:00,6.08818969
haldia,2026-09-11 23:00:00,2026-09-11 17:30:00,6.30742405
haldia,2026-09-12 00:00:00,2026-09-11 18:30:00,5.79399675
haldia,2026-09-12 01:00:00,2026-09-11 19:30:00,4.77578807
haldia,2026-09-12 02:00:00,2026-09-11 20:30:00,3.66508448
haldia,2026-09-12 03:00:00,2026-09-11 21:30:00,2.79240222
haldia,2026-09-12 04:00:00,2026-09-11 22:30:00,2.06211101
haldia,2026-09-12 05:00:00,2026-09-11 23:30:00,1.26758271
haldia,2026-09-12 06:00:00,2026-09-12 00:30:00,0.83769267
haldia,2026-09-12 07:00:00,2026-09-12 01:30:00,1.51252148
haldia,2026-09-12 08:00:00,2026-09-12 02:30:00,3.19325647
haldia,2026-09-12 09:00:00,2026-09-12 03:30:00,4.94714322
haldia,2026-09-12 10:00:00,2026-09-12 04:30:00,6.04665536
haldia,2026-09-12 11:00:00,2026-09-12 05:30:00,6.33388937
haldia,2026-09-12 12:00:00,2026-09-12 06:30:00,5.89399745
haldia,2026-09-12 13:00:00,2026-09-12 07:30:00,4.93352991
haldia,2026-09-12 14:00:00,2026-09-12 08:30:00,3.83122776
haldia,2026-09-12 15:00:00,2026-09-12 09:30:00,2.95830049
haldia,2026-09-12 16:00:00,2026-09-12 10:30:00,2.29855829
haldia,2026-09-12 17:00:00,2026-09-12 11:30:00,1.53672485
haldia,2026-09-12 18:00:00,2026-09-12 12:30:00,0.85992095
haldia,2026-09-12 19:00:00,2026-09-12 13:30:00,1.09406586
haldia,2026-09-12 20:00:00,2026-09-12 14:30:00,2.53175742
haldia,2026-09-12 21:00:00,2026-09-12 15:30:00,4.38214208
haldia,2026-09-12 22:00:00,2026-09-12 16:30:00,5.75060975
haldia,2026-09-12 23:00:00,2026-09-12 17:30:00,6.34762948
haldia,2026-09-13 00:00:00,2026-09-12 18:30:00,6.17870154
haldia,2026-09-13 01:00:00,2026-09-12 19:30:00,5.34682229
haldia,2026-09-13 02:00:00,2026-09-12 20:30:00,4.19802445
haldia,2026-09-13 03:00:00,2026-09-12 21:30:00,3.18016870
haldia,2026-09-13 04:00:00,2026-09-12 22:30:00,2.43078515
haldia,2026-09-13 05:00:00,2026-09-12 23:30:00,1.70867920
haldia,2026-09-13 06:00:00,2026-09-13 00:30:00,1.02493468
haldia,2026-09-13 07:00:00,2026-09-13 01:30:00,1.05422331
haldia,2026-09-13 08:00:00,2026-09-13 02:30:00,2.27789412
haldia,2026-09-13 09:00:00,2026-09-13 03:30:00,4.10468071
haldia,2026-09-13 10:00:00,2026-09-13 04:30:00,5.54180634
haldia,2026-09-13 11:00:00,2026-09-13 05:30:00,6.18964349
haldia,2026-09-13 12:00:00,2026-09-13 06:30:00,6.09842100
haldia,2026-09-13 13:00:00,2026-09-13 07:30:00,5.37129198
haldia,2026-09-13 14:00:00,2026-09-13 08:30:00,4.28146555
haldia,2026-09-13 15:00:00,2026-09-13 09:30:00,3.26998354
haldia,2026-09-13 16:00:00,2026-09-13 10:30:00,2.55636212
haldia,2026-09-13 17:00:00,2026-09-13 11:30:00,1.92923023
haldia,2026-09-13 18:00:00,2026-09-13 12:30:00,1.22291740
haldia,2026-09-13 19:00:00,2026-09-13 13:30:00,0.94941188
haldia,2026-09-13 20:00:00,2026-09-13 14:30:00,1.81102129
haldia,2026-09-13 21:00:00,2026-09-13 15:30:00,3.56151042
haldia,2026-09-13 22:00:00,2026-09-13 16:30:00,5.19180370
haldia,2026-09-13 23:00:00,2026-09-13 17:30:00,6.10040884
haldia,2026-09-14 00:00:00,2026-09-13 18:30:00,6.26939946
haldia,2026-09-14 01:00:00,2026-09-13 19:30:00,5.74575435
haldia,2026-09-14 02:00:00,2026-09-13 20:30:00,4.70326062
haldia,2026-09-14 03:00:00,2026-09-13 21:30:00,3.58990144
haldia,2026-09-14 04:00:00,2026-09-13 22:30:00,2.74183580
haldia,2026-09-14 05:00:00,2026-09-13 23:30:00,2.07558558
haldia,2026-09-14 06:00:00,2026-09-14 00:30:00,1.41274708
haldia,2026-09-14 07:00:00,2026-09-14 01:30:00,1.06758890
haldia,2026-09-14 08:00:00,2026-09-14 02:30:00,1.68460928
haldia,2026-09-14 09:00:00,2026-09-14 03:30:00,3.24622653
haldia,2026-09-14 10:00:00,2026-09-14 04:30:00,4.86173806
haldia,2026-09-14 11:00:00,2026-09-14 05:30:00,5.80895180
haldia,2026-09-14 12:00:00,2026-09-14 06:30:00,6.03482348
haldia,2026-09-14 13:00:00,2026-09-14 07:30:00,5.63452437
haldia,2026-09-14 14:00:00,2026-09-14 08:30:00,4.71042941
haldia,2026-09-14 15:00:00,2026-09-14 09:30:00,3.63592028
haldia,2026-09-14 16:00:00,2026-09-14 10:30:00,2.80072558
haldia,2026-09-14 17:00:00,2026-09-14 11:30:00,2.19747660
haldia,2026-09-14 18:00:00,2026-09-14 12:30:00,1.59842367
haldia,2026-09-14 19:00:00,2026-09-14 13:30:00,1.14404011
haldia,2026-09-14 20:00:00,2026-09-14 14:30:00,1.45554778
haldia,2026-09-14 21:00:00,2026-09-14 15:30:00,2.79921104
haldia,2026-09-14 22:00:00,2026-09-14 16:30:00,4.48572765
haldia,2026-09-14 23:00:00,2026-09-14 17:30:00,5.64930907
haldia,2026-09-15 00:00:00,2026-09-14 18:30:00,6.08864046
haldia,2026-09-15 01:00:00,2026-09-14 19:30:00,5.90285819
haldia,2026-09-15 02:00:00,2026-09-14 20:30:00,5.12356477
haldia,2026-09-15 03:00:00,2026-09-14 21:30:00,4.03129819
haldia,2026-09-15 04:00:00,2026-09-14 22:30:00,3.07896292
haldia,2026-09-15 05:00:00,2026-09-14 23:30:00,2.38610955
haldia,2026-09-15 06:00:00,2026-09-15 00:30:00,1.78287054
haldia,2026-09-15 07:00:00,2026-09-15 01:30:00,1.32862109
haldia,2026-09-15 08:00:00,2026-09-15 02:30:00,1.48736786
haldia,2026-09-15 09:00:00,2026-09-15 03:30:00,2.56710533
haldia,2026-09-15 10:00:00,2026-09-15 04:30:00,4.10005328
haldia,2026-09-15 11:00:00,2026-09-15 05:30:00,5.25969566
haldia,2026-09-15 12:00:00,2026-09-15 06:30:00,5.73984203
haldia,2026-09-15 13:00:00,2026-09-15 07:30:00,5.65437147
haldia,2026-09-15 14:00:00,2026-09-15 08:30:00,5.03462669
haldia,2026-09-15 15:00:00,2026-09-15 09:30:00,4.04291516
haldia,2026-09-15 16:00:00,2026-09-15 10:30:00,3.10998584
haldia,2026-09-15 17:00:00,2026-09-15 11:30:00,2.44675489
haldia,2026-09-15 18:00:00,2026-09-15 12:30:00,1.90010461
haldia,2026-09-15 19:00:00,2026-09-15 13:30:00,1.43375332
haldia,2026-09-15 20:00:00,2026-09-15 14:30:00,1.42174645
haldia,2026-09-15 21:00:00,2026-09-15 15:30:00,2.26728821
haldia,2026-09-15 22:00:00,2026-09-15 16:30:00,3.73782548
haldia,2026-09-15 23:00:00,2026-09-15 17:30:00,5.04261388
haldia,2026-09-16 00:00:00,2026-09-15 18:30:00,5.70366410
haldia,2026-09-16 01:00:00,2026-09-15 19:30:00,5.79093330
haldia,2026-09-16 02:00:00,2026-09-15 20:30:00,5.36120223
haldia,2026-09-16 03:00:00,2026-09-15 21:30:00,4.46452347
haldia,2026-09-16 04:00:00,2026-09-15 22:30:00,3.47741110
haldia,2026-09-16 05:00:00,2026-09-15 23:30:00,2.72715618
haldia,2026-09-16 06:00:00,2026-09-16 00:30:00,2.14337557
haldia,2026-09-16 07:00:00,2026-09-16 01:30:00,1.66168847
haldia,2026-09-16 08:00:00,2026-09-16 02:30:00,1.56390410
haldia,2026-09-16 09:00:00,2026-09-16 03:30:00,2.18389861
haldia,2026-09-16 10:00:00,2026-09-16 04:30:00,3.40086133
haldia,2026-09-16 11:00:00,2026-09-16 05:30:00,4.59699477
haldia,2026-09-16 12:00:00,2026-09-16 06:30:00,5.27312608
haldia,2026-09-16 13:00:00,2026-09-16 07:30:00,5.42674469
haldia,2026-09-16 14:00:00,2026-09-16 08:30:00,5.14150869
haldia,2026-09-16 15:00:00,2026-09-16 09:30:00,4.40820684
haldia,2026-09-16 16:00:00,2026-09-16 10:30:00,3.48940096
haldia,2026-09-16 17:00:00,2026-09-16 11:30:00,2.75513009
haldia,2026-09-16 18:00:00,2026-09-16 12:30:00,2.21124311
haldia,2026-09-16 19:00:00,2026-09-16 13:30:00,1.74288052
haldia,2026-09-16 20:00:00,2026-09-16 14:30:00,1.55878647
haldia,2026-09-16 21:00:00,2026-09-16 15:30:00,2.00974015
haldia,2026-09-16 22:00:00,2026-09-16 16:30:00,3.10290227
haldia,2026-09-16 23:00:00,2026-09-16 17:30:00,4.34152525
haldia,2026-09-17 00:00:00,2026-09-16 18:30:00,5.16342258
haldia,2026-09-17 01:00:00,2026-09-16 19:30:00,5.45497155
haldia,2026-09-17 02:00:00,2026-09-16 20:30:00,5.33390630
haldia,2026-09-17 03:00:00,2026-09-16 21:30:00,4.77679277
haldia,2026-09-17 04:00:00,2026-09-16 22:30:00,3.91324975
haldia,2026-09-17 05:00:00,2026-09-16 23:30:00,3.12900452
haldia,2026-09-17 06:00:00,2026-09-17 00:30:00,2.55428900
haldia,2026-09-17 07:00:00,2026-09-17 01:30:00,2.06629039
haldia,2026-09-17 08:00:00,2026-09-17 02:30:00,1.79787629
haldia,2026-09-17 09:00:00,2026-09-17 03:30:00,2.06559940
haldia,2026-09-17 10:00:00,2026-09-17 04:30:00,2.89753579
haldia,2026-09-17 11:00:00,2026-09-17 05:30:00,3.92309729
haldia,2026-09-17 12:00:00,2026-09-17 06:30:00,4.68292385
haldia,2026-09-17 13:00:00,2026-09-17 07:30:00,5.00994509
haldia,2026-09-17 14:00:00,2026-09-17 08:30:00,4.98339812
haldia,2026-09-17 15:00:00,2026-09-17 09:30:00,4.59353673
haldia,2026-09-17 16:00:00,2026-09-17 10:30:00,3.87206623
haldia,2026-09-17 17:00:00,2026-09-17 11:30:00,3.13073886
haldia,2026-09-17 18:00:00,2026-09-17 12:30:00,2.58130216
haldia,2026-09-17 19:00:00,2026-09-17 13:30:00,2.12673384
haldia,2026-09-17 20:00:00,2026-09-17 14:30:00,1.81869078
haldia,2026-09-17 21:00:00,2026-09-17 15:30:00,1.96734569
haldia,2026-09-17 22:00:00,2026-09-17 16:30:00,2.68040757
haldia,2026-09-17 23:00:00,2026-09-17 17:30:00,3.67269184
haldia,2026-09-18 00:00:00,2026-09-17 18:30:00,4.51074840
haldia,2026-09-18 01:00:00,2026-09-17 19:30:00,4.95562269
haldia,2026-09-18 02:00:00,2026-09-17 20:30:00,5.05343842
haldia,2026-09-18 03:00:00,2026-09-17 21:30:00,4.84050312
haldia,2026-09-18 04:00:00,2026-09-17 22:30:00,4.27953827
haldia,2026-09-18 05:00:00,2026-09-17 23:30:00,3.57575988
haldia,2026-09-18 06:00:00,2026-09-18 00:30:00,3.01408090
haldia,2026-09-18 07:00:00,2026-09-18 01:30:00,2.56601914
haldia,2026-09-18 08:00:00,2026-09-18 02:30:00,2.19264678
haldia,2026-09-18 09:00:00,2026-09-18 03:30:00,2.15784943
haldia,2026-09-18 10:00:00,2026-09-18 04:30:00,2.62400199
haldia,2026-09-18 11:00:00,2026-09-18 05:30:00,3.36774748
haldia,2026-09-18 12:00:00,2026-09-18 06:30:00,4.04620012
haldia,2026-09-18 13:00:00,2026-09-18 07:30:00,4.46362075
haldia,2026-09-18 14:00:00,2026-09-18 08:30:00,4.61059762
haldia,2026-09-18 15:00:00,2026-09-18 09:30:00,4.51143863
haldia,2026-09-18 16:00:00,2026-09-18 10:30:00,4.11909433
haldia,2026-09-18 17:00:00,2026-09-18 11:30:00,3.52892095
haldia,2026-09-18 18:00:00,2026-09-18 12:30:00,3.00072283
haldia,2026-09-18 19:00:00,2026-09-18 13:30:00,2.59248648
haldia,2026-09-18 20:00:00,2026-09-18 14:30:00,2.23793415
haldia,2026-09-18 21:00:00,2026-09-18 15:30:00,2.12870858
haldia,2026-09-18 22:00:00,2026-09-18 16:30:00,2.48230967
haldia,2026-09-18 23:00:00,2026-09-18 17:30:00,3.15912434
haldia,2026-09-19 00:00:00,2026-09-18 18:30:00,3.84496644
haldia,2026-09-19 01:00:00,2026-09-18 19:30:00,4.33656713
haldia,2026-09-19 02:00:00,2026-09-18 20:30:00,4.58677749
haldia,2026-09-19 03:00:00,2026-09-18 21:30:00,4.62624932
haldia,2026-09-19 04:00:00,2026-09-18 22:30:00,4.42497636
haldia,2026-09-19 05:00:00,2026-09-18 23:30:00,3.98329188
haldia,2026-09-19 06:00:00,2026-09-19 00:30:00,3.50104761
haldia,2026-09-19 07:00:00,2026-09-19 01:30:00,3.11507839
haldia,2026-09-19 08:00:00,2026-09-19 02:30:00,2.74636146
haldia,2026-09-19 09:00:00,2026-09-19 03:30:00,2.48077371
haldia,2026-09-19 10:00:00,2026-09-19 04:30:00,2.57651753
haldia,2026-09-19 11:00:00,2026-09-19 05:30:00,3.00182694
haldia,2026-09-19 12:00:00,2026-09-19 06:30:00,3.48058626
haldia,2026-09-19 13:00:00,2026-09-19 07:30:00,3.85436331
haldia,2026-09-19 14:00:00,2026-09-19 08:30:00,4.09422900
haldia,2026-09-19 15:00:00,2026-09-19 09:30:00,4.19071394
haldia,2026-09-19 16:00:00,2026-09-19 10:30:00,4.11377329
haldia,2026-09-19 17:00:00,2026-09-19 11:30:00,3.83059850
haldia,2026-09-19 18:00:00,2026-09-19 12:30:00,3.44048517
haldia,2026-09-19 19:00:00,2026-09-19 13:30:00,3.09646507
haldia,2026-09-19 20:00:00,2026-09-19 14:30:00,2.78609850
haldia,2026-09-19 21:00:00,2026-09-19 15:30:00,2.52652994
haldia,2026-09-19 22:00:00,2026-09-19 16:30:00,2.53111152
haldia,2026-09-19 23:00:00,2026-09-19 17:30:00,2.85843179
haldia,2026-09-20 00:00:00,2026-09-19 18:30:00,3.29382610
haldia,2026-09-20 01:00:00,2026-09-19 19:30:00,3.67900491
haldia,2026-09-20 02:00:00,2026-09-19 20:30:00,3.98563396
haldia,2026-09-20 03:00:00,2026-09-19 21:30:00,4.19257095
haldia,2026-09-20 04:00:00,2026-09-19 22:30:00,4.27902136
haldia,2026-09-20 05:00:00,2026-09-19 23:30:00,4.20026236
haldia,2026-09-20 06:00:00,2026-09-20 00:30:00,3.95825795
haldia,2026-09-20 07:00:00,2026-09-20 01:30:00,3.67123499
haldia,2026-09-20 08:00:00,2026-09-20 02:30:00,3.37397369
haldia,2026-09-20 09:00:00,2026-09-20 03:30:00,3.02744864
haldia,2026-09-20 10:00:00,2026-09-20 04:30:00,2.79566693
haldia,2026-09-20 11:00:00,2026-09-20 05:30:00,2.85397957
haldia,2026-09-20 12:00:00,2026-09-20 06:30:00,3.07602878
haldia,2026-09-20 13:00:00,2026-09-20 07:30:00,3.28976308
haldia,2026-09-20 14:00:00,2026-09-20 08:30:00,3.49737111
haldia,2026-09-20 15:00:00,2026-09-20 09:30:00,3.70096810
haldia,2026-09-20 16:00:00,2026-09-20 10:30:00,3.85172359
haldia,2026-09-20 17:00:00,2026-09-20 11:30:00,3.90324335
haldia,2026-09-20 18:00:00,2026-09-20 12:30:00,3.80956369
haldia,2026-09-20 19:00:00,2026-09-20 13:30:00,3.61031507
haldia,2026-09-20 20:00:00,2026-09-20 14:30:00,3.38062035
haldia,2026-09-20 21:00:00,2026-09-20 15:30:00,3.11013585
haldia,2026-09-20 22:00:00,2026-09-20 16:30:00,2.86654336
haldia,2026-09-20 23:00:00,2026-09-20 17:30:00,2.81650122
haldia,2026-09-21 00:00:00,2026-09-20 18:30:00,2.94291946
haldia,2026-09-21 01:00:00,2026-09-20 19:30:00,3.11283838
haldia,2026-09-21 02:00:00,2026-09-20 20:30:00,3.32417593
haldia,2026-09-21 03:00:00,2026-09-20 21:30:00,3.59574661
haldia,2026-09-21 04:00:00,2026-09-20 22:30:00,3.87672660
haldia,2026-09-21 05:00:00,2026-09-20 23:30:00,4.12212935
haldia,2026-09-21 06:00:00,2026-09-21 00:30:00,4.25031689
haldia,2026-09-21 07:00:00,2026-09-21 01:30:00,4.19598310
haldia,2026-09-21 08:00:00,2026-09-21 02:30:00,4.00308682
haldia,2026-09-21 09:00:00,2026-09-21 03:30:00,3.69041746
haldia,2026-09-21 10:00:00,2026-09-21 04:30:00,3.28527817
haldia,2026-09-21 11:00:00,2026-09-21 05:30:00,2.97730001
haldia,2026-09-21 12:00:00,2026-09-21 06:30:00,2.87830200
haldia,2026-09-21 13:00:00,2026-09-21 07:30:00,2.87528190
haldia,2026-09-21 14:00:00,2026-09-21 08:30:00,2.92468870
haldia,2026-09-21 15:00:00,2026-09-21 09:30:00,3.10043132
haldia,2026-09-21 16:00:00,2026-09-21 10:30:00,3.38504083
haldia,2026-09-21 17:00:00,2026-09-21 11:30:00,3.70479622
haldia,2026-09-21 18:00:00,2026-09-21 12:30:00,3.97135808
haldia,2026-09-21 19:00:00,2026-09-21 13:30:00,4.06722100
haldia,2026-09-21 20:00:00,2026-09-21 14:30:00,3.97889232
haldia,2026-09-21 21:00:00,2026-09-21 15:30:00,3.76553342
haldia,2026-09-21 22:00:00,2026-09-21 16:30:00,3.43645004
haldia,2026-09-21 23:00:00,2026-09-21 17:30:00,3.08063552
haldia,2026-09-22 00:00:00,2026-09-21 18:30:00,2.84983386
haldia,2026-09-22 01:00:00,2026-09-21 19:30:00,2.74735120
haldia,2026-09-22 02:00:00,2026-09-21 20:30:00,2.74284329
haldia,2026-09-22 03:00:00,2026-09-21 21:30:00,2.91075520
haldia,2026-09-22 04:00:00,2026-09-21 22:30:00,3.27023985
haldia,2026-09-22 05:00:00,2026-09-21 23:30:00,3.75127274
haldia,2026-09-22 06:00:00,2026-09-22 00:30:00,4.24917106
haldia,2026-09-22 07:00:00,2026-09-22 01:30:00,4.57475863
haldia,2026-09-22 08:00:00,2026-09-22 02:30:00,4.59805172
haldia,2026-09-22 09:00:00,2026-09-22 03:30:00,4.36589277
haldia,2026-09-22 10:00:00,2026-09-22 04:30:00,3.93457965
haldia,2026-09-22 11:00:00,2026-09-22 05:30:00,3.38916794
haldia,2026-09-22 12:00:00,2026-09-22 06:30:00,2.93801912
haldia,2026-09-22 13:00:00,2026-09-22 07:30:00,2.66842837
haldia,2026-09-22 14:00:00,2026-09-22 08:30:00,2.50506945
haldia,2026-09-22 15:00:00,2026-09-22 09:30:00,2.49772475
haldia,2026-09-22 16:00:00,2026-09-22 10:30:00,2.76161979
haldia,2026-09-22 17:00:00,2026-09-22 11:30:00,3.25906323
haldia,2026-09-22 18:00:00,2026-09-22 12:30:00,3.84965420
haldia,2026-09-22 19:00:00,2026-09-22 13:30:00,4.33444903
haldia,2026-09-22 20:00:00,2026-09-22 14:30:00,4.52786818
haldia,2026-09-22 21:00:00,2026-09-22 15:30:00,4.42716741
haldia,2026-09-22 22:00:00,2026-09-22 16:30:00,4.10956233
haldia,2026-09-22 23:00:00,2026-09-22 17:30:00,3.60733852
haldia,2026-09-23 00:00:00,2026-09-22 18:30:00,3.05918045
haldia,2026-09-23 01:00:00,2026-09-22 19:30:00,2.64387356
haldia,2026-09-23 02:00:00,2026-09-22 20:30:00,2.38116551
haldia,2026-09-23 03:00:00,2026-09-22 21:30:00,2.29942092
haldia,2026-09-23 04:00:00,2026-09-22 22:30:00,2.53754547
haldia,2026-09-23 05:00:00,2026-09-22 23:30:00,3.12702052
haldia,2026-09-23 06:00:00,2026-09-23 00:30:00,3.92341974
haldia,2026-09-23 07:00:00,2026-09-23 01:30:00,4.66727690
haldia,2026-09-23 08:00:00,2026-09-23 02:30:00,5.06219522
haldia,2026-09-23 09:00:00,2026-09-23 03:30:00,5.00722064
haldia,2026-09-23 10:00:00,2026-09-23 04:30:00,4.61573605
haldia,2026-09-23 11:00:00,2026-09-23 05:30:00,3.98926975
haldia,2026-09-23 12:00:00,2026-09-23 06:30:00,3.27537853
haldia,2026-09-23 13:00:00,2026-09-23 07:30:00,2.70259130
haldia,2026-09-23 14:00:00,2026-09-23 08:30:00,2.31376213
haldia,2026-09-23 15:00:00,2026-09-23 09:30:00,2.05782982
haldia,2026-09-23 16:00:00,2026-09-23 10:30:00,2.09690836
haldia,2026-09-23 17:00:00,2026-09-23 11:30:00,2.59772580
haldia,2026-09-23 18:00:00,2026-09-23 12:30:00,3.43765907
haldia,2026-09-23 19:00:00,2026-09-23 13:30:00,4.31134688
haldia,2026-09-23 20:00:00,2026-09-23 14:30:00,4.90328867
haldia,2026-09-23 21:00:00,2026-09-23 15:30:00,5.04496229
haldia,2026-09-23 22:00:00,2026-09-23 16:30:00,4.79692176
haldia,2026-09-23 23:00:00,2026-09-23 17:30:00,4.26210656
haldia,2026-09-24 00:00:00,2026-09-23 18:30:00,3.53298417
haldia,2026-09-24 01:00:00,2026-09-23 19:30:00,2.82679137
haldia,2026-09-24 02:00:00,2026-09-23 20:30:00,2.30208967
haldia,2026-09-24 03:00:00,2026-09-23 21:30:00,1.94264036
haldia,2026-09-24 04:00:00,2026-09-23 22:30:00,1.86757693
haldia,2026-09-24 05:00:00,2026-09-23 23:30:00,2.32628938
haldia,2026-09-24 06:00:00,2026-09-24 00:30:00,3.29409985
haldia,2026-09-24 07:00:00,2026-09-24 01:30:00,4.41519016
haldia,2026-09-24 08:00:00,2026-09-24 02:30:00,5.25442528
haldia,2026-09-24 09:00:00,2026-09-24 03:30:00,5.53051622
haldia,2026-09-24 10:00:00,2026-09-24 04:30:00,5.26542239
haldia,2026-09-24 11:00:00,2026-09-24 05:30:00,4.63997101
haldia,2026-09-24 12:00:00,2026-09-24 06:30:00,3.80559044
haldia,2026-09-24 13:00:00,2026-09-24 07:30:00,2.98124062
haldia,2026-09-24 14:00:00,2026-09-24 08:30:00,2.35867900
haldia,2026-09-24 15:00:00,2026-09-24 09:30:00,1.88836848
haldia,2026-09-24 16:00:00,2026-09-24 10:30:00,1.60161871
haldia,2026-09-24 17:00:00,2026-09-24 11:30:00,1.83885965
haldia,2026-09-24 18:00:00,2026-09-24 12:30:00,2.74610485
haldia,2026-09-24 19:00:00,2026-09-24 13:30:00,3.96608244
haldia,2026-09-24 20:00:00,2026-09-24 14:30:00,4.99300217
haldia,2026-09-24 21:00:00,2026-09-24 15:30:00,5.50547219
haldia,2026-09-24 22:00:00,2026-09-24 16:30:00,5.44482694
haldia,2026-09-24 23:00:00,2026-09-24 17:30:00,4.94021287
haldia,2026-09-25 00:00:00,2026-09-24 18:30:00,4.14324211
haldia,2026-09-25 01:00:00,2026-09-24 19:30:00,3.24856038
haldia,2026-09-25 02:00:00,2026-09-24 20:30:00,2.49141230
haldia,2026-09-25 03:00:00,2026-09-24 21:30:00,1.90983565
haldia,2026-09-25 04:00:00,2026-09-24 22:30:00,1.49202475
haldia,2026-09-25 05:00:00,2026-09-24 23:30:00,1.56052401
haldia,2026-09-25 06:00:00,2026-09-25 00:30:00,2.42739221
haldia,2026-09-25 07:00:00,2026-09-25 01:30:00,3.82067166
haldia,2026-09-25 08:00:00,2026-09-25 02:30:00,5.10220357
haldia,2026-09-25 09:00:00,2026-09-25 03:30:00,5.80419404
haldia,2026-09-25 10:00:00,2026-09-25 04:30:00,5.80929632
haldia,2026-09-25 11:00:00,2026-09-25 05:30:00,5.26672513
haldia,2026-09-25 12:00:00,2026-09-25 06:30:00,4.39932994
haldia,2026-09-25 13:00:00,2026-09-25 07:30:00,3.43079543
haldia,2026-09-25 14:00:00,2026-09-25 08:30:00,2.60491672
haldia,2026-09-25 15:00:00,2026-09-25 09:30:00,1.97421861
haldia,2026-09-25 16:00:00,2026-09-25 10:30:00,1.43369646
haldia,2026-09-25 17:00:00,2026-09-25 11:30:00,1.23810811
haldia,2026-09-25 18:00:00,2026-09-25 12:30:00,1.88269796
haldia,2026-09-25 19:00:00,2026-09-25 13:30:00,3.28573366
haldia,2026-09-25 20:00:00,2026-09-25 14:30:00,4.75099888
haldia,2026-09-25 21:00:00,2026-09-25 15:30:00,5.69711716
haldia,2026-09-25 22:00:00,2026-09-25 16:30:00,5.95129867
haldia,2026-09-25 23:00:00,2026-09-25 17:30:00,5.58521241
haldia,2026-09-26 00:00:00,2026-09-25 18:30:00,4.78442090
haldia,2026-09-26 01:00:00,2026-09-25 19:30:00,3.79170598
haldia,2026-09-26 02:00:00,2026-09-25 20:30:00,2.87090700
haldia,2026-09-26 03:00:00,2026-09-25 21:30:00,2.13766863
haldia,2026-09-26 04:00:00,2026-09-25 22:30:00,1.49951064
haldia,2026-09-26 05:00:00,2026-09-25 23:30:00,1.11456695
haldia,2026-09-26 06:00:00,2026-09-26 00:30:00,1.54028234
haldia,2026-09-26 07:00:00,2026-09-26 01:30:00,2.92681476
haldia,2026-09-26 08:00:00,2026-09-26 02:30:00,4.59355387
haldia,2026-09-26 09:00:00,2026-09-26 03:30:00,5.75515996
haldia,2026-09-26 10:00:00,2026-09-26 04:30:00,6.13114728
haldia,2026-09-26 11:00:00,2026-09-26 05:30:00,5.80503813
haldia,2026-09-26 12:00:00,2026-09-26 06:30:00,4.98647458
haldia,2026-09-26 13:00:00,2026-09-26 07:30:00,3.94699391
haldia,2026-09-26 14:00:00,2026-09-26 08:30:00,2.97716622
haldia,2026-09-26 15:00:00,2026-09-26 09:30:00,2.22611998
haldia,2026-09-26 16:00:00,2026-09-26 10:30:00,1.57019841
haldia,2026-09-26 17:00:00,2026-09-26 11:30:00,1.01811146
haldia,2026-09-26 18:00:00,2026-09-26 12:30:00,1.13191684
haldia,2026-09-26 19:00:00,2026-09-26 13:30:00,2.34816106
haldia,2026-09-26 20:00:00,2026-09-26 14:30:00,4.14187990
haldia,2026-09-26 21:00:00,2026-09-26 15:30:00,5.57150092
haldia,2026-09-26 22:00:00,2026-09-26 16:30:00,6.21167063
haldia,2026-09-26 23:00:00,2026-09-26 17:30:00,6.10666626
haldia,2026-09-27 00:00:00,2026-09-26 18:30:00,5.40774527
haldia,2026-09-27 01:00:00,2026-09-26 19:30:00,4.36939973
haldia,2026-09-27 02:00:00,2026-09-26 20:30:00,3.33174927
haldia,2026-09-27 03:00:00,2026-09-26 21:30:00,2.49907697
haldia,2026-09-27 04:00:00,2026-09-26 22:30:00,1.78331578
haldia,2026-09-27 05:00:00,2026-09-26 23:30:00,1.11520898
haldia,2026-09-27 06:00:00,2026-09-27 00:30:00,0.96166889
haldia,2026-09-27 07:00:00,2026-09-27 01:30:00,1.92963441
haldia,2026-09-27 08:00:00,2026-09-27 02:30:00,3.73883051
haldia,2026-09-27 09:00:00,2026-09-27 03:30:00,5.36505318
haldia,2026-09-27 10:00:00,2026-09-27 04:30:00,6.16410461
haldia,2026-09-27 11:00:00,2026-09-27 05:30:00,6.15245347
haldia,2026-09-27 12:00:00,2026-09-27 06:30:00,5.51685529
haldia,2026-09-27 13:00:00,2026-09-27 07:30:00,4.48483174
haldia,2026-09-27 14:00:00,2026-09-27 08:30:00,3.40478878
haldia,2026-09-27 15:00:00,2026-09-27 09:30:00,2.54897749
haldia,2026-09-27 16:00:00,2026-09-27 10:30:00,1.86549723
haldia,2026-09-27 17:00:00,2026-09-27 11:30:00,1.17467536
haldia,2026-09-27 18:00:00,2026-09-27 12:30:00,0.78473661
haldia,2026-09-27 19:00:00,2026-09-27 13:30:00,1.43652975
haldia,2026-09-27 20:00:00,2026-09-27 14:30:00,3.19547816
haldia,2026-09-27 21:00:00,2026-09-27 15:30:00,5.07712930
haldia,2026-09-27 22:00:00,2026-09-27 16:30:00,6.18150985
haldia,2026-09-27 23:00:00,2026-09-27 17:30:00,6.40416962
haldia,2026-09-28 00:00:00,2026-09-27 18:30:00,5.93622315
haldia,2026-09-28 01:00:00,2026-09-27 19:30:00,4.95886615
haldia,2026-09-28 02:00:00,2026-09-27 20:30:00,3.82315465
haldia,2026-09-28 03:00:00,2026-09-27 21:30:00,2.88688341
haldia,2026-09-28 04:00:00,2026-09-27 22:30:00,2.16202052
haldia,2026-09-28 05:00:00,2026-09-27 23:30:00,1.43779086
haldia,2026-09-28 06:00:00,2026-09-28 00:30:00,0.87542437
haldia,2026-09-28 07:00:00,2026-09-28 01:30:00,1.18028365
haldia,2026-09-28 08:00:00,2026-09-28 02:30:00,2.68575317
haldia,2026-09-28 09:00:00,2026-09-28 03:30:00,4.60984613
haldia,2026-09-28 10:00:00,2026-09-28 04:30:00,5.88864400
haldia,2026-09-28 11:00:00,2026-09-28 05:30:00,6.24200574
haldia,2026-09-28 12:00:00,2026-09-28 06:30:00,5.89379951
haldia,2026-09-28 13:00:00,2026-09-28 07:30:00,5.01664187
haldia,2026-09-28 14:00:00,2026-09-28 08:30:00,3.88477762
haldia,2026-09-28 15:00:00,2026-09-28 09:30:00,2.90133000
haldia,2026-09-28 16:00:00,2026-09-28 10:30:00,2.18933121
haldia,2026-09-28 17:00:00,2026-09-28 11:30:00,1.52356341
haldia,2026-09-28 18:00:00,2026-09-28 12:30:00,0.88711286
haldia,2026-09-28 19:00:00,2026-09-28 13:30:00,0.89889575
haldia,2026-09-28 20:00:00,2026-09-28 14:30:00,2.15887768
haldia,2026-09-28 21:00:00,2026-09-28 15:30:00,4.18880622
haldia,2026-09-28 22:00:00,2026-09-28 16:30:00,5.80247469
haldia,2026-09-28 23:00:00,2026-09-28 17:30:00,6.43207364
haldia,2026-09-29 00:00:00,2026-09-28 18:30:00,6.26331456
haldia,2026-09-29 01:00:00,2026-09-28 19:30:00,5.50212620
haldia,2026-09-29 02:00:00,2026-09-28 20:30:00,4.36676745
haldia,2026-09-29 03:00:00,2026-09-28 21:30:00,3.29258690
haldia,2026-09-29 04:00:00,2026-09-28 22:30:00,2.52101169
haldia,2026-09-29 05:00:00,2026-09-28 23:30:00,1.85973507
haldia,2026-09-29 06:00:00,2026-09-29 00:30:00,1.17808688
haldia,2026-09-29 07:00:00,2026-09-29 01:30:00,0.92961603
haldia,2026-09-29 08:00:00,2026-09-29 02:30:00,1.77826873
haldia,2026-09-29 09:00:00,2026-09-29 03:30:00,3.57271613
haldia,2026-09-29 10:00:00,2026-09-29 04:30:00,5.25400511
haldia,2026-09-29 11:00:00,2026-09-29 05:30:00,6.04940570
haldia,2026-09-29 12:00:00,2026-09-29 06:30:00,6.03167024
haldia,2026-09-29 13:00:00,2026-09-29 07:30:00,5.44303181
haldia,2026-09-29 14:00:00,2026-09-29 08:30:00,4.42059203
haldia,2026-09-29 15:00:00,2026-09-29 09:30:00,3.32597578
haldia,2026-09-29 16:00:00,2026-09-29 10:30:00,2.51360286
haldia,2026-09-29 17:00:00,2026-09-29 11:30:00,1.89635904
haldia,2026-09-29 18:00:00,2026-09-29 12:30:00,1.25203764
haldia,2026-09-29 19:00:00,2026-09-29 13:30:00,0.85720790
haldia,2026-09-29 20:00:00,2026-09-29 14:30:00,1.41359579
haldia,2026-09-29 21:00:00,2026-09-29 15:30:00,3.09266823
haldia,2026-09-29 22:00:00,2026-09-29 16:30:00,5.00381222
haldia,2026-09-29 23:00:00,2026-09-29 17:30:00,6.13102500
haldia,2026-09-30 00:00:00,2026-09-29 18:30:00,6.32424840
haldia,2026-09-30 01:00:00,2026-09-29 19:30:00,5.87424866
haldia,2026-09-30 02:00:00,2026-09-29 20:30:00,4.93070895
haldia,2026-09-30 03:00:00,2026-09-29 21:30:00,3.78867856
haldia,2026-09-30 04:00:00,2026-09-29 22:30:00,2.88386516
haldia,2026-09-30 05:00:00,2026-09-29 23:30:00,2.25309191
haldia,2026-09-30 06:00:00,2026-09-30 00:30:00,1.63571721
haldia,2026-09-30 07:00:00,2026-09-30 01:30:00,1.13396315
haldia,2026-09-30 08:00:00,2026-09-30 02:30:00,1.32955193
haldia,2026-09-30 09:00:00,2026-09-30 03:30:00,2.56456759
haldia,2026-09-30 10:00:00,2026-09-30 04:30:00,4.28228412
haldia,2026-09-30 11:00:00,2026-09-30 05:30:00,5.50991514
haldia,2026-09-30 12:00:00,2026-09-30 06:30:00,5.88727273
haldia,2026-09-30 13:00:00,2026-09-30 07:30:00,5.63819497
haldia,2026-09-30 14:00:00,2026-09-30 08:30:00,4.90705470
haldia,2026-09-30 15:00:00,2026-09-30 09:30:00,3.86012237
haldia,2026-09-30 16:00:00,2026-09-30 10:30:00,2.91340285
haldia,2026-09-30 17:00:00,2026-09-30 11:30:00,2.25965199
haldia,2026-09-30 18:00:00,2026-09-30 12:30:00,1.68737279
haldia,2026-09-30 19:00:00,2026-09-30 13:30:00,1.16429566
haldia,2026-09-30 20:00:00,2026-09-30 14:30:00,1.16863598
haldia,2026-09-30 21:00:00,2026-09-30 15:30:00,2.17725841
haldia,2026-09-30 22:00:00,2026-09-30 16:30:00,3.90740297
haldia,2026-09-30 23:00:00,2026-09-30 17:30:00,5.40706070
diamond_harbour,2026-07-01 00:00:00,2026-06-30 18:30:00,5.34071526
diamond_harbour,2026-07-01 01:00:00,2026-06-30 19:30:00,4.93294150
diamond_harbour,2026-07-01 02:00:00,2026-06-30 20:30:00,4.26126416
diamond_harbour,2026-07-01 03:00:00,2026-06-30 21:30:00,3.46624180
diamond_harbour,2026-07-01 04:00:00,2026-06-30 22:30:00,2.69405282
diamond_harbour,2026-07-01 05:00:00,2026-06-30 23:30:00,2.12072701
diamond_harbour,2026-07-01 06:00:00,2026-07-01 00:30:00,1.78676127
diamond_harbour,2026-07-01 07:00:00,2026-07-01 01:30:00,1.75149210
diamond_harbour,2026-07-01 08:00:00,2026-07-01 02:30:00,2.38410332
diamond_harbour,2026-07-01 09:00:00,2026-07-01 03:30:00,3.76400742
diamond_harbour,2026-07-01 10:00:00,2026-07-01 04:30:00,5.17127666
diamond_harbour,2026-07-01 11:00:00,2026-07-01 05:30:00,5.90565470
diamond_harbour,2026-07-01 12:00:00,2026-07-01 06:30:00,5.95318019
diamond_harbour,2026-07-01 13:00:00,2026-07-01 07:30:00,5.54005675
diamond_harbour,2026-07-01 14:00:00,2026-07-01 08:30:00,4.81355876
diamond_harbour,2026-07-01 15:00:00,2026-07-01 09:30:00,3.95013985
diamond_harbour,2026-07-01 16:00:00,2026-07-01 10:30:00,3.12715335
diamond_harbour,2026-07-01 17:00:00,2026-07-01 11:30:00,2.48894551
diamond_harbour,2026-07-01 18:00:00,2026-07-01 12:30:00,2.07519511
diamond_harbour,2026-07-01 19:00:00,2026-07-01 13:30:00,1.85032389
diamond_harbour,2026-07-01 20:00:00,2026-07-01 14:30:00,2.06650364
diamond_harbour,2026-07-01 21:00:00,2026-07-01 15:30:00,3.04083842
diamond_harbour,2026-07-01 22:00:00,2026-07-01 16:30:00,4.37631622
diamond_harbour,2026-07-01 23:00:00,2026-07-01 17:30:00,5.27221605
diamond_harbour,2026-07-02 00:00:00,2026-07-01 18:30:00,5.48818163
diamond_harbour,2026-07-02 01:00:00,2026-07-01 19:30:00,5.24165185
diamond_harbour,2026-07-02 02:00:00,2026-07-01 20:30:00,4.66926173
diamond_harbour,2026-07-02 03:00:00,2026-07-01 21:30:00,3.88342189
diamond_harbour,2026-07-02 04:00:00,2026-07-01 22:30:00,3.07023333
diamond_harbour,2026-07-02 05:00:00,2026-07-01 23:30:00,2.39510356
diamond_harbour,2026-07-02 06:00:00,2026-07-02 00:30:00,1.93954648
diamond_harbour,2026-07-02 07:00:00,2026-07-02 01:30:00,1.70804030
diamond_harbour,2026-07-02 08:00:00,2026-07-02 02:30:00,1.91419727
diamond_harbour,2026-07-02 09:00:00,2026-07-02 03:30:00,2.94120009
diamond_harbour,2026-07-02 10:00:00,2026-07-02 04:30:00,4.52680646
diamond_harbour,2026-07-02 11:00:00,2026-07-02 05:30:00,5.72291665
diamond_harbour,2026-07-02 12:00:00,2026-07-02 06:30:00,6.05574108
diamond_harbour,2026-07-02 13:00:00,2026-07-02 07:30:00,5.80430989
diamond_harbour,2026-07-02 14:00:00,2026-07-02 08:30:00,5.21768272
diamond_harbour,2026-07-02 15:00:00,2026-07-02 09:30:00,4.37835943
diamond_harbour,2026-07-02 16:00:00,2026-07-02 10:30:00,3.49341964
diamond_harbour,2026-07-02 17:00:00,2026-07-02 11:30:00,2.77021680
diamond_harbour,2026-07-02 18:00:00,2026-07-02 12:30:00,2.26421760
diamond_harbour,2026-07-02 19:00:00,2026-07-02 13:30:00,1.92742154
diamond_harbour,2026-07-02 20:00:00,2026-07-02 14:30:00,1.84402450
diamond_harbour,2026-07-02 21:00:00,2026-07-02 15:30:00,2.40285567
diamond_harbour,2026-07-02 22:00:00,2026-07-02 16:30:00,3.69924084
diamond_harbour,2026-07-02 23:00:00,2026-07-02 17:30:00,4.99417046
diamond_harbour,2026-07-03 00:00:00,2026-07-02 18:30:00,5.55113248
diamond_harbour,2026-07-03 01:00:00,2026-07-02 19:30:00,5.44935661
diamond_harbour,2026-07-03 02:00:00,2026-07-02 20:30:00,5.00975856
diamond_harbour,2026-07-03 03:00:00,2026-07-02 21:30:00,4.29800467
diamond_harbour,2026-07-03 04:00:00,2026-07-02 22:30:00,3.44442499
diamond_harbour,2026-07-03 05:00:00,2026-07-02 23:30:00,2.69782992
diamond_harbour,2026-07-03 06:00:00,2026-07-03 00:30:00,2.16753747
diamond_harbour,2026-07-03 07:00:00,2026-07-03 01:30:00,1.82772000
diamond_harbour,2026-07-03 08:00:00,2026-07-03 02:30:00,1.74539827
diamond_harbour,2026-07-03 09:00:00,2026-07-03 03:30:00,2.28021844
diamond_harbour,2026-07-03 10:00:00,2026-07-03 04:30:00,3.65355350
diamond_harbour,2026-07-03 11:00:00,2026-07-03 05:30:00,5.22352216
diamond_harbour,2026-07-03 12:00:00,2026-07-03 06:30:00,6.03298784
diamond_harbour,2026-07-03 13:00:00,2026-07-03 07:30:00,5.98021536
diamond_harbour,2026-07-03 14:00:00,2026-07-03 08:30:00,5.52274029
diamond_harbour,2026-07-03 15:00:00,2026-07-03 09:30:00,4.80660230
diamond_harbour,2026-07-03 16:00:00,2026-07-03 10:30:00,3.88970203
diamond_harbour,2026-07-03 17:00:00,2026-07-03 11:30:00,3.05709336
diamond_harbour,2026-07-03 18:00:00,2026-07-03 12:30:00,2.47769065
diamond_harbour,2026-07-03 19:00:00,2026-07-03 13:30:00,2.07900259
diamond_harbour,2026-07-03 20:00:00,2026-07-03 14:30:00,1.82797290
diamond_harbour,2026-07-03 21:00:00,2026-07-03 15:30:00,1.98554889
diamond_harbour,2026-07-03 22:00:00,2026-07-03 16:30:00,2.92273148
diamond_harbour,2026-07-03 23:00:00,2026-07-03 17:30:00,4.38235039
diamond_harbour,2026-07-04 00:00:00,2026-07-03 18:30:00,5.43374643
diamond_harbour,2026-07-04 01:00:00,2026-07-03 19:30:00,5.61303802
diamond_harbour,2026-07-04 02:00:00,2026-07-03 20:30:00,5.27589650
diamond_harbour,2026-07-04 03:00:00,2026-07-03 21:30:00,4.69700826
diamond_harbour,2026-07-04 04:00:00,2026-07-03 22:30:00,3.87546235
diamond_harbour,2026-07-04 05:00:00,2026-07-03 23:30:00,3.02703438
diamond_harbour,2026-07-04 06:00:00,2026-07-04 00:30:00,2.41519058
diamond_harbour,2026-07-04 07:00:00,2026-07-04 01:30:00,2.02683080
diamond_harbour,2026-07-04 08:00:00,2026-07-04 02:30:00,1.79775669
diamond_harbour,2026-07-04 09:00:00,2026-07-04 03:30:00,1.93093711
diamond_harbour,2026-07-04 10:00:00,2026-07-04 04:30:00,2.81347922
diamond_harbour,2026-07-04 11:00:00,2026-07-04 05:30:00,4.36441027
diamond_harbour,2026-07-04 12:00:00,2026-07-04 06:30:00,5.69321317
diamond_harbour,2026-07-04 13:00:00,2026-07-04 07:30:00,6.07318285
diamond_harbour,2026-07-04 14:00:00,2026-07-04 08:30:00,5.75231688
diamond_harbour,2026-07-04 15:00:00,2026-07-04 09:30:00,5.17413087
diamond_harbour,2026-07-04 16:00:00,2026-07-04 10:30:00,4.35346925
diamond_harbour,2026-07-04 17:00:00,2026-07-04 11:30:00,3.41603080
diamond_harbour,2026-07-04 18:00:00,2026-07-04 12:30:00,2.69916297
diamond_harbour,2026-07-04 19:00:00,2026-07-04 13:30:00,2.25013273
diamond_harbour,2026-07-04 20:00:00,2026-07-04 14:30:00,1.92531247
diamond_harbour,2026-07-04 21:00:00,2026-07-04 15:30:00,1.81823624
diamond_harbour,2026-07-04 22:00:00,2026-07-04 16:30:00,2.29344733
diamond_harbour,2026-07-04 23:00:00,2026-07-04 17:30:00,3.52011146
diamond_harbour,2026-07-05 00:00:00,2026-07-04 18:30:00,4.92358711
diamond_harbour,2026-07-05 01:00:00,2026-07-04 19:30:00,5.62768550
diamond_harbour,2026-07-05 02:00:00,2026-07-04 20:30:00,5.51589610
diamond_harbour,2026-07-05 03:00:00,2026-07-04 21:30:00,5.04750055
diamond_harbour,2026-07-05 04:00:00,2026-07-04 22:30:00,4.36271931
diamond_harbour,2026-07-05 05:00:00,2026-07-04 23:30:00,3.47987180
diamond_harbour,2026-07-05 06:00:00,2026-07-05 00:30:00,2.71476835
diamond_harbour,2026-07-05 07:00:00,2026-07-05 01:30:00,2.25279190
diamond_harbour,2026-07-05 08:00:00,2026-07-05 02:30:00,1.96759457
diamond_harbour,2026-07-05 09:00:00,2026-07-05 03:30:00,1.86375563
diamond_harbour,2026-07-05 10:00:00,2026-07-05 04:30:00,2.25349023
diamond_harbour,2026-07-05 11:00:00,2026-07-05 05:30:00,3.38966557
diamond_harbour,2026-07-05 12:00:00,2026-07-05 06:30:00,4.89363550
diamond_harbour,2026-07-05 13:00:00,2026-07-05 07:30:00,5.86284697
diamond_harbour,2026-07-05 14:00:00,2026-07-05 08:30:00,5.91150339
diamond_harbour,2026-07-05 15:00:00,2026-07-05 09:30:00,5.46241019
diamond_harbour,2026-07-05 16:00:00,2026-07-05 10:30:00,4.80940945
diamond_harbour,2026-07-05 17:00:00,2026-07-05 11:30:00,3.91779346
diamond_harbour,2026-07-05 18:00:00,2026-07-05 12:30:00,3.03019603
diamond_harbour,2026-07-05 19:00:00,2026-07-05 13:30:00,2.44410755
diamond_harbour,2026-07-05 20:00:00,2026-07-05 14:30:00,2.07418537
diamond_harbour,2026-07-05 21:00:00,2026-07-05 15:30:00,1.82774275
diamond_harbour,2026-07-05 22:00:00,2026-07-05 16:30:00,1.93720715
diamond_harbour,2026-07-05 23:00:00,2026-07-05 17:30:00,2.70446836
diamond_harbour,2026-07-06 00:00:00,2026-07-05 18:30:00,4.03010810
diamond_harbour,2026-07-06 01:00:00,2026-07-05 19:30:00,5.21645259
diamond_harbour,2026-07-06 02:00:00,2026-07-05 20:30:00,5.61861370
diamond_harbour,2026-07-06 03:00:00,2026-07-05 21:30:00,5.36056506
diamond_harbour,2026-07-06 04:00:00,2026-07-05 22:30:00,4.83075190
diamond_harbour,2026-07-06 05:00:00,2026-07-05 23:30:00,4.06937121
diamond_harbour,2026-07-06 06:00:00,2026-07-06 00:30:00,3.19693421
diamond_harbour,2026-07-06 07:00:00,2026-07-06 01:30:00,2.55861817
diamond_harbour,2026-07-06 08:00:00,2026-07-06 02:30:00,2.20217506
diamond_harbour,2026-07-06 09:00:00,2026-07-06 03:30:00,1.98121539
diamond_harbour,2026-07-06 10:00:00,2026-07-06 04:30:00,2.02416669
diamond_harbour,2026-07-06 11:00:00,2026-07-06 05:30:00,2.63197870
diamond_harbour,2026-07-06 12:00:00,2026-07-06 06:30:00,3.84025141
diamond_harbour,2026-07-06 13:00:00,2026-07-06 07:30:00,5.12870857
diamond_harbour,2026-07-06 14:00:00,2026-07-06 08:30:00,5.77325022
diamond_harbour,2026-07-06 15:00:00,2026-07-06 09:30:00,5.65582393
diamond_harbour,2026-07-06 16:00:00,2026-07-06 10:30:00,5.17615120
diamond_harbour,2026-07-06 17:00:00,2026-07-06 11:30:00,4.47518718
diamond_harbour,2026-07-06 18:00:00,2026-07-06 12:30:00,3.57174718
diamond_harbour,2026-07-06 19:00:00,2026-07-06 13:30:00,2.78197855
diamond_harbour,2026-07-06 20:00:00,2026-07-06 14:30:00,2.28824896
diamond_harbour,2026-07-06 21:00:00,2026-07-06 15:30:00,1.95779539
diamond_harbour,2026-07-06 22:00:00,2026-07-06 16:30:00,1.82944842
diamond_harbour,2026-07-06 23:00:00,2026-07-06 17:30:00,2.16387046
diamond_harbour,2026-07-07 00:00:00,2026-07-06 18:30:00,3.07986141
diamond_harbour,2026-07-07 01:00:00,2026-07-06 19:30:00,4.31925014
diamond_harbour,2026-07-07 02:00:00,2026-07-06 20:30:00,5.26894059
diamond_harbour,2026-07-07 03:00:00,2026-07-06 21:30:00,5.51132916
diamond_harbour,2026-07-07 04:00:00,2026-07-06 22:30:00,5.22480882
diamond_harbour,2026-07-07 05:00:00,2026-07-06 23:30:00,4.66974138
diamond_harbour,2026-07-07 06:00:00,2026-07-07 00:30:00,3.88503457
diamond_harbour,2026-07-07 07:00:00,2026-07-07 01:30:00,3.08922529
diamond_harbour,2026-07-07 08:00:00,2026-07-07 02:30:00,2.55768172
diamond_harbour,2026-07-07 09:00:00,2026-07-07 03:30:00,2.23497631
diamond_harbour,2026-07-07 10:00:00,2026-07-07 04:30:00,2.06052963
diamond_harbour,2026-07-07 11:00:00,2026-07-07 05:30:00,2.23753677
diamond_harbour,2026-07-07 12:00:00,2026-07-07 06:30:00,2.93680438
diamond_harbour,2026-07-07 13:00:00,2026-07-07 07:30:00,4.03915125
diamond_harbour,2026-07-07 14:00:00,2026-07-07 08:30:00,5.07579961
diamond_harbour,2026-07-07 15:00:00,2026-07-07 09:30:00,5.53447402
diamond_harbour,2026-07-07 16:00:00,2026-07-07 10:30:00,5.39396494
diamond_harbour,2026-07-07 17:00:00,2026-07-07 11:30:00,4.93466896
diamond_harbour,2026-07-07 18:00:00,2026-07-07 12:30:00,4.22770684
diamond_harbour,2026-07-07 19:00:00,2026-07-07 13:30:00,3.37675185
diamond_harbour,2026-07-07 20:00:00,2026-07-07 14:30:00,2.68325983
diamond_harbour,2026-07-07 21:00:00,2026-07-07 15:30:00,2.22536164
diamond_harbour,2026-07-07 22:00:00,2026-07-07 16:30:00,1.93108059
diamond_harbour,2026-07-07 23:00:00,2026-07-07 17:30:00,1.93753618
diamond_harbour,2026-07-08 00:00:00,2026-07-07 18:30:00,2.39888380
diamond_harbour,2026-07-08 01:00:00,2026-07-07 19:30:00,3.28225687
diamond_harbour,2026-07-08 02:00:00,2026-07-07 20:30:00,4.35977480
diamond_harbour,2026-07-08 03:00:00,2026-07-07 21:30:00,5.17270014
diamond_harbour,2026-07-08 04:00:00,2026-07-07 22:30:00,5.39480299
diamond_harbour,2026-07-08 05:00:00,2026-07-07 23:30:00,5.14401336
diamond_harbour,2026-07-08 06:00:00,2026-07-08 00:30:00,4.60549075
diamond_harbour,2026-07-08 07:00:00,2026-07-08 01:30:00,3.86706769
diamond_harbour,2026-07-08 08:00:00,2026-07-08 02:30:00,3.16476031
diamond_harbour,2026-07-08 09:00:00,2026-07-08 03:30:00,2.66935992
diamond_harbour,2026-07-08 10:00:00,2026-07-08 04:30:00,2.32484744
diamond_harbour,2026-07-08 11:00:00,2026-07-08 05:30:00,2.18688999
diamond_harbour,2026-07-08 12:00:00,2026-07-08 06:30:00,2.42332538
diamond_harbour,2026-07-08 13:00:00,2026-07-08 07:30:00,3.05702881
diamond_harbour,2026-07-08 14:00:00,2026-07-08 08:30:00,3.96763671
diamond_harbour,2026-07-08 15:00:00,2026-07-08 09:30:00,4.83373865
diamond_harbour,2026-07-08 16:00:00,2026-07-08 10:30:00,5.25463652
diamond_harbour,2026-07-08 17:00:00,2026-07-08 11:30:00,5.17623543
diamond_harbour,2026-07-08 18:00:00,2026-07-08 12:30:00,4.77703953
diamond_harbour,2026-07-08 19:00:00,2026-07-08 13:30:00,4.12217148
diamond_harbour,2026-07-08 20:00:00,2026-07-08 14:30:00,3.35511936
diamond_harbour,2026-07-08 21:00:00,2026-07-08 15:30:00,2.71669000
diamond_harbour,2026-07-08 22:00:00,2026-07-08 16:30:00,2.25768806
diamond_harbour,2026-07-08 23:00:00,2026-07-08 17:30:00,2.00522695
diamond_harbour,2026-07-09 00:00:00,2026-07-08 18:30:00,2.08905559
diamond_harbour,2026-07-09 01:00:00,2026-07-08 19:30:00,2.52013220
diamond_harbour,2026-07-09 02:00:00,2026-07-08 20:30:00,3.26035836
diamond_harbour,2026-07-09 03:00:00,2026-07-08 21:30:00,4.22271364
diamond_harbour,2026-07-09 04:00:00,2026-07-08 22:30:00,5.02437460
diamond_harbour,2026-07-09 05:00:00,2026-07-08 23:30:00,5.31074907
diamond_harbour,2026-07-09 06:00:00,2026-07-09 00:30:00,5.14180348
diamond_harbour,2026-07-09 07:00:00,2026-07-09 01:30:00,4.68076254
diamond_harbour,2026-07-09 08:00:00,2026-07-09 02:30:00,4.02718823
diamond_harbour,2026-07-09 09:00:00,2026-07-09 03:30:00,3.37260505
diamond_harbour,2026-07-09 10:00:00,2026-07-09 04:30:00,2.83994757
diamond_harbour,2026-07-09 11:00:00,2026-07-09 05:30:00,2.45135272
diamond_harbour,2026-07-09 12:00:00,2026-07-09 06:30:00,2.31839943
diamond_harbour,2026-07-09 13:00:00,2026-07-09 07:30:00,2.50090891
diamond_harbour,2026-07-09 14:00:00,2026-07-09 08:30:00,2.96366309
diamond_harbour,2026-07-09 15:00:00,2026-07-09 09:30:00,3.70642268
diamond_harbour,2026-07-09 16:00:00,2026-07-09 10:30:00,4.52046740
diamond_harbour,2026-07-09 17:00:00,2026-07-09 11:30:00,5.00271142
diamond_harbour,2026-07-09 18:00:00,2026-07-09 12:30:00,5.03789291
diamond_harbour,2026-07-09 19:00:00,2026-07-09 13:30:00,4.74618509
diamond_harbour,2026-07-09 20:00:00,2026-07-09 14:30:00,4.18176036
diamond_harbour,2026-07-09 21:00:00,2026-07-09 15:30:00,3.48135327
diamond_harbour,2026-07-09 22:00:00,2026-07-09 16:30:00,2.85106147
diamond_harbour,2026-07-09 23:00:00,2026-07-09 17:30:00,2.37558741
diamond_harbour,2026-07-10 00:00:00,2026-07-09 18:30:00,2.13640783
diamond_harbour,2026-07-10 01:00:00,2026-07-09 19:30:00,2.18450912
diamond_harbour,2026-07-10 02:00:00,2026-07-09 20:30:00,2.46631275
diamond_harbour,2026-07-10 03:00:00,2026-07-09 21:30:00,3.06457025
diamond_harbour,2026-07-10 04:00:00,2026-07-09 22:30:00,4.00743629
diamond_harbour,2026-07-10 05:00:00,2026-07-09 23:30:00,4.88227102
diamond_harbour,2026-07-10 06:00:00,2026-07-10 00:30:00,5.28591115
diamond_harbour,2026-07-10 07:00:00,2026-07-10 01:30:00,5.25436698
diamond_harbour,2026-07-10 08:00:00,2026-07-10 02:30:00,4.90893761
diamond_harbour,2026-07-10 09:00:00,2026-07-10 03:30:00,4.31151239
diamond_harbour,2026-07-10 10:00:00,2026-07-10 04:30:00,3.63313180
diamond_harbour,2026-07-10 11:00:00,2026-07-10 05:30:00,3.02674553
diamond_harbour,2026-07-10 12:00:00,2026-07-10 06:30:00,2.58714880
diamond_harbour,2026-07-10 13:00:00,2026-07-10 07:30:00,2.40199501
diamond_harbour,2026-07-10 14:00:00,2026-07-10 08:30:00,2.43941068
diamond_harbour,2026-07-10 15:00:00,2026-07-10 09:30:00,2.71493929
diamond_harbour,2026-07-10 16:00:00,2026-07-10 10:30:00,3.36786201
diamond_harbour,2026-07-10 17:00:00,2026-07-10 11:30:00,4.22001100
diamond_harbour,2026-07-10 18:00:00,2026-07-10 12:30:00,4.82397466
diamond_harbour,2026-07-10 19:00:00,2026-07-10 13:30:00,5.01942501
diamond_harbour,2026-07-10 20:00:00,2026-07-10 14:30:00,4.86398824
diamond_harbour,2026-07-10 21:00:00,2026-07-10 15:30:00,4.37571723
diamond_harbour,2026-07-10 22:00:00,2026-07-10 16:30:00,3.69662108
diamond_harbour,2026-07-10 23:00:00,2026-07-10 17:30:00,3.04357270
diamond_harbour,2026-07-11 00:00:00,2026-07-10 18:30:00,2.53264653
diamond_harbour,2026-07-11 01:00:00,2026-07-10 19:30:00,2.24323903
diamond_harbour,2026-07-11 02:00:00,2026-07-10 20:30:00,2.16157556
diamond_harbour,2026-07-11 03:00:00,2026-07-10 21:30:00,2.26825824
diamond_harbour,2026-07-11 04:00:00,2026-07-10 22:30:00,2.78909919
diamond_harbour,2026-07-11 05:00:00,2026-07-10 23:30:00,3.78854233
diamond_harbour,2026-07-11 06:00:00,2026-07-11 00:30:00,4.79124340
diamond_harbour,2026-07-11 07:00:00,2026-07-11 01:30:00,5.36774043
diamond_harbour,2026-07-11 08:00:00,2026-07-11 02:30:00,5.50493976
diamond_harbour,2026-07-11 09:00:00,2026-07-11 03:30:00,5.23932732
diamond_harbour,2026-07-11 10:00:00,2026-07-11 04:30:00,4.62305929
diamond_harbour,2026-07-11 11:00:00,2026-07-11 05:30:00,3.87581842
diamond_harbour,2026-07-11 12:00:00,2026-07-11 06:30:00,3.19487431
diamond_harbour,2026-07-11 13:00:00,2026-07-11 07:30:00,2.69237200
diamond_harbour,2026-07-11 14:00:00,2026-07-11 08:30:00,2.40594632
diamond_harbour,2026-07-11 15:00:00,2026-07-11 09:30:00,2.27128988
diamond_harbour,2026-07-11 16:00:00,2026-07-11 10:30:00,2.40072806
diamond_harbour,2026-07-11 17:00:00,2026-07-11 11:30:00,3.03542963
diamond_harbour,2026-07-11 18:00:00,2026-07-11 12:30:00,3.98901789
diamond_harbour,2026-07-11 19:00:00,2026-07-11 13:30:00,4.76993139
diamond_harbour,2026-07-11 20:00:00,2026-07-11 14:30:00,5.15096391
diamond_harbour,2026-07-11 21:00:00,2026-07-11 15:30:00,5.10021763
diamond_harbour,2026-07-11 22:00:00,2026-07-11 16:30:00,4.62845313
diamond_harbour,2026-07-11 23:00:00,2026-07-11 17:30:00,3.93005199
diamond_harbour,2026-07-12 00:00:00,2026-07-11 18:30:00,3.23400988
diamond_harbour,2026-07-12 01:00:00,2026-07-11 19:30:00,2.65567576
diamond_harbour,2026-07-12 02:00:00,2026-07-11 20:30:00,2.26668887
diamond_harbour,2026-07-12 03:00:00,2026-07-11 21:30:00,2.03398718
diamond_harbour,2026-07-12 04:00:00,2026-07-11 22:30:00,2.00428863
diamond_harbour,2026-07-12 05:00:00,2026-07-11 23:30:00,2.51265140
diamond_harbour,2026-07-12 06:00:00,2026-07-12 00:30:00,3.62843275
diamond_harbour,2026-07-12 07:00:00,2026-07-12 01:30:00,4.82094945
diamond_harbour,2026-07-12 08:00:00,2026-07-12 02:30:00,5.60196574
diamond_harbour,2026-07-12 09:00:00,2026-07-12 03:30:00,5.85443496
diamond_harbour,2026-07-12 10:00:00,2026-07-12 04:30:00,5.56639011
diamond_harbour,2026-07-12 11:00:00,2026-07-12 05:30:00,4.87036558
diamond_harbour,2026-07-12 12:00:00,2026-07-12 06:30:00,4.05201666
diamond_harbour,2026-07-12 13:00:00,2026-07-12 07:30:00,3.30510926
diamond_harbour,2026-07-12 14:00:00,2026-07-12 08:30:00,2.73245101
diamond_harbour,2026-07-12 15:00:00,2026-07-12 09:30:00,2.33920403
diamond_harbour,2026-07-12 16:00:00,2026-07-12 10:30:00,2.05341126
diamond_harbour,2026-07-12 17:00:00,2026-07-12 11:30:00,2.08391633
diamond_harbour,2026-07-12 18:00:00,2026-07-12 12:30:00,2.76452467
diamond_harbour,2026-07-12 19:00:00,2026-07-12 13:30:00,3.89348544
diamond_harbour,2026-07-12 20:00:00,2026-07-12 14:30:00,4.89156282
diamond_harbour,2026-07-12 21:00:00,2026-07-12 15:30:00,5.41306682
diamond_harbour,2026-07-12 22:00:00,2026-07-12 16:30:00,5.37163676
diamond_harbour,2026-07-12 23:00:00,2026-07-12 17:30:00,4.85307845
diamond_harbour,2026-07-13 00:00:00,2026-07-12 18:30:00,4.11303767
diamond_harbour,2026-07-13 01:00:00,2026-07-12 19:30:00,3.35339272
diamond_harbour,2026-07-13 02:00:00,2026-07-12 20:30:00,2.69011457
diamond_harbour,2026-07-13 03:00:00,2026-07-12 21:30:00,2.20990425
diamond_harbour,2026-07-13 04:00:00,2026-07-12 22:30:00,1.85888965
diamond_harbour,2026-07-13 05:00:00,2026-07-12 23:30:00,1.73903408
diamond_harbour,2026-07-13 06:00:00,2026-07-13 00:30:00,2.29913498
diamond_harbour,2026-07-13 07:00:00,2026-07-13 01:30:00,3.61414723
diamond_harbour,2026-07-13 08:00:00,2026-07-13 02:30:00,5.04482782
diamond_harbour,2026-07-13 09:00:00,2026-07-13 03:30:00,5.96846037
diamond_harbour,2026-07-13 10:00:00,2026-07-13 04:30:00,6.19337734
diamond_harbour,2026-07-13 11:00:00,2026-07-13 05:30:00,5.78418997
diamond_harbour,2026-07-13 12:00:00,2026-07-13 06:30:00,4.99833563
diamond_harbour,2026-07-13 13:00:00,2026-07-13 07:30:00,4.12395751
diamond_harbour,2026-07-13 14:00:00,2026-07-13 08:30:00,3.32081196
diamond_harbour,2026-07-13 15:00:00,2026-07-13 09:30:00,2.70188678
diamond_harbour,2026-07-13 16:00:00,2026-07-13 10:30:00,2.23082569
diamond_harbour,2026-07-13 17:00:00,2026-07-13 11:30:00,1.81684118
diamond_harbour,2026-07-13 18:00:00,2026-07-13 12:30:00,1.79997937
diamond_harbour,2026-07-13 19:00:00,2026-07-13 13:30:00,2.62630944
diamond_harbour,2026-07-13 20:00:00,2026-07-13 14:30:00,4.01077305
diamond_harbour,2026-07-13 21:00:00,2026-07-13 15:30:00,5.19100176
diamond_harbour,2026-07-13 22:00:00,2026-07-13 16:30:00,5.72028494
diamond_harbour,2026-07-13 23:00:00,2026-07-13 17:30:00,5.58033383
diamond_harbour,2026-07-14 00:00:00,2026-07-13 18:30:00,4.98326011
diamond_harbour,2026-07-14 01:00:00,2026-07-13 19:30:00,4.18842347
diamond_harbour,2026-07-14 02:00:00,2026-07-13 20:30:00,3.35408296
diamond_harbour,2026-07-14 03:00:00,2026-07-13 21:30:00,2.63614188
diamond_harbour,2026-07-14 04:00:00,2026-07-13 22:30:00,2.11596220
diamond_harbour,2026-07-14 05:00:00,2026-07-13 23:30:00,1.67746035
diamond_harbour,2026-07-14 06:00:00,2026-07-14 00:30:00,1.51579578
diamond_harbour,2026-07-14 07:00:00,2026-07-14 01:30:00,2.23489397
diamond_harbour,2026-07-14 08:00:00,2026-07-14 02:30:00,3.84107361
diamond_harbour,2026-07-14 09:00:00,2026-07-14 03:30:00,5.46395858
diamond_harbour,2026-07-14 10:00:00,2026-07-14 04:30:00,6.35365536
diamond_harbour,2026-07-14 11:00:00,2026-07-14 05:30:00,6.39844532
diamond_harbour,2026-07-14 12:00:00,2026-07-14 06:30:00,5.83638963
diamond_harbour,2026-07-14 13:00:00,2026-07-14 07:30:00,4.98238192
diamond_harbour,2026-07-14 14:00:00,2026-07-14 08:30:00,4.06127188
diamond_harbour,2026-07-14 15:00:00,2026-07-14 09:30:00,3.23314522
diamond_harbour,2026-07-14 16:00:00,2026-07-14 10:30:00,2.62078501
diamond_harbour,2026-07-14 17:00:00,2026-07-14 11:30:00,2.08962158
diamond_harbour,2026-07-14 18:00:00,2026-07-14 12:30:00,1.56605588
diamond_harbour,2026-07-14 19:00:00,2026-07-14 13:30:00,1.60857193
diamond_harbour,2026-07-14 20:00:00,2026-07-14 14:30:00,2.72087974
diamond_harbour,2026-07-14 21:00:00,2026-07-14 15:30:00,4.37251777
diamond_harbour,2026-07-14 22:00:00,2026-07-14 16:30:00,5.58380601
diamond_harbour,2026-07-14 23:00:00,2026-07-14 17:30:00,5.95732696
diamond_harbour,2026-07-15 00:00:00,2026-07-14 18:30:00,5.66155176
diamond_harbour,2026-07-15 01:00:00,2026-07-14 19:30:00,4.98405292
diamond_harbour,2026-07-15 02:00:00,2026-07-14 20:30:00,4.12302006
diamond_harbour,2026-07-15 03:00:00,2026-07-14 21:30:00,3.23787242
diamond_harbour,2026-07-15 04:00:00,2026-07-14 22:30:00,2.53591221
diamond_harbour,2026-07-15 05:00:00,2026-07-14 23:30:00,2.01276251
diamond_harbour,2026-07-15 06:00:00,2026-07-15 00:30:00,1.50130857
diamond_harbour,2026-07-15 07:00:00,2026-07-15 01:30:00,1.39781505
diamond_harbour,2026-07-15 08:00:00,2026-07-15 02:30:00,2.42506011
diamond_harbour,2026-07-15 09:00:00,2026-07-15 03:30:00,4.33209600
diamond_harbour,2026-07-15 10:00:00,2026-07-15 04:30:00,5.95981042
diamond_harbour,2026-07-15 11:00:00,2026-07-15 05:30:00,6.60602458
diamond_harbour,2026-07-15 12:00:00,2026-07-15 06:30:00,6.40387176
diamond_harbour,2026-07-15 13:00:00,2026-07-15 07:30:00,5.71966898
diamond_harbour,2026-07-15 14:00:00,2026-07-15 08:30:00,4.81206685
diamond_harbour,2026-07-15 15:00:00,2026-07-15 09:30:00,3.86095959
diamond_harbour,2026-07-15 16:00:00,2026-07-15 10:30:00,3.07110314
diamond_harbour,2026-07-15 17:00:00,2026-07-15 11:30:00,2.50228654
diamond_harbour,2026-07-15 18:00:00,2026-07-15 12:30:00,1.89801414
diamond_harbour,2026-07-15 19:00:00,2026-07-15 13:30:00,1.33471243
diamond_harbour,2026-07-15 20:00:00,2026-07-15 14:30:00,1.62124704
diamond_harbour,2026-07-15 21:00:00,2026-07-15 15:30:00,3.11551999
diamond_harbour,2026-07-15 22:00:00,2026-07-15 16:30:00,4.90149489
diamond_harbour,2026-07-15 23:00:00,2026-07-15 17:30:00,5.92597668
diamond_harbour,2026-07-16 00:00:00,2026-07-15 18:30:00,6.04388304
diamond_harbour,2026-07-16 01:00:00,2026-07-15 19:30:00,5.60154238
diamond_harbour,2026-07-16 02:00:00,2026-07-15 20:30:00,4.84571079
diamond_harbour,2026-07-16 03:00:00,2026-07-15 21:30:00,3.92229271
diamond_harbour,2026-07-16 04:00:00,2026-07-15 22:30:00,3.05233494
diamond_harbour,2026-07-16 05:00:00,2026-07-15 23:30:00,2.42556041
diamond_harbour,2026-07-16 06:00:00,2026-07-16 00:30:00,1.89253241
diamond_harbour,2026-07-16 07:00:00,2026-07-16 01:30:00,1.35709902
diamond_harbour,2026-07-16 08:00:00,2026-07-16 02:30:00,1.48492052
diamond_harbour,2026-07-16 09:00:00,2026-07-16 03:30:00,2.91858347
diamond_harbour,2026-07-16 10:00:00,2026-07-16 04:30:00,4.97215606
diamond_harbour,2026-07-16 11:00:00,2026-07-16 05:30:00,6.34385258
diamond_harbour,2026-07-16 12:00:00,2026-07-16 06:30:00,6.63096845
diamond_harbour,2026-07-16 13:00:00,2026-07-16 07:30:00,6.22170246
diamond_harbour,2026-07-16 14:00:00,2026-07-16 08:30:00,5.45363766
diamond_harbour,2026-07-16 15:00:00,2026-07-16 09:30:00,4.49645136
diamond_harbour,2026-07-16 16:00:00,2026-07-16 10:30:00,3.56562469
diamond_harbour,2026-07-16 17:00:00,2026-07-16 11:30:00,2.87552135
diamond_harbour,2026-07-16 18:00:00,2026-07-16 12:30:00,2.33366876
diamond_harbour,2026-07-16 19:00:00,2026-07-16 13:30:00,1.66209135
diamond_harbour,2026-07-16 20:00:00,2026-07-16 14:30:00,1.22870573
diamond_harbour,2026-07-16 21:00:00,2026-07-16 15:30:00,1.94315442
diamond_harbour,2026-07-16 22:00:00,2026-07-16 16:30:00,3.75579874
diamond_harbour,2026-07-16 23:00:00,2026-07-16 17:30:00,5.42150748
diamond_harbour,2026-07-17 00:00:00,2026-07-16 18:30:00,6.09672119
diamond_harbour,2026-07-17 01:00:00,2026-07-16 19:30:00,5.97064674
diamond_harbour,2026-07-17 02:00:00,2026-07-16 20:30:00,5.41719878
diamond_harbour,2026-07-17 03:00:00,2026-07-16 21:30:00,4.57929105
diamond_harbour,2026-07-17 04:00:00,2026-07-16 22:30:00,3.63432229
diamond_harbour,2026-07-17 05:00:00,2026-07-16 23:30:00,2.85501113
diamond_harbour,2026-07-17 06:00:00,2026-07-17 00:30:00,2.30620202
diamond_harbour,2026-07-17 07:00:00,2026-07-17 01:30:00,1.75179826
diamond_harbour,2026-07-17 08:00:00,2026-07-17 02:30:00,1.32465977
diamond_harbour,2026-07-17 09:00:00,2026-07-17 03:30:00,1.85518991
diamond_harbour,2026-07-17 10:00:00,2026-07-17 04:30:00,3.62736218
diamond_harbour,2026-07-17 11:00:00,2026-07-17 05:30:00,5.54324733
diamond_harbour,2026-07-17 12:00:00,2026-07-17 06:30:00,6.47332744
diamond_harbour,2026-07-17 13:00:00,2026-07-17 07:30:00,6.43767992
diamond_harbour,2026-07-17 14:00:00,2026-07-17 08:30:00,5.90286762
diamond_harbour,2026-07-17 15:00:00,2026-07-17 09:30:00,5.06301330
diamond_harbour,2026-07-17 16:00:00,2026-07-17 10:30:00,4.08376777
diamond_harbour,2026-07-17 17:00:00,2026-07-17 11:30:00,3.24670555
diamond_harbour,2026-07-17 18:00:00,2026-07-17 12:30:00,2.66470577
diamond_harbour,2026-07-17 19:00:00,2026-07-17 13:30:00,2.10773487
diamond_harbour,2026-07-17 20:00:00,2026-07-17 14:30:00,1.46522094
diamond_harbour,2026-07-17 21:00:00,2026-07-17 15:30:00,1.38145615
diamond_harbour,2026-07-17 22:00:00,2026-07-17 16:30:00,2.56390508
diamond_harbour,2026-07-17 23:00:00,2026-07-17 17:30:00,4.44968546
diamond_harbour,2026-07-18 00:00:00,2026-07-17 18:30:00,5.75414666
diamond_harbour,2026-07-18 01:00:00,2026-07-17 19:30:00,6.06543536
diamond_harbour,2026-07-18 02:00:00,2026-07-17 20:30:00,5.77663867
diamond_harbour,2026-07-18 03:00:00,2026-07-17 21:30:00,5.12905017
diamond_harbour,2026-07-18 04:00:00,2026-07-17 22:30:00,4.22356853
diamond_harbour,2026-07-18 05:00:00,2026-07-17 23:30:00,3.33266329
diamond_harbour,2026-07-18 06:00:00,2026-07-18 00:30:00,2.67864385
diamond_harbour,2026-07-18 07:00:00,2026-07-18 01:30:00,2.16746410
diamond_harbour,2026-07-18 08:00:00,2026-07-18 02:30:00,1.64236947
diamond_harbour,2026-07-18 09:00:00,2026-07-18 03:30:00,1.50264006
diamond_harbour,2026-07-18 10:00:00,2026-07-18 04:30:00,2.47395624
diamond_harbour,2026-07-18 11:00:00,2026-07-18 05:30:00,4.33497704
diamond_harbour,2026-07-18 12:00:00,2026-07-18 06:30:00,5.84970719
diamond_harbour,2026-07-18 13:00:00,2026-07-18 07:30:00,6.33157704
diamond_harbour,2026-07-18 14:00:00,2026-07-18 08:30:00,6.10229685
diamond_harbour,2026-07-18 15:00:00,2026-07-18 09:30:00,5.49195158
diamond_harbour,2026-07-18 16:00:00,2026-07-18 10:30:00,4.59036706
diamond_harbour,2026-07-18 17:00:00,2026-07-18 11:30:00,3.65899341
diamond_harbour,2026-07-18 18:00:00,2026-07-18 12:30:00,2.96142581
diamond_harbour,2026-07-18 19:00:00,2026-07-18 13:30:00,2.43832219
diamond_harbour,2026-07-18 20:00:00,2026-07-18 14:30:00,1.87688655
diamond_harbour,2026-07-18 21:00:00,2026-07-18 15:30:00,1.44544749
diamond_harbour,2026-07-18 22:00:00,2026-07-18 16:30:00,1.83705076
diamond_harbour,2026-07-18 23:00:00,2026-07-18 17:30:00,3.30986929
diamond_harbour,2026-07-19 00:00:00,2026-07-18 18:30:00,4.96661817
diamond_harbour,2026-07-19 01:00:00,2026-07-18 19:30:00,5.82389074
diamond_harbour,2026-07-19 02:00:00,2026-07-18 20:30:00,5.88307576
diamond_harbour,2026-07-19 03:00:00,2026-07-18 21:30:00,5.50033738
diamond_harbour,2026-07-19 04:00:00,2026-07-18 22:30:00,4.76241908
diamond_harbour,2026-07-19 05:00:00,2026-07-18 23:30:00,3.85048098
diamond_harbour,2026-07-19 06:00:00,2026-07-19 00:30:00,3.08492115
diamond_harbour,2026-07-19 07:00:00,2026-07-19 01:30:00,2.53029703
diamond_harbour,2026-07-19 08:00:00,2026-07-19 02:30:00,2.03556079
diamond_harbour,2026-07-19 09:00:00,2026-07-19 03:30:00,1.66225866
diamond_harbour,2026-07-19 10:00:00,2026-07-19 04:30:00,1.91702085
diamond_harbour,2026-07-19 11:00:00,2026-07-19 05:30:00,3.16770924
diamond_harbour,2026-07-19 12:00:00,2026-07-19 06:30:00,4.81208290
diamond_harbour,2026-07-19 13:00:00,2026-07-19 07:30:00,5.83047478
diamond_harbour,2026-07-19 14:00:00,2026-07-19 08:30:00,6.00700725
diamond_harbour,2026-07-19 15:00:00,2026-07-19 09:30:00,5.69727602
diamond_harbour,2026-07-19 16:00:00,2026-07-19 10:30:00,5.02321916
diamond_harbour,2026-07-19 17:00:00,2026-07-19 11:30:00,4.11080873
diamond_harbour,2026-07-19 18:00:00,2026-07-19 12:30:00,3.30663201
diamond_harbour,2026-07-19 19:00:00,2026-07-19 13:30:00,2.73005532
diamond_harbour,2026-07-19 20:00:00,2026-07-19 14:30:00,2.22013753
diamond_harbour,2026-07-19 21:00:00,2026-07-19 15:30:00,1.75568236
diamond_harbour,2026-07-19 22:00:00,2026-07-19 16:30:00,1.68836049
diamond_harbour,2026-07-19 23:00:00,2026-07-19 17:30:00,2.47222887
diamond_harbour,2026-07-20 00:00:00,2026-07-19 18:30:00,3.92863561
diamond_harbour,2026-07-20 01:00:00,2026-07-19 19:30:00,5.17648057
diamond_harbour,2026-07-20 02:00:00,2026-07-19 20:30:00,5.67849784
diamond_harbour,2026-07-20 03:00:00,2026-07-19 21:30:00,5.61719422
diamond_harbour,2026-07-20 04:00:00,2026-07-19 22:30:00,5.16350987
diamond_harbour,2026-07-20 05:00:00,2026-07-19 23:30:00,4.37213353
diamond_harbour,2026-07-20 06:00:00,2026-07-20 00:30:00,3.54901909
diamond_harbour,2026-07-20 07:00:00,2026-07-20 01:30:00,2.92871007
diamond_harbour,2026-07-20 08:00:00,2026-07-20 02:30:00,2.42032151
diamond_harbour,2026-07-20 09:00:00,2026-07-20 03:30:00,1.98394198
diamond_harbour,2026-07-20 10:00:00,2026-07-20 04:30:00,1.87688483
diamond_harbour,2026-07-20 11:00:00,2026-07-20 05:30:00,2.46208195
diamond_harbour,2026-07-20 12:00:00,2026-07-20 06:30:00,3.70946082
diamond_harbour,2026-07-20 13:00:00,2026-07-20 07:30:00,4.94893656
diamond_harbour,2026-07-20 14:00:00,2026-07-20 08:30:00,5.56569367
diamond_harbour,2026-07-20 15:00:00,2026-07-20 09:30:00,5.60598556
diamond_harbour,2026-07-20 16:00:00,2026-07-20 10:30:00,5.26129328
diamond_harbour,2026-07-20 17:00:00,2026-07-20 11:30:00,4.54810499
diamond_harbour,2026-07-20 18:00:00,2026-07-20 12:30:00,3.71558096
diamond_harbour,2026-07-20 19:00:00,2026-07-20 13:30:00,3.07181971
diamond_harbour,2026-07-20 20:00:00,2026-07-20 14:30:00,2.55810315
diamond_harbour,2026-07-20 21:00:00,2026-07-20 15:30:00,2.08126339
diamond_harbour,2026-07-20 22:00:00,2026-07-20 16:30:00,1.84022101
diamond_harbour,2026-07-20 23:00:00,2026-07-20 17:30:00,2.13023481
diamond_harbour,2026-07-21 00:00:00,2026-07-20 18:30:00,3.05144058
diamond_harbour,2026-07-21 01:00:00,2026-07-20 19:30:00,4.24616184
diamond_harbour,2026-07-21 02:00:00,2026-07-20 20:30:00,5.10677249
diamond_harbour,2026-07-21 03:00:00,2026-07-20 21:30:00,5.41819361
diamond_harbour,2026-07-21 04:00:00,2026-07-20 22:30:00,5.30790819
diamond_harbour,2026-07-21 05:00:00,2026-07-20 23:30:00,4.80296673
diamond_harbour,2026-07-21 06:00:00,2026-07-21 00:30:00,4.04995948
diamond_harbour,2026-07-21 07:00:00,2026-07-21 01:30:00,3.38795698
diamond_harbour,2026-07-21 08:00:00,2026-07-21 02:30:00,2.87119824
diamond_harbour,2026-07-21 09:00:00,2026-07-21 03:30:00,2.38196216
diamond_harbour,2026-07-21 10:00:00,2026-07-21 04:30:00,2.07969096
diamond_harbour,2026-07-21 11:00:00,2026-07-21 05:30:00,2.24189689
diamond_harbour,2026-07-21 12:00:00,2026-07-21 06:30:00,2.94482181
diamond_harbour,2026-07-21 13:00:00,2026-07-21 07:30:00,3.95369488
diamond_harbour,2026-07-21 14:00:00,2026-07-21 08:30:00,4.79535896
diamond_harbour,2026-07-21 15:00:00,2026-07-21 09:30:00,5.18798965
diamond_harbour,2026-07-21 16:00:00,2026-07-21 10:30:00,5.19180857
diamond_harbour,2026-07-21 17:00:00,2026-07-21 11:30:00,4.82752120
diamond_harbour,2026-07-21 18:00:00,2026-07-21 12:30:00,4.14723853
diamond_harbour,2026-07-21 19:00:00,2026-07-21 13:30:00,3.47203533
diamond_harbour,2026-07-21 20:00:00,2026-07-21 14:30:00,2.95769128
diamond_harbour,2026-07-21 21:00:00,2026-07-21 15:30:00,2.46881098
diamond_harbour,2026-07-21 22:00:00,2026-07-21 16:30:00,2.09562632
diamond_harbour,2026-07-21 23:00:00,2026-07-21 17:30:00,2.11072233
diamond_harbour,2026-07-22 00:00:00,2026-07-21 18:30:00,2.57808934
diamond_harbour,2026-07-22 01:00:00,2026-07-21 19:30:00,3.38114597
diamond_harbour,2026-07-22 02:00:00,2026-07-21 20:30:00,4.25846594
diamond_harbour,2026-07-22 03:00:00,2026-07-21 21:30:00,4.87856621
diamond_harbour,2026-07-22 04:00:00,2026-07-21 22:30:00,5.11974203
diamond_harbour,2026-07-22 05:00:00,2026-07-21 23:30:00,4.98934913
diamond_harbour,2026-07-22 06:00:00,2026-07-22 00:30:00,4.50111523
diamond_harbour,2026-07-22 07:00:00,2026-07-22 01:30:00,3.88760081
diamond_harbour,2026-07-22 08:00:00,2026-07-22 02:30:00,3.38421616
diamond_harbour,2026-07-22 09:00:00,2026-07-22 03:30:00,2.90456510
diamond_harbour,2026-07-22 10:00:00,2026-07-22 04:30:00,2.44934024
diamond_harbour,2026-07-22 11:00:00,2026-07-22 05:30:00,2.31054829
diamond_harbour,2026-07-22 12:00:00,2026-07-22 06:30:00,2.61011257
diamond_harbour,2026-07-22 13:00:00,2026-07-22 07:30:00,3.20558508
diamond_harbour,2026-07-22 14:00:00,2026-07-22 08:30:00,3.90738119
diamond_harbour,2026-07-22 15:00:00,2026-07-22 09:30:00,4.48736781
diamond_harbour,2026-07-22 16:00:00,2026-07-22 10:30:00,4.79451601
diamond_harbour,2026-07-22 17:00:00,2026-07-22 11:30:00,4.79910394
diamond_harbour,2026-07-22 18:00:00,2026-07-22 12:30:00,4.46075221
diamond_harbour,2026-07-22 19:00:00,2026-07-22 13:30:00,3.90252755
diamond_harbour,2026-07-22 20:00:00,2026-07-22 14:30:00,3.39725546
diamond_harbour,2026-07-22 21:00:00,2026-07-22 15:30:00,2.95182720
diamond_harbour,2026-07-22 22:00:00,2026-07-22 16:30:00,2.49317398
diamond_harbour,2026-07-22 23:00:00,2026-07-22 17:30:00,2.26004837
diamond_harbour,2026-07-23 00:00:00,2026-07-22 18:30:00,2.42199108
diamond_harbour,2026-07-23 01:00:00,2026-07-22 19:30:00,2.84301228
diamond_harbour,2026-07-23 02:00:00,2026-07-22 20:30:00,3.42535716
diamond_harbour,2026-07-23 03:00:00,2026-07-22 21:30:00,4.08575559
diamond_harbour,2026-07-23 04:00:00,2026-07-22 22:30:00,4.60447113
diamond_harbour,2026-07-23 05:00:00,2026-07-22 23:30:00,4.83311112
diamond_harbour,2026-07-23 06:00:00,2026-07-23 00:30:00,4.73471982
diamond_harbour,2026-07-23 07:00:00,2026-07-23 01:30:00,4.36050057
diamond_harbour,2026-07-23 08:00:00,2026-07-23 02:30:00,3.91982517
diamond_harbour,2026-07-23 09:00:00,2026-07-23 03:30:00,3.50222508
diamond_harbour,2026-07-23 10:00:00,2026-07-23 04:30:00,3.01270331
diamond_harbour,2026-07-23 11:00:00,2026-07-23 05:30:00,2.60900129
diamond_harbour,2026-07-23 12:00:00,2026-07-23 06:30:00,2.56915270
diamond_harbour,2026-07-23 13:00:00,2026-07-23 07:30:00,2.82766397
diamond_harbour,2026-07-23 14:00:00,2026-07-23 08:30:00,3.21078781
diamond_harbour,2026-07-23 15:00:00,2026-07-23 09:30:00,3.68507100
diamond_harbour,2026-07-23 16:00:00,2026-07-23 10:30:00,4.14496816
diamond_harbour,2026-07-23 17:00:00,2026-07-23 11:30:00,4.43778780
diamond_harbour,2026-07-23 18:00:00,2026-07-23 12:30:00,4.48459180
diamond_harbour,2026-07-23 19:00:00,2026-07-23 13:30:00,4.24869549
diamond_harbour,2026-07-23 20:00:00,2026-07-23 14:30:00,3.85274570
diamond_harbour,2026-07-23 21:00:00,2026-07-23 15:30:00,3.46445183
diamond_harbour,2026-07-23 22:00:00,2026-07-23 16:30:00,3.03920902
diamond_harbour,2026-07-23 23:00:00,2026-07-23 17:30:00,2.61888948
diamond_harbour,2026-07-24 00:00:00,2026-07-23 18:30:00,2.46787195
diamond_harbour,2026-07-24 01:00:00,2026-07-23 19:30:00,2.60578476
diamond_harbour,2026-07-24 02:00:00,2026-07-23 20:30:00,2.86495879
diamond_harbour,2026-07-24 03:00:00,2026-07-23 21:30:00,3.28463295
diamond_harbour,2026-07-24 04:00:00,2026-07-23 22:30:00,3.85798600
diamond_harbour,2026-07-24 05:00:00,2026-07-23 23:30:00,4.35576157
diamond_harbour,2026-07-24 06:00:00,2026-07-24 00:30:00,4.62983725
diamond_harbour,2026-07-24 07:00:00,2026-07-24 01:30:00,4.64831934
diamond_harbour,2026-07-24 08:00:00,2026-07-24 02:30:00,4.43232639
diamond_harbour,2026-07-24 09:00:00,2026-07-24 03:30:00,4.10047950
diamond_harbour,2026-07-24 10:00:00,2026-07-24 04:30:00,3.67870697
diamond_harbour,2026-07-24 11:00:00,2026-07-24 05:30:00,3.15803149
diamond_harbour,2026-07-24 12:00:00,2026-07-24 06:30:00,2.77945891
diamond_harbour,2026-07-24 13:00:00,2026-07-24 07:30:00,2.72190492
diamond_harbour,2026-07-24 14:00:00,2026-07-24 08:30:00,2.83490603
diamond_harbour,2026-07-24 15:00:00,2026-07-24 09:30:00,3.04074993
diamond_harbour,2026-07-24 16:00:00,2026-07-24 10:30:00,3.40802338
diamond_harbour,2026-07-24 17:00:00,2026-07-24 11:30:00,3.83880521
diamond_harbour,2026-07-24 18:00:00,2026-07-24 12:30:00,4.17745917
diamond_harbour,2026-07-24 19:00:00,2026-07-24 13:30:00,4.33800292
diamond_harbour,2026-07-24 20:00:00,2026-07-24 14:30:00,4.24787980
diamond_harbour,2026-07-24 21:00:00,2026-07-24 15:30:00,3.97229594
diamond_harbour,2026-07-24 22:00:00,2026-07-24 16:30:00,3.62300778
diamond_harbour,2026-07-24 23:00:00,2026-07-24 17:30:00,3.18242866
diamond_harbour,2026-07-25 00:00:00,2026-07-24 18:30:00,2.76164349
diamond_harbour,2026-07-25 01:00:00,2026-07-24 19:30:00,2.57923824
diamond_harbour,2026-07-25 02:00:00,2026-07-24 20:30:00,2.59084150
diamond_harbour,2026-07-25 03:00:00,2026-07-24 21:30:00,2.71687390
diamond_harbour,2026-07-25 04:00:00,2026-07-24 22:30:00,3.08466198
diamond_harbour,2026-07-25 05:00:00,2026-07-24 23:30:00,3.65795185
diamond_harbour,2026-07-25 06:00:00,2026-07-25 00:30:00,4.20646977
diamond_harbour,2026-07-25 07:00:00,2026-07-25 01:30:00,4.61377381
diamond_harbour,2026-07-25 08:00:00,2026-07-25 02:30:00,4.79085775
diamond_harbour,2026-07-25 09:00:00,2026-07-25 03:30:00,4.66836862
diamond_harbour,2026-07-25 10:00:00,2026-07-25 04:30:00,4.33249124
diamond_harbour,2026-07-25 11:00:00,2026-07-25 05:30:00,3.84461629
diamond_harbour,2026-07-25 12:00:00,2026-07-25 06:30:00,3.27039591
diamond_harbour,2026-07-25 13:00:00,2026-07-25 07:30:00,2.85496110
diamond_harbour,2026-07-25 14:00:00,2026-07-25 08:30:00,2.70378894
diamond_harbour,2026-07-25 15:00:00,2026-07-25 09:30:00,2.68145190
diamond_harbour,2026-07-25 16:00:00,2026-07-25 10:30:00,2.80139152
diamond_harbour,2026-07-25 17:00:00,2026-07-25 11:30:00,3.15275755
diamond_harbour,2026-07-25 18:00:00,2026-07-25 12:30:00,3.63486400
diamond_harbour,2026-07-25 19:00:00,2026-07-25 13:30:00,4.10745250
diamond_harbour,2026-07-25 20:00:00,2026-07-25 14:30:00,4.42649897
diamond_harbour,2026-07-25 21:00:00,2026-07-25 15:30:00,4.43525676
diamond_harbour,2026-07-25 22:00:00,2026-07-25 16:30:00,4.18566326
diamond_harbour,2026-07-25 23:00:00,2026-07-25 17:30:00,3.80611550
diamond_harbour,2026-07-26 00:00:00,2026-07-25 18:30:00,3.30271491
diamond_harbour,2026-07-26 01:00:00,2026-07-25 19:30:00,2.80882034
diamond_harbour,2026-07-26 02:00:00,2026-07-25 20:30:00,2.52596840
diamond_harbour,2026-07-26 03:00:00,2026-07-25 21:30:00,2.42667646
diamond_harbour,2026-07-26 04:00:00,2026-07-25 22:30:00,2.50724707
diamond_harbour,2026-07-26 05:00:00,2026-07-25 23:30:00,2.90554090
diamond_harbour,2026-07-26 06:00:00,2026-07-26 00:30:00,3.55896673
diamond_harbour,2026-07-26 07:00:00,2026-07-26 01:30:00,4.26189409
diamond_harbour,2026-07-26 08:00:00,2026-07-26 02:30:00,4.85214135
diamond_harbour,2026-07-26 09:00:00,2026-07-26 03:30:00,5.11121487
diamond_harbour,2026-07-26 10:00:00,2026-07-26 04:30:00,4.94651557
diamond_harbour,2026-07-26 11:00:00,2026-07-26 05:30:00,4.51857685
diamond_harbour,2026-07-26 12:00:00,2026-07-26 06:30:00,3.93109572
diamond_harbour,2026-07-26 13:00:00,2026-07-26 07:30:00,3.27028346
diamond_harbour,2026-07-26 14:00:00,2026-07-26 08:30:00,2.78271534
diamond_harbour,2026-07-26 15:00:00,2026-07-26 09:30:00,2.54894141
diamond_harbour,2026-07-26 16:00:00,2026-07-26 10:30:00,2.45378079
diamond_harbour,2026-07-26 17:00:00,2026-07-26 11:30:00,2.56167328
diamond_harbour,2026-07-26 18:00:00,2026-07-26 12:30:00,2.98590910
diamond_harbour,2026-07-26 19:00:00,2026-07-26 13:30:00,3.63430492
diamond_harbour,2026-07-26 20:00:00,2026-07-26 14:30:00,4.30509677
diamond_harbour,2026-07-26 21:00:00,2026-07-26 15:30:00,4.72447610
diamond_harbour,2026-07-26 22:00:00,2026-07-26 16:30:00,4.71117899
diamond_harbour,2026-07-26 23:00:00,2026-07-26 17:30:00,4.39771848
diamond_harbour,2026-07-27 00:00:00,2026-07-26 18:30:00,3.93005537
diamond_harbour,2026-07-27 01:00:00,2026-07-26 19:30:00,3.30589089
diamond_harbour,2026-07-27 02:00:00,2026-07-26 20:30:00,2.70395909
diamond_harbour,2026-07-27 03:00:00,2026-07-26 21:30:00,2.34681577
diamond_harbour,2026-07-27 04:00:00,2026-07-26 22:30:00,2.20396450
diamond_harbour,2026-07-27 05:00:00,2026-07-26 23:30:00,2.30386643
diamond_harbour,2026-07-27 06:00:00,2026-07-27 00:30:00,2.81338757
diamond_harbour,2026-07-27 07:00:00,2026-07-27 01:30:00,3.66948803
diamond_harbour,2026-07-27 08:00:00,2026-07-27 02:30:00,4.60067095
diamond_harbour,2026-07-27 09:00:00,2026-07-27 03:30:00,5.29158794
diamond_harbour,2026-07-27 10:00:00,2026-07-27 04:30:00,5.46196591
diamond_harbour,2026-07-27 11:00:00,2026-07-27 05:30:00,5.14363120
diamond_harbour,2026-07-27 12:00:00,2026-07-27 06:30:00,4.58791367
diamond_harbour,2026-07-27 13:00:00,2026-07-27 07:30:00,3.87751617
diamond_harbour,2026-07-27 14:00:00,2026-07-27 08:30:00,3.12207208
diamond_harbour,2026-07-27 15:00:00,2026-07-27 09:30:00,2.59749518
diamond_harbour,2026-07-27 16:00:00,2026-07-27 10:30:00,2.33186869
diamond_harbour,2026-07-27 17:00:00,2026-07-27 11:30:00,2.20557553
diamond_harbour,2026-07-27 18:00:00,2026-07-27 12:30:00,2.37833477
diamond_harbour,2026-07-27 19:00:00,2026-07-27 13:30:00,3.01506516
diamond_harbour,2026-07-27 20:00:00,2026-07-27 14:30:00,3.93177732
diamond_harbour,2026-07-27 21:00:00,2026-07-27 15:30:00,4.74455999
diamond_harbour,2026-07-27 22:00:00,2026-07-27 16:30:00,5.10337292
diamond_harbour,2026-07-27 23:00:00,2026-07-27 17:30:00,4.94978822
diamond_harbour,2026-07-28 00:00:00,2026-07-27 18:30:00,4.51761945
diamond_harbour,2026-07-28 01:00:00,2026-07-27 19:30:00,3.91134935
diamond_harbour,2026-07-28 02:00:00,2026-07-27 20:30:00,3.14535407
diamond_harbour,2026-07-28 03:00:00,2026-07-27 21:30:00,2.48622950
diamond_harbour,2026-07-28 04:00:00,2026-07-27 22:30:00,2.12451688
diamond_harbour,2026-07-28 05:00:00,2026-07-27 23:30:00,1.97602729
diamond_harbour,2026-07-28 06:00:00,2026-07-28 00:30:00,2.15829618
diamond_harbour,2026-07-28 07:00:00,2026-07-28 01:30:00,2.91864436
diamond_harbour,2026-07-28 08:00:00,2026-07-28 02:30:00,4.08876212
diamond_harbour,2026-07-28 09:00:00,2026-07-28 03:30:00,5.17721355
diamond_harbour,2026-07-28 10:00:00,2026-07-28 04:30:00,5.75885507
diamond_harbour,2026-07-28 11:00:00,2026-07-28 05:30:00,5.68948081
diamond_harbour,2026-07-28 12:00:00,2026-07-28 06:30:00,5.18638159
diamond_harbour,2026-07-28 13:00:00,2026-07-28 07:30:00,4.49500542
diamond_harbour,2026-07-28 14:00:00,2026-07-28 08:30:00,3.65904713
diamond_harbour,2026-07-28 15:00:00,2026-07-28 09:30:00,2.86603928
diamond_harbour,2026-07-28 16:00:00,2026-07-28 10:30:00,2.37430162
diamond_harbour,2026-07-28 17:00:00,2026-07-28 11:30:00,2.09221895
diamond_harbour,2026-07-28 18:00:00,2026-07-28 12:30:00,1.97158204
diamond_harbour,2026-07-28 19:00:00,2026-07-28 13:30:00,2.35738904
diamond_harbour,2026-07-28 20:00:00,2026-07-28 14:30:00,3.36069023
diamond_harbour,2026-07-28 21:00:00,2026-07-28 15:30:00,4.51586900
diamond_harbour,2026-07-28 22:00:00,2026-07-28 16:30:00,5.27043098
diamond_harbour,2026-07-28 23:00:00,2026-07-28 17:30:00,5.39975849
diamond_harbour,2026-07-29 00:00:00,2026-07-28 18:30:00,5.05328956
diamond_harbour,2026-07-29 01:00:00,2026-07-28 19:30:00,4.47481088
diamond_harbour,2026-07-29 02:00:00,2026-07-28 20:30:00,3.70828456
diamond_harbour,2026-07-29 03:00:00,2026-07-28 21:30:00,2.86100246
diamond_harbour,2026-07-29 04:00:00,2026-07-28 22:30:00,2.24268435
diamond_harbour,2026-07-29 05:00:00,2026-07-28 23:30:00,1.90503275
diamond_harbour,2026-07-29 06:00:00,2026-07-29 00:30:00,1.77211640
diamond_harbour,2026-07-29 07:00:00,2026-07-29 01:30:00,2.17417849
diamond_harbour,2026-07-29 08:00:00,2026-07-29 02:30:00,3.34742487
diamond_harbour,2026-07-29 09:00:00,2026-07-29 03:30:00,4.79635018
diamond_harbour,2026-07-29 10:00:00,2026-07-29 04:30:00,5.80028625
diamond_harbour,2026-07-29 11:00:00,2026-07-29 05:30:00,6.06219872
diamond_harbour,2026-07-29 12:00:00,2026-07-29 06:30:00,5.71353350
diamond_harbour,2026-07-29 13:00:00,2026-07-29 07:30:00,5.04838764
diamond_harbour,2026-07-29 14:00:00,2026-07-29 08:30:00,4.22180433
diamond_harbour,2026-07-29 15:00:00,2026-07-29 09:30:00,3.31357979
diamond_harbour,2026-07-29 16:00:00,2026-07-29 10:30:00,2.58473393
diamond_harbour,2026-07-29 17:00:00,2026-07-29 11:30:00,2.15024301
diamond_harbour,2026-07-29 18:00:00,2026-07-29 12:30:00,1.83538921
diamond_harbour,2026-07-29 19:00:00,2026-07-29 13:30:00,1.83882410
diamond_harbour,2026-07-29 20:00:00,2026-07-29 14:30:00,2.64560928
diamond_harbour,2026-07-29 21:00:00,2026-07-29 15:30:00,4.04698512
diamond_harbour,2026-07-29 22:00:00,2026-07-29 16:30:00,5.21937371
diamond_harbour,2026-07-29 23:00:00,2026-07-29 17:30:00,5.67656763
diamond_harbour,2026-07-30 00:00:00,2026-07-29 18:30:00,5.50432961
diamond_harbour,2026-07-30 01:00:00,2026-07-29 19:30:00,4.97396756
diamond_harbour,2026-07-30 02:00:00,2026-07-29 20:30:00,4.23741980
diamond_harbour,2026-07-30 03:00:00,2026-07-29 21:30:00,3.35438473
diamond_harbour,2026-07-30 04:00:00,2026-07-29 22:30:00,2.54780226
diamond_harbour,2026-07-30 05:00:00,2026-07-29 23:30:00,2.02681882
diamond_harbour,2026-07-30 06:00:00,2026-07-30 00:30:00,1.69395143
diamond_harbour,2026-07-30 07:00:00,2026-07-30 01:30:00,1.67041382
diamond_harbour,2026-07-30 08:00:00,2026-07-30 02:30:00,2.49824047
diamond_harbour,2026-07-30 09:00:00,2026-07-30 03:30:00,4.12176977
diamond_harbour,2026-07-30 10:00:00,2026-07-30 04:30:00,5.60014542
diamond_harbour,2026-07-30 11:00:00,2026-07-30 05:30:00,6.23557758
diamond_harbour,2026-07-30 12:00:00,2026-07-30 06:30:00,6.10352825
diamond_harbour,2026-07-30 13:00:00,2026-07-30 07:30:00,5.53259976
diamond_harbour,2026-07-30 14:00:00,2026-07-30 08:30:00,4.72722433
diamond_harbour,2026-07-30 15:00:00,2026-07-30 09:30:00,3.79599328
diamond_harbour,2026-07-30 16:00:00,2026-07-30 10:30:00,2.92705233
diamond_harbour,2026-07-30 17:00:00,2026-07-30 11:30:00,2.32899109
diamond_harbour,2026-07-30 18:00:00,2026-07-30 12:30:00,1.90888683
diamond_harbour,2026-07-30 19:00:00,2026-07-30 13:30:00,1.60908262
diamond_harbour,2026-07-30 20:00:00,2026-07-30 14:30:00,1.96447108
diamond_harbour,2026-07-30 21:00:00,2026-07-30 15:30:00,3.31922147
diamond_harbour,2026-07-30 22:00:00,2026-07-30 16:30:00,4.92060273
diamond_harbour,2026-07-30 23:00:00,2026-07-30 17:30:00,5.79488406
diamond_harbour,2026-07-31 00:00:00,2026-07-30 18:30:00,5.82999821
diamond_harbour,2026-07-31 01:00:00,2026-07-30 19:30:00,5.39831946
diamond_harbour,2026-07-31 02:00:00,2026-07-30 20:30:00,4.70695222
diamond_harbour,2026-07-31 03:00:00,2026-07-30 21:30:00,3.83133373
diamond_harbour,2026-07-31 04:00:00,2026-07-30 22:30:00,2.94481629
diamond_harbour,2026-07-31 05:00:00,2026-07-30 23:30:00,2.28042957
diamond_harbour,2026-07-31 06:00:00,2026-07-31 00:30:00,1.83418916
diamond_harbour,2026-07-31 07:00:00,2026-07-31 01:30:00,1.52637459
diamond_harbour,2026-07-31 08:00:00,2026-07-31 02:30:00,1.81405293
diamond_harbour,2026-07-31 09:00:00,2026-07-31 03:30:00,3.20209871
diamond_harbour,2026-07-31 10:00:00,2026-07-31 04:30:00,5.07252729
diamond_harbour,2026-07-31 11:00:00,2026-07-31 05:30:00,6.22563693
diamond_harbour,2026-07-31 12:00:00,2026-07-31 06:30:00,6.34989402
diamond_harbour,2026-07-31 13:00:00,2026-07-31 07:30:00,5.90402132
diamond_harbour,2026-07-31 14:00:00,2026-07-31 08:30:00,5.17751994
diamond_harbour,2026-07-31 15:00:00,2026-07-31 09:30:00,4.24529998
diamond_harbour,2026-07-31 16:00:00,2026-07-31 10:30:00,3.29703946
diamond_harbour,2026-07-31 17:00:00,2026-07-31 11:30:00,2.57448743
diamond_harbour,2026-07-31 18:00:00,2026-07-31 12:30:00,2.08497443
diamond_harbour,2026-07-31 19:00:00,2026-07-31 13:30:00,1.65220016
diamond_harbour,2026-07-31 20:00:00,2026-07-31 14:30:00,1.55117804
diamond_harbour,2026-07-31 21:00:00,2026-07-31 15:30:00,2.47577951
diamond_harbour,2026-07-31 22:00:00,2026-07-31 16:30:00,4.26812795
diamond_harbour,2026-07-31 23:00:00,2026-07-31 17:30:00,5.70428708
diamond_harbour,2026-08-01 00:00:00,2026-07-31 18:30:00,6.06717815
diamond_harbour,2026-08-01 01:00:00,2026-07-31 19:30:00,5.73197537
diamond_harbour,2026-08-01 02:00:00,2026-07-31 20:30:00,5.12189170
diamond_harbour,2026-08-01 03:00:00,2026-07-31 21:30:00,4.28179666
diamond_harbour,2026-08-01 04:00:00,2026-07-31 22:30:00,3.34108513
diamond_harbour,2026-08-01 05:00:00,2026-07-31 23:30:00,2.57808696
diamond_harbour,2026-08-01 06:00:00,2026-08-01 00:30:00,2.06975228
diamond_harbour,2026-08-01 07:00:00,2026-08-01 01:30:00,1.65847005
diamond_harbour,2026-08-01 08:00:00,2026-08-01 02:30:00,1.51001964
diamond_harbour,2026-08-01 09:00:00,2026-08-01 03:30:00,2.31216518
diamond_harbour,2026-08-01 10:00:00,2026-08-01 04:30:00,4.16484065
diamond_harbour,2026-08-01 11:00:00,2026-08-01 05:30:00,5.89996938
diamond_harbour,2026-08-01 12:00:00,2026-08-01 06:30:00,6.48503274
diamond_harbour,2026-08-01 13:00:00,2026-08-01 07:30:00,6.16992483
diamond_harbour,2026-08-01 14:00:00,2026-08-01 08:30:00,5.54131299
diamond_harbour,2026-08-01 15:00:00,2026-08-01 09:30:00,4.68261111
diamond_harbour,2026-08-01 16:00:00,2026-08-01 10:30:00,3.66927311
diamond_harbour,2026-08-01 17:00:00,2026-08-01 11:30:00,2.82253490
diamond_harbour,2026-08-01 18:00:00,2026-08-01 12:30:00,2.27332405
diamond_harbour,2026-08-01 19:00:00,2026-08-01 13:30:00,1.82722470
diamond_harbour,2026-08-01 20:00:00,2026-08-01 14:30:00,1.47322580
diamond_harbour,2026-08-01 21:00:00,2026-08-01 15:30:00,1.81696741
diamond_harbour,2026-08-01 22:00:00,2026-08-01 16:30:00,3.32755847
diamond_harbour,2026-08-01 23:00:00,2026-08-01 17:30:00,5.21044506
diamond_harbour,2026-08-02 00:00:00,2026-08-01 18:30:00,6.16413960
diamond_harbour,2026-08-02 01:00:00,2026-08-01 19:30:00,6.02943070
diamond_harbour,2026-08-02 02:00:00,2026-08-01 20:30:00,5.47197254
diamond_harbour,2026-08-02 03:00:00,2026-08-01 21:30:00,4.72640541
diamond_harbour,2026-08-02 04:00:00,2026-08-01 22:30:00,3.76668005
diamond_harbour,2026-08-02 05:00:00,2026-08-01 23:30:00,2.87861760
diamond_harbour,2026-08-02 06:00:00,2026-08-02 00:30:00,2.30238634
diamond_harbour,2026-08-02 07:00:00,2026-08-02 01:30:00,1.89374110
diamond_harbour,2026-08-02 08:00:00,2026-08-02 02:30:00,1.55448538
diamond_harbour,2026-08-02 09:00:00,2026-08-02 03:30:00,1.76309985
diamond_harbour,2026-08-02 10:00:00,2026-08-02 04:30:00,3.10799564
diamond_harbour,2026-08-02 11:00:00,2026-08-02 05:30:00,5.09372527
diamond_harbour,2026-08-02 12:00:00,2026-08-02 06:30:00,6.35308697
diamond_harbour,2026-08-02 13:00:00,2026-08-02 07:30:00,6.37888623
diamond_harbour,2026-08-02 14:00:00,2026-08-02 08:30:00,5.81747072
diamond_harbour,2026-08-02 15:00:00,2026-08-02 09:30:00,5.08156905
diamond_harbour,2026-08-02 16:00:00,2026-08-02 10:30:00,4.10214037
diamond_harbour,2026-08-02 17:00:00,2026-08-02 11:30:00,3.10626546
diamond_harbour,2026-08-02 18:00:00,2026-08-02 12:30:00,2.43708772
diamond_harbour,2026-08-02 19:00:00,2026-08-02 13:30:00,2.00457234
diamond_harbour,2026-08-02 20:00:00,2026-08-02 14:30:00,1.60000865
diamond_harbour,2026-08-02 21:00:00,2026-08-02 15:30:00,1.52155952
diamond_harbour,2026-08-02 22:00:00,2026-08-02 16:30:00,2.42823418
diamond_harbour,2026-08-02 23:00:00,2026-08-02 17:30:00,4.26899380
diamond_harbour,2026-08-03 00:00:00,2026-08-02 18:30:00,5.85547605
diamond_harbour,2026-08-03 01:00:00,2026-08-02 19:30:00,6.24737005
diamond_harbour,2026-08-03 02:00:00,2026-08-02 20:30:00,5.80247119
diamond_harbour,2026-08-03 03:00:00,2026-08-02 21:30:00,5.13787765
diamond_harbour,2026-08-03 04:00:00,2026-08-02 22:30:00,4.26563587
diamond_harbour,2026-08-03 05:00:00,2026-08-02 23:30:00,3.26791170
diamond_harbour,2026-08-03 06:00:00,2026-08-03 00:30:00,2.53430665
diamond_harbour,2026-08-03 07:00:00,2026-08-03 01:30:00,2.11447446
diamond_harbour,2026-08-03 08:00:00,2026-08-03 02:30:00,1.76281159
diamond_harbour,2026-08-03 09:00:00,2026-08-03 03:30:00,1.62049547
diamond_harbour,2026-08-03 10:00:00,2026-08-03 04:30:00,2.29010627
diamond_harbour,2026-08-03 11:00:00,2026-08-03 05:30:00,3.95680377
diamond_harbour,2026-08-03 12:00:00,2026-08-03 06:30:00,5.69254199
diamond_harbour,2026-08-03 13:00:00,2026-08-03 07:30:00,6.37492659
diamond_harbour,2026-08-03 14:00:00,2026-08-03 08:30:00,6.04960496
diamond_harbour,2026-08-03 15:00:00,2026-08-03 09:30:00,5.40337406
diamond_harbour,2026-08-03 16:00:00,2026-08-03 10:30:00,4.57372390
diamond_harbour,2026-08-03 17:00:00,2026-08-03 11:30:00,3.53291633
diamond_harbour,2026-08-03 18:00:00,2026-08-03 12:30:00,2.66185947
diamond_harbour,2026-08-03 19:00:00,2026-08-03 13:30:00,2.15697250
diamond_harbour,2026-08-03 20:00:00,2026-08-03 14:30:00,1.78054130
diamond_harbour,2026-08-03 21:00:00,2026-08-03 15:30:00,1.52035145
diamond_harbour,2026-08-03 22:00:00,2026-08-03 16:30:00,1.86680655
diamond_harbour,2026-08-03 23:00:00,2026-08-03 17:30:00,3.19646865
diamond_harbour,2026-08-04 00:00:00,2026-08-03 18:30:00,4.98175014
diamond_harbour,2026-08-04 01:00:00,2026-08-03 19:30:00,6.07970408
diamond_harbour,2026-08-04 02:00:00,2026-08-03 20:30:00,6.07053370
diamond_harbour,2026-08-04 03:00:00,2026-08-03 21:30:00,5.51369551
diamond_harbour,2026-08-04 04:00:00,2026-08-03 22:30:00,4.77929621
diamond_harbour,2026-08-04 05:00:00,2026-08-03 23:30:00,3.82100319
diamond_harbour,2026-08-04 06:00:00,2026-08-04 00:30:00,2.90200570
diamond_harbour,2026-08-04 07:00:00,2026-08-04 01:30:00,2.34622670
diamond_harbour,2026-08-04 08:00:00,2026-08-04 02:30:00,2.00533955
diamond_harbour,2026-08-04 09:00:00,2026-08-04 03:30:00,1.73876038
diamond_harbour,2026-08-04 10:00:00,2026-08-04 04:30:00,1.90144668
diamond_harbour,2026-08-04 11:00:00,2026-08-04 05:30:00,2.92410514
diamond_harbour,2026-08-04 12:00:00,2026-08-04 06:30:00,4.56076923
diamond_harbour,2026-08-04 13:00:00,2026-08-04 07:30:00,5.83812305
diamond_harbour,2026-08-04 14:00:00,2026-08-04 08:30:00,6.09293882
diamond_harbour,2026-08-04 15:00:00,2026-08-04 09:30:00,5.65072079
diamond_harbour,2026-08-04 16:00:00,2026-08-04 10:30:00,4.98506487
diamond_harbour,2026-08-04 17:00:00,2026-08-04 11:30:00,4.08773008
diamond_harbour,2026-08-04 18:00:00,2026-08-04 12:30:00,3.09558241
diamond_harbour,2026-08-04 19:00:00,2026-08-04 13:30:00,2.39621019
diamond_harbour,2026-08-04 20:00:00,2026-08-04 14:30:00,1.98520984
diamond_harbour,2026-08-04 21:00:00,2026-08-04 15:30:00,1.67297106
diamond_harbour,2026-08-04 22:00:00,2026-08-04 16:30:00,1.67457914
diamond_harbour,2026-08-04 23:00:00,2026-08-04 17:30:00,2.39410053
diamond_harbour,2026-08-05 00:00:00,2026-08-04 18:30:00,3.82020321
diamond_harbour,2026-08-05 01:00:00,2026-08-04 19:30:00,5.27874710
diamond_harbour,2026-08-05 02:00:00,2026-08-04 20:30:00,5.96137829
diamond_harbour,2026-08-05 03:00:00,2026-08-04 21:30:00,5.78880383
diamond_harbour,2026-08-05 04:00:00,2026-08-04 22:30:00,5.22501619
diamond_harbour,2026-08-05 05:00:00,2026-08-04 23:30:00,4.44590584
diamond_harbour,2026-08-05 06:00:00,2026-08-05 00:30:00,3.50696736
diamond_harbour,2026-08-05 07:00:00,2026-08-05 01:30:00,2.74803868
diamond_harbour,2026-08-05 08:00:00,2026-08-05 02:30:00,2.30955361
diamond_harbour,2026-08-05 09:00:00,2026-08-05 03:30:00,1.99614911
diamond_harbour,2026-08-05 10:00:00,2026-08-05 04:30:00,1.87613004
diamond_harbour,2026-08-05 11:00:00,2026-08-05 05:30:00,2.31127153
diamond_harbour,2026-08-05 12:00:00,2026-08-05 06:30:00,3.41208141
diamond_harbour,2026-08-05 13:00:00,2026-08-05 07:30:00,4.75242669
diamond_harbour,2026-08-05 14:00:00,2026-08-05 08:30:00,5.61541283
diamond_harbour,2026-08-05 15:00:00,2026-08-05 09:30:00,5.68518583
diamond_harbour,2026-08-05 16:00:00,2026-08-05 10:30:00,5.26375459
diamond_harbour,2026-08-05 17:00:00,2026-08-05 11:30:00,4.60548593
diamond_harbour,2026-08-05 18:00:00,2026-08-05 12:30:00,3.72868139
diamond_harbour,2026-08-05 19:00:00,2026-08-05 13:30:00,2.88087997
diamond_harbour,2026-08-05 20:00:00,2026-08-05 14:30:00,2.31883328
diamond_harbour,2026-08-05 21:00:00,2026-08-05 15:30:00,1.94650749
diamond_harbour,2026-08-05 22:00:00,2026-08-05 16:30:00,1.75183166
diamond_harbour,2026-08-05 23:00:00,2026-08-05 17:30:00,2.00864352
diamond_harbour,2026-08-06 00:00:00,2026-08-05 18:30:00,2.85486828
diamond_harbour,2026-08-06 01:00:00,2026-08-05 19:30:00,4.08289110
diamond_harbour,2026-08-06 02:00:00,2026-08-05 20:30:00,5.18748002
diamond_harbour,2026-08-06 03:00:00,2026-08-05 21:30:00,5.66352383
diamond_harbour,2026-08-06 04:00:00,2026-08-05 22:30:00,5.49088597
diamond_harbour,2026-08-06 05:00:00,2026-08-05 23:30:00,4.96785064
diamond_harbour,2026-08-06 06:00:00,2026-08-06 00:30:00,4.22908505
diamond_harbour,2026-08-06 07:00:00,2026-08-06 01:30:00,3.42493135
diamond_harbour,2026-08-06 08:00:00,2026-08-06 02:30:00,2.81662647
diamond_harbour,2026-08-06 09:00:00,2026-08-06 03:30:00,2.40729763
diamond_harbour,2026-08-06 10:00:00,2026-08-06 04:30:00,2.11794344
diamond_harbour,2026-08-06 11:00:00,2026-08-06 05:30:00,2.14459813
diamond_harbour,2026-08-06 12:00:00,2026-08-06 06:30:00,2.66578921
diamond_harbour,2026-08-06 13:00:00,2026-08-06 07:30:00,3.57834771
diamond_harbour,2026-08-06 14:00:00,2026-08-06 08:30:00,4.56791689
diamond_harbour,2026-08-06 15:00:00,2026-08-06 09:30:00,5.20152127
diamond_harbour,2026-08-06 16:00:00,2026-08-06 10:30:00,5.26394930
diamond_harbour,2026-08-06 17:00:00,2026-08-06 11:30:00,4.92308855
diamond_harbour,2026-08-06 18:00:00,2026-08-06 12:30:00,4.34021404
diamond_harbour,2026-08-06 19:00:00,2026-08-06 13:30:00,3.59475646
diamond_harbour,2026-08-06 20:00:00,2026-08-06 14:30:00,2.90978808
diamond_harbour,2026-08-06 21:00:00,2026-08-06 15:30:00,2.41358739
diamond_harbour,2026-08-06 22:00:00,2026-08-06 16:30:00,2.06712778
diamond_harbour,2026-08-06 23:00:00,2026-08-06 17:30:00,1.99289790
diamond_harbour,2026-08-07 00:00:00,2026-08-06 18:30:00,2.33851265
diamond_harbour,2026-08-07 01:00:00,2026-08-06 19:30:00,3.04069872
diamond_harbour,2026-08-07 02:00:00,2026-08-06 20:30:00,3.97179464
diamond_harbour,2026-08-07 03:00:00,2026-08-06 21:30:00,4.86220829
diamond_harbour,2026-08-07 04:00:00,2026-08-06 22:30:00,5.30538275
diamond_harbour,2026-08-07 05:00:00,2026-08-06 23:30:00,5.21539220
diamond_harbour,2026-08-07 06:00:00,2026-08-07 00:30:00,4.81269584
diamond_harbour,2026-08-07 07:00:00,2026-08-07 01:30:00,4.23314516
diamond_harbour,2026-08-07 08:00:00,2026-08-07 02:30:00,3.59973486
diamond_harbour,2026-08-07 09:00:00,2026-08-07 03:30:00,3.05917325
diamond_harbour,2026-08-07 10:00:00,2026-08-07 04:30:00,2.62115857
diamond_harbour,2026-08-07 11:00:00,2026-08-07 05:30:00,2.35393807
diamond_harbour,2026-08-07 12:00:00,2026-08-07 06:30:00,2.42152000
diamond_harbour,2026-08-07 13:00:00,2026-08-07 07:30:00,2.80765898
diamond_harbour,2026-08-07 14:00:00,2026-08-07 08:30:00,3.41970633
diamond_harbour,2026-08-07 15:00:00,2026-08-07 09:30:00,4.16197364
diamond_harbour,2026-08-07 16:00:00,2026-08-07 10:30:00,4.73114917
diamond_harbour,2026-08-07 17:00:00,2026-08-07 11:30:00,4.87700538
diamond_harbour,2026-08-07 18:00:00,2026-08-07 12:30:00,4.68653650
diamond_harbour,2026-08-07 19:00:00,2026-08-07 13:30:00,4.28170519
diamond_harbour,2026-08-07 20:00:00,2026-08-07 14:30:00,3.71637063
diamond_harbour,2026-08-07 21:00:00,2026-08-07 15:30:00,3.13775421
diamond_harbour,2026-08-07 22:00:00,2026-08-07 16:30:00,2.65030975
diamond_harbour,2026-08-07 23:00:00,2026-08-07 17:30:00,2.31626026
diamond_harbour,2026-08-08 00:00:00,2026-08-07 18:30:00,2.26337278
diamond_harbour,2026-08-08 01:00:00,2026-08-07 19:30:00,2.48576445
diamond_harbour,2026-08-08 02:00:00,2026-08-07 20:30:00,2.91660798
diamond_harbour,2026-08-08 03:00:00,2026-08-07 21:30:00,3.62310951
diamond_harbour,2026-08-08 04:00:00,2026-08-07 22:30:00,4.44393358
diamond_harbour,2026-08-08 05:00:00,2026-08-07 23:30:00,4.95082243
diamond_harbour,2026-08-08 06:00:00,2026-08-08 00:30:00,5.03276228
diamond_harbour,2026-08-08 07:00:00,2026-08-08 01:30:00,4.86405807
diamond_harbour,2026-08-08 08:00:00,2026-08-08 02:30:00,4.49253706
diamond_harbour,2026-08-08 09:00:00,2026-08-08 03:30:00,3.96028545
diamond_harbour,2026-08-08 10:00:00,2026-08-08 04:30:00,3.39939124
diamond_harbour,2026-08-08 11:00:00,2026-08-08 05:30:00,2.90853745
diamond_harbour,2026-08-08 12:00:00,2026-08-08 06:30:00,2.61391446
diamond_harbour,2026-08-08 13:00:00,2026-08-08 07:30:00,2.57465952
diamond_harbour,2026-08-08 14:00:00,2026-08-08 08:30:00,2.70652302
diamond_harbour,2026-08-08 15:00:00,2026-08-08 09:30:00,3.05522810
diamond_harbour,2026-08-08 16:00:00,2026-08-08 10:30:00,3.67205939
diamond_harbour,2026-08-08 17:00:00,2026-08-08 11:30:00,4.27274985
diamond_harbour,2026-08-08 18:00:00,2026-08-08 12:30:00,4.58767729
diamond_harbour,2026-08-08 19:00:00,2026-08-08 13:30:00,4.64862667
diamond_harbour,2026-08-08 20:00:00,2026-08-08 14:30:00,4.47038069
diamond_harbour,2026-08-08 21:00:00,2026-08-08 15:30:00,4.03480927
diamond_harbour,2026-08-08 22:00:00,2026-08-08 16:30:00,3.48426891
diamond_harbour,2026-08-08 23:00:00,2026-08-08 17:30:00,2.96695847
diamond_harbour,2026-08-09 00:00:00,2026-08-08 18:30:00,2.58575233
diamond_harbour,2026-08-09 01:00:00,2026-08-08 19:30:00,2.41693276
diamond_harbour,2026-08-09 02:00:00,2026-08-08 20:30:00,2.40575806
diamond_harbour,2026-08-09 03:00:00,2026-08-08 21:30:00,2.59447215
diamond_harbour,2026-08-09 04:00:00,2026-08-08 22:30:00,3.18151350
diamond_harbour,2026-08-09 05:00:00,2026-08-08 23:30:00,4.01961375
diamond_harbour,2026-08-09 06:00:00,2026-08-09 00:30:00,4.68759848
diamond_harbour,2026-08-09 07:00:00,2026-08-09 01:30:00,5.06108335
diamond_harbour,2026-08-09 08:00:00,2026-08-09 02:30:00,5.16909256
diamond_harbour,2026-08-09 09:00:00,2026-08-09 03:30:00,4.92328336
diamond_harbour,2026-08-09 10:00:00,2026-08-09 04:30:00,4.38090359
diamond_harbour,2026-08-09 11:00:00,2026-08-09 05:30:00,3.75147886
diamond_harbour,2026-08-09 12:00:00,2026-08-09 06:30:00,3.18181890
diamond_harbour,2026-08-09 13:00:00,2026-08-09 07:30:00,2.78316536
diamond_harbour,2026-08-09 14:00:00,2026-08-09 08:30:00,2.55613290
diamond_harbour,2026-08-09 15:00:00,2026-08-09 09:30:00,2.44111522
diamond_harbour,2026-08-09 16:00:00,2026-08-09 10:30:00,2.60298560
diamond_harbour,2026-08-09 17:00:00,2026-08-09 11:30:00,3.17487195
diamond_harbour,2026-08-09 18:00:00,2026-08-09 12:30:00,3.90686136
diamond_harbour,2026-08-09 19:00:00,2026-08-09 13:30:00,4.51123376
diamond_harbour,2026-08-09 20:00:00,2026-08-09 14:30:00,4.87003800
diamond_harbour,2026-08-09 21:00:00,2026-08-09 15:30:00,4.84558333
diamond_harbour,2026-08-09 22:00:00,2026-08-09 16:30:00,4.43515858
diamond_harbour,2026-08-09 23:00:00,2026-08-09 17:30:00,3.85329754
diamond_harbour,2026-08-10 00:00:00,2026-08-09 18:30:00,3.25874637
diamond_harbour,2026-08-10 01:00:00,2026-08-09 19:30:00,2.75121749
diamond_harbour,2026-08-10 02:00:00,2026-08-09 20:30:00,2.40490009
diamond_harbour,2026-08-10 03:00:00,2026-08-09 21:30:00,2.18232279
diamond_harbour,2026-08-10 04:00:00,2026-08-09 22:30:00,2.20128033
diamond_harbour,2026-08-10 05:00:00,2026-08-09 23:30:00,2.73621531
diamond_harbour,2026-08-10 06:00:00,2026-08-10 00:30:00,3.69101198
diamond_harbour,2026-08-10 07:00:00,2026-08-10 01:30:00,4.65878110
diamond_harbour,2026-08-10 08:00:00,2026-08-10 02:30:00,5.37204344
diamond_harbour,2026-08-10 09:00:00,2026-08-10 03:30:00,5.64111249
diamond_harbour,2026-08-10 10:00:00,2026-08-10 04:30:00,5.36428913
diamond_harbour,2026-08-10 11:00:00,2026-08-10 05:30:00,4.73903661
diamond_harbour,2026-08-10 12:00:00,2026-08-10 06:30:00,4.01994373
diamond_harbour,2026-08-10 13:00:00,2026-08-10 07:30:00,3.33551668
diamond_harbour,2026-08-10 14:00:00,2026-08-10 08:30:00,2.80486506
diamond_harbour,2026-08-10 15:00:00,2026-08-10 09:30:00,2.41128974
diamond_harbour,2026-08-10 16:00:00,2026-08-10 10:30:00,2.09681260
diamond_harbour,2026-08-10 17:00:00,2026-08-10 11:30:00,2.12496267
diamond_harbour,2026-08-10 18:00:00,2026-08-10 12:30:00,2.75806209
diamond_harbour,2026-08-10 19:00:00,2026-08-10 13:30:00,3.77888152
diamond_harbour,2026-08-10 20:00:00,2026-08-10 14:30:00,4.74386444
diamond_harbour,2026-08-10 21:00:00,2026-08-10 15:30:00,5.29870771
diamond_harbour,2026-08-10 22:00:00,2026-08-10 16:30:00,5.26909153
diamond_harbour,2026-08-10 23:00:00,2026-08-10 17:30:00,4.79739450
diamond_harbour,2026-08-11 00:00:00,2026-08-10 18:30:00,4.14033582
diamond_harbour,2026-08-11 01:00:00,2026-08-10 19:30:00,3.41424933
diamond_harbour,2026-08-11 02:00:00,2026-08-10 20:30:00,2.76153371
diamond_harbour,2026-08-11 03:00:00,2026-08-10 21:30:00,2.28668115
diamond_harbour,2026-08-11 04:00:00,2026-08-10 22:30:00,1.91195145
diamond_harbour,2026-08-11 05:00:00,2026-08-10 23:30:00,1.80172458
diamond_harbour,2026-08-11 06:00:00,2026-08-11 00:30:00,2.37989545
diamond_harbour,2026-08-11 07:00:00,2026-08-11 01:30:00,3.62078525
diamond_harbour,2026-08-11 08:00:00,2026-08-11 02:30:00,4.97080396
diamond_harbour,2026-08-11 09:00:00,2026-08-11 03:30:00,5.88739176
diamond_harbour,2026-08-11 10:00:00,2026-08-11 04:30:00,6.09182652
diamond_harbour,2026-08-11 11:00:00,2026-08-11 05:30:00,5.66845681
diamond_harbour,2026-08-11 12:00:00,2026-08-11 06:30:00,4.94219186
diamond_harbour,2026-08-11 13:00:00,2026-08-11 07:30:00,4.11241404
diamond_harbour,2026-08-11 14:00:00,2026-08-11 08:30:00,3.31283399
diamond_harbour,2026-08-11 15:00:00,2026-08-11 09:30:00,2.70849666
diamond_harbour,2026-08-11 16:00:00,2026-08-11 10:30:00,2.19922754
diamond_harbour,2026-08-11 17:00:00,2026-08-11 11:30:00,1.70440717
diamond_harbour,2026-08-11 18:00:00,2026-08-11 12:30:00,1.69126973
diamond_harbour,2026-08-11 19:00:00,2026-08-11 13:30:00,2.58720697
diamond_harbour,2026-08-11 20:00:00,2026-08-11 14:30:00,4.02955376
diamond_harbour,2026-08-11 21:00:00,2026-08-11 15:30:00,5.25208591
diamond_harbour,2026-08-11 22:00:00,2026-08-11 16:30:00,5.77355080
diamond_harbour,2026-08-11 23:00:00,2026-08-11 17:30:00,5.59947285
diamond_harbour,2026-08-12 00:00:00,2026-08-11 18:30:00,5.02591717
diamond_harbour,2026-08-12 01:00:00,2026-08-11 19:30:00,4.25023117
diamond_harbour,2026-08-12 02:00:00,2026-08-11 20:30:00,3.38117502
diamond_harbour,2026-08-12 03:00:00,2026-08-11 21:30:00,2.66144925
diamond_harbour,2026-08-12 04:00:00,2026-08-11 22:30:00,2.13520522
diamond_harbour,2026-08-12 05:00:00,2026-08-11 23:30:00,1.62147234
diamond_harbour,2026-08-12 06:00:00,2026-08-12 00:30:00,1.45096971
diamond_harbour,2026-08-12 07:00:00,2026-08-12 01:30:00,2.27378966
diamond_harbour,2026-08-12 08:00:00,2026-08-12 02:30:00,3.95093603
diamond_harbour,2026-08-12 09:00:00,2026-08-12 03:30:00,5.56478173
diamond_harbour,2026-08-12 10:00:00,2026-08-12 04:30:00,6.39317915
diamond_harbour,2026-08-12 11:00:00,2026-08-12 05:30:00,6.34873119
diamond_harbour,2026-08-12 12:00:00,2026-08-12 06:30:00,5.75926357
diamond_harbour,2026-08-12 13:00:00,2026-08-12 07:30:00,4.92829885
diamond_harbour,2026-08-12 14:00:00,2026-08-12 08:30:00,3.98287753
diamond_harbour,2026-08-12 15:00:00,2026-08-12 09:30:00,3.14466760
diamond_harbour,2026-08-12 16:00:00,2026-08-12 10:30:00,2.55157329
diamond_harbour,2026-08-12 17:00:00,2026-08-12 11:30:00,1.92575828
diamond_harbour,2026-08-12 18:00:00,2026-08-12 12:30:00,1.29427040
diamond_harbour,2026-08-12 19:00:00,2026-08-12 13:30:00,1.46266816
diamond_harbour,2026-08-12 20:00:00,2026-08-12 14:30:00,2.84523416
diamond_harbour,2026-08-12 21:00:00,2026-08-12 15:30:00,4.65431477
diamond_harbour,2026-08-12 22:00:00,2026-08-12 16:30:00,5.84807824
diamond_harbour,2026-08-12 23:00:00,2026-08-12 17:30:00,6.11698016
diamond_harbour,2026-08-13 00:00:00,2026-08-12 18:30:00,5.75035195
diamond_harbour,2026-08-13 01:00:00,2026-08-12 19:30:00,5.05493172
diamond_harbour,2026-08-13 02:00:00,2026-08-12 20:30:00,4.13556756
diamond_harbour,2026-08-13 03:00:00,2026-08-12 21:30:00,3.19703038
diamond_harbour,2026-08-13 04:00:00,2026-08-12 22:30:00,2.52209437
diamond_harbour,2026-08-13 05:00:00,2026-08-12 23:30:00,1.95418625
diamond_harbour,2026-08-13 06:00:00,2026-08-13 00:30:00,1.31424234
diamond_harbour,2026-08-13 07:00:00,2026-08-13 01:30:00,1.28270794
diamond_harbour,2026-08-13 08:00:00,2026-08-13 02:30:00,2.58871361
diamond_harbour,2026-08-13 09:00:00,2026-08-13 03:30:00,4.65439156
diamond_harbour,2026-08-13 10:00:00,2026-08-13 04:30:00,6.20358907
diamond_harbour,2026-08-13 11:00:00,2026-08-13 05:30:00,6.67557895
diamond_harbour,2026-08-13 12:00:00,2026-08-13 06:30:00,6.34562661
diamond_harbour,2026-08-13 13:00:00,2026-08-13 07:30:00,5.62120458
diamond_harbour,2026-08-13 14:00:00,2026-08-13 08:30:00,4.67532486
diamond_harbour,2026-08-13 15:00:00,2026-08-13 09:30:00,3.67004677
diamond_harbour,2026-08-13 16:00:00,2026-08-13 10:30:00,2.91068027
diamond_harbour,2026-08-13 17:00:00,2026-08-13 11:30:00,2.34485677
diamond_harbour,2026-08-13 18:00:00,2026-08-13 12:30:00,1.57953398
diamond_harbour,2026-08-13 19:00:00,2026-08-13 13:30:00,0.99349923
diamond_harbour,2026-08-13 20:00:00,2026-08-13 14:30:00,1.65127946
diamond_harbour,2026-08-13 21:00:00,2026-08-13 15:30:00,3.56984378
diamond_harbour,2026-08-13 22:00:00,2026-08-13 16:30:00,5.44301499
diamond_harbour,2026-08-13 23:00:00,2026-08-13 17:30:00,6.29482118
diamond_harbour,2026-08-14 00:00:00,2026-08-13 18:30:00,6.23199129
diamond_harbour,2026-08-14 01:00:00,2026-08-13 19:30:00,5.69360749
diamond_harbour,2026-08-14 02:00:00,2026-08-13 20:30:00,4.85451872
diamond_harbour,2026-08-14 03:00:00,2026-08-13 21:30:00,3.82759679
diamond_harbour,2026-08-14 04:00:00,2026-08-13 22:30:00,2.94753572
diamond_harbour,2026-08-14 05:00:00,2026-08-13 23:30:00,2.36025616
diamond_harbour,2026-08-14 06:00:00,2026-08-14 00:30:00,1.70954237
diamond_harbour,2026-08-14 07:00:00,2026-08-14 01:30:00,1.07692673
diamond_harbour,2026-08-14 08:00:00,2026-08-14 02:30:00,1.48433596
diamond_harbour,2026-08-14 09:00:00,2026-08-14 03:30:00,3.34677646
diamond_harbour,2026-08-14 10:00:00,2026-08-14 04:30:00,5.48594150
diamond_harbour,2026-08-14 11:00:00,2026-08-14 05:30:00,6.61463602
diamond_harbour,2026-08-14 12:00:00,2026-08-14 06:30:00,6.65175334
diamond_harbour,2026-08-14 13:00:00,2026-08-14 07:30:00,6.11330174
diamond_harbour,2026-08-14 14:00:00,2026-08-14 08:30:00,5.26841048
diamond_harbour,2026-08-14 15:00:00,2026-08-14 09:30:00,4.22581503
diamond_harbour,2026-08-14 16:00:00,2026-08-14 10:30:00,3.27808494
diamond_harbour,2026-08-14 17:00:00,2026-08-14 11:30:00,2.65937345
diamond_harbour,2026-08-14 18:00:00,2026-08-14 12:30:00,2.05956622
diamond_harbour,2026-08-14 19:00:00,2026-08-14 13:30:00,1.23513129
diamond_harbour,2026-08-14 20:00:00,2026-08-14 14:30:00,1.01992414
diamond_harbour,2026-08-14 21:00:00,2026-08-14 15:30:00,2.35145153
diamond_harbour,2026-08-14 22:00:00,2026-08-14 16:30:00,4.55260882
diamond_harbour,2026-08-14 23:00:00,2026-08-14 17:30:00,6.08678360
diamond_harbour,2026-08-15 00:00:00,2026-08-14 18:30:00,6.45129283
diamond_harbour,2026-08-15 01:00:00,2026-08-14 19:30:00,6.12076328
diamond_harbour,2026-08-15 02:00:00,2026-08-14 20:30:00,5.43154374
diamond_harbour,2026-08-15 03:00:00,2026-08-14 21:30:00,4.44914784
diamond_harbour,2026-08-15 04:00:00,2026-08-14 22:30:00,3.42316811
diamond_harbour,2026-08-15 05:00:00,2026-08-14 23:30:00,2.69332476
diamond_harbour,2026-08-15 06:00:00,2026-08-15 00:30:00,2.14332966
diamond_harbour,2026-08-15 07:00:00,2026-08-15 01:30:00,1.43865654
diamond_harbour,2026-08-15 08:00:00,2026-08-15 02:30:00,1.09365069
diamond_harbour,2026-08-15 09:00:00,2026-08-15 03:30:00,2.14263505
diamond_harbour,2026-08-15 10:00:00,2026-08-15 04:30:00,4.32957160
diamond_harbour,2026-08-15 11:00:00,2026-08-15 05:30:00,6.11397295
diamond_harbour,2026-08-15 12:00:00,2026-08-15 06:30:00,6.66385776
diamond_harbour,2026-08-15 13:00:00,2026-08-15 07:30:00,6.37942669
diamond_harbour,2026-08-15 14:00:00,2026-08-15 08:30:00,5.70910115
diamond_harbour,2026-08-15 15:00:00,2026-08-15 09:30:00,4.74193492
diamond_harbour,2026-08-15 16:00:00,2026-08-15 10:30:00,3.68793686
diamond_harbour,2026-08-15 17:00:00,2026-08-15 11:30:00,2.90338245
diamond_harbour,2026-08-15 18:00:00,2026-08-15 12:30:00,2.38081658
diamond_harbour,2026-08-15 19:00:00,2026-08-15 13:30:00,1.71986368
diamond_harbour,2026-08-15 20:00:00,2026-08-15 14:30:00,1.08524924
diamond_harbour,2026-08-15 21:00:00,2026-08-15 15:30:00,1.52702441
diamond_harbour,2026-08-15 22:00:00,2026-08-15 16:30:00,3.39848768
diamond_harbour,2026-08-15 23:00:00,2026-08-15 17:30:00,5.42906048
diamond_harbour,2026-08-16 00:00:00,2026-08-15 18:30:00,6.37129349
diamond_harbour,2026-08-16 01:00:00,2026-08-15 19:30:00,6.32784326
diamond_harbour,2026-08-16 02:00:00,2026-08-15 20:30:00,5.82932281
diamond_harbour,2026-08-16 03:00:00,2026-08-15 21:30:00,4.98757911
diamond_harbour,2026-08-16 04:00:00,2026-08-15 22:30:00,3.92835436
diamond_harbour,2026-08-16 05:00:00,2026-08-15 23:30:00,3.02975412
diamond_harbour,2026-08-16 06:00:00,2026-08-16 00:30:00,2.44303072
diamond_harbour,2026-08-16 07:00:00,2026-08-16 01:30:00,1.87725947
diamond_harbour,2026-08-16 08:00:00,2026-08-16 02:30:00,1.29743985
diamond_harbour,2026-08-16 09:00:00,2026-08-16 03:30:00,1.51186690
diamond_harbour,2026-08-16 10:00:00,2026-08-16 04:30:00,3.10984270
diamond_harbour,2026-08-16 11:00:00,2026-08-16 05:30:00,5.17576547
diamond_harbour,2026-08-16 12:00:00,2026-08-16 06:30:00,6.32951514
diamond_harbour,2026-08-16 13:00:00,2026-08-16 07:30:00,6.40496258
diamond_harbour,2026-08-16 14:00:00,2026-08-16 08:30:00,5.96090317
diamond_harbour,2026-08-16 15:00:00,2026-08-16 09:30:00,5.17593872
diamond_harbour,2026-08-16 16:00:00,2026-08-16 10:30:00,4.12738712
diamond_harbour,2026-08-16 17:00:00,2026-08-16 11:30:00,3.18727149
diamond_harbour,2026-08-16 18:00:00,2026-08-16 12:30:00,2.57989595
diamond_harbour,2026-08-16 19:00:00,2026-08-16 13:30:00,2.07046636
diamond_harbour,2026-08-16 20:00:00,2026-08-16 14:30:00,1.46662473
diamond_harbour,2026-08-16 21:00:00,2026-08-16 15:30:00,1.32058721
diamond_harbour,2026-08-16 22:00:00,2026-08-16 16:30:00,2.43195669
diamond_harbour,2026-08-16 23:00:00,2026-08-16 17:30:00,4.41991656
diamond_harbour,2026-08-17 00:00:00,2026-08-16 18:30:00,5.90447128
diamond_harbour,2026-08-17 01:00:00,2026-08-16 19:30:00,6.28557274
diamond_harbour,2026-08-17 02:00:00,2026-08-16 20:30:00,6.01862123
diamond_harbour,2026-08-17 03:00:00,2026-08-16 21:30:00,5.39691311
diamond_harbour,2026-08-17 04:00:00,2026-08-16 22:30:00,4.42769024
diamond_harbour,2026-08-17 05:00:00,2026-08-16 23:30:00,3.42267077
diamond_harbour,2026-08-17 06:00:00,2026-08-17 00:30:00,2.71481202
diamond_harbour,2026-08-17 07:00:00,2026-08-17 01:30:00,2.19926002
diamond_harbour,2026-08-17 08:00:00,2026-08-17 02:30:00,1.67011804
diamond_harbour,2026-08-17 09:00:00,2026-08-17 03:30:00,1.46160740
diamond_harbour,2026-08-17 10:00:00,2026-08-17 04:30:00,2.27939191
diamond_harbour,2026-08-17 11:00:00,2026-08-17 05:30:00,4.04678016
diamond_harbour,2026-08-17 12:00:00,2026-08-17 06:30:00,5.60379773
diamond_harbour,2026-08-17 13:00:00,2026-08-17 07:30:00,6.14878829
diamond_harbour,2026-08-17 14:00:00,2026-08-17 08:30:00,5.98014073
diamond_harbour,2026-08-17 15:00:00,2026-08-17 09:30:00,5.45806713
diamond_harbour,2026-08-17 16:00:00,2026-08-17 10:30:00,4.56448820
diamond_harbour,2026-08-17 17:00:00,2026-08-17 11:30:00,3.54709021
diamond_harbour,2026-08-17 18:00:00,2026-08-17 12:30:00,2.80431002
diamond_harbour,2026-08-17 19:00:00,2026-08-17 13:30:00,2.30308648
diamond_harbour,2026-08-17 20:00:00,2026-08-17 14:30:00,1.80711803
diamond_harbour,2026-08-17 21:00:00,2026-08-17 15:30:00,1.48654273
diamond_harbour,2026-08-17 22:00:00,2026-08-17 16:30:00,1.94771253
diamond_harbour,2026-08-17 23:00:00,2026-08-17 17:30:00,3.41227861
diamond_harbour,2026-08-18 00:00:00,2026-08-17 18:30:00,5.06452766
diamond_harbour,2026-08-18 01:00:00,2026-08-17 19:30:00,5.91978938
diamond_harbour,2026-08-18 02:00:00,2026-08-17 20:30:00,5.96307152
diamond_harbour,2026-08-18 03:00:00,2026-08-17 21:30:00,5.60348356
diamond_harbour,2026-08-18 04:00:00,2026-08-17 22:30:00,4.86757582
diamond_harbour,2026-08-18 05:00:00,2026-08-17 23:30:00,3.87355028
diamond_harbour,2026-08-18 06:00:00,2026-08-18 00:30:00,3.04942422
diamond_harbour,2026-08-18 07:00:00,2026-08-18 01:30:00,2.50204452
diamond_harbour,2026-08-18 08:00:00,2026-08-18 02:30:00,2.01711456
diamond_harbour,2026-08-18 09:00:00,2026-08-18 03:30:00,1.67788309
diamond_harbour,2026-08-18 10:00:00,2026-08-18 04:30:00,1.96041068
diamond_harbour,2026-08-18 11:00:00,2026-08-18 05:30:00,3.12642362
diamond_harbour,2026-08-18 12:00:00,2026-08-18 06:30:00,4.63013352
diamond_harbour,2026-08-18 13:00:00,2026-08-18 07:30:00,5.56736081
diamond_harbour,2026-08-18 14:00:00,2026-08-18 08:30:00,5.73565188
diamond_harbour,2026-08-18 15:00:00,2026-08-18 09:30:00,5.49369777
diamond_harbour,2026-08-18 16:00:00,2026-08-18 10:30:00,4.89962421
diamond_harbour,2026-08-18 17:00:00,2026-08-18 11:30:00,3.96835107
diamond_harbour,2026-08-18 18:00:00,2026-08-18 12:30:00,3.11365480
diamond_harbour,2026-08-18 19:00:00,2026-08-18 13:30:00,2.55875279
diamond_harbour,2026-08-18 20:00:00,2026-08-18 14:30:00,2.09923823
diamond_harbour,2026-08-18 21:00:00,2026-08-18 15:30:00,1.73288599
diamond_harbour,2026-08-18 22:00:00,2026-08-18 16:30:00,1.84654373
diamond_harbour,2026-08-18 23:00:00,2026-08-18 17:30:00,2.73113874
diamond_harbour,2026-08-19 00:00:00,2026-08-18 18:30:00,4.10557123
diamond_harbour,2026-08-19 01:00:00,2026-08-18 19:30:00,5.21314001
diamond_harbour,2026-08-19 02:00:00,2026-08-18 20:30:00,5.62191202
diamond_harbour,2026-08-19 03:00:00,2026-08-18 21:30:00,5.54175554
diamond_harbour,2026-08-19 04:00:00,2026-08-18 22:30:00,5.12713425
diamond_harbour,2026-08-19 05:00:00,2026-08-18 23:30:00,4.33438770
diamond_harbour,2026-08-19 06:00:00,2026-08-19 00:30:00,3.46777661
diamond_harbour,2026-08-19 07:00:00,2026-08-19 01:30:00,2.86710720
diamond_harbour,2026-08-19 08:00:00,2026-08-19 02:30:00,2.40493078
diamond_harbour,2026-08-19 09:00:00,2026-08-19 03:30:00,1.99288026
diamond_harbour,2026-08-19 10:00:00,2026-08-19 04:30:00,1.96549742
diamond_harbour,2026-08-19 11:00:00,2026-08-19 05:30:00,2.61034791
diamond_harbour,2026-08-19 12:00:00,2026-08-19 06:30:00,3.73197811
diamond_harbour,2026-08-19 13:00:00,2026-08-19 07:30:00,4.74576646
diamond_harbour,2026-08-19 14:00:00,2026-08-19 08:30:00,5.22028979
diamond_harbour,2026-08-19 15:00:00,2026-08-19 09:30:00,5.24709404
diamond_harbour,2026-08-19 16:00:00,2026-08-19 10:30:00,4.98432775
diamond_harbour,2026-08-19 17:00:00,2026-08-19 11:30:00,4.34579529
diamond_harbour,2026-08-19 18:00:00,2026-08-19 12:30:00,3.51157651
diamond_harbour,2026-08-19 19:00:00,2026-08-19 13:30:00,2.88521708
diamond_harbour,2026-08-19 20:00:00,2026-08-19 14:30:00,2.44901908
diamond_harbour,2026-08-19 21:00:00,2026-08-19 15:30:00,2.04375112
diamond_harbour,2026-08-19 22:00:00,2026-08-19 16:30:00,1.92762759
diamond_harbour,2026-08-19 23:00:00,2026-08-19 17:30:00,2.39843769
diamond_harbour,2026-08-20 00:00:00,2026-08-19 18:30:00,3.34044429
diamond_harbour,2026-08-20 01:00:00,2026-08-19 19:30:00,4.34111982
diamond_harbour,2026-08-20 02:00:00,2026-08-19 20:30:00,4.99196016
diamond_harbour,2026-08-20 03:00:00,2026-08-19 21:30:00,5.20007658
diamond_harbour,2026-08-20 04:00:00,2026-08-19 22:30:00,5.09563605
diamond_harbour,2026-08-20 05:00:00,2026-08-19 23:30:00,4.65674212
diamond_harbour,2026-08-20 06:00:00,2026-08-20 00:30:00,3.93963416
diamond_harbour,2026-08-20 07:00:00,2026-08-20 01:30:00,3.30509455
diamond_harbour,2026-08-20 08:00:00,2026-08-20 02:30:00,2.87093575
diamond_harbour,2026-08-20 09:00:00,2026-08-20 03:30:00,2.44497853
diamond_harbour,2026-08-20 10:00:00,2026-08-20 04:30:00,2.17588596
diamond_harbour,2026-08-20 11:00:00,2026-08-20 05:30:00,2.41991953
diamond_harbour,2026-08-20 12:00:00,2026-08-20 06:30:00,3.12859236
diamond_harbour,2026-08-20 13:00:00,2026-08-20 07:30:00,3.93072143
diamond_harbour,2026-08-20 14:00:00,2026-08-20 08:30:00,4.50598258
diamond_harbour,2026-08-20 15:00:00,2026-08-20 09:30:00,4.75590141
diamond_harbour,2026-08-20 16:00:00,2026-08-20 10:30:00,4.75985586
diamond_harbour,2026-08-20 17:00:00,2026-08-20 11:30:00,4.49538539
diamond_harbour,2026-08-20 18:00:00,2026-08-20 12:30:00,3.91506886
diamond_harbour,2026-08-20 19:00:00,2026-08-20 13:30:00,3.29107615
diamond_harbour,2026-08-20 20:00:00,2026-08-20 14:30:00,2.86182637
diamond_harbour,2026-08-20 21:00:00,2026-08-20 15:30:00,2.48609315
diamond_harbour,2026-08-20 22:00:00,2026-08-20 16:30:00,2.18721513
diamond_harbour,2026-08-20 23:00:00,2026-08-20 17:30:00,2.30346778
diamond_harbour,2026-08-21 00:00:00,2026-08-20 18:30:00,2.86752723
diamond_harbour,2026-08-21 01:00:00,2026-08-20 19:30:00,3.57629796
diamond_harbour,2026-08-21 02:00:00,2026-08-20 20:30:00,4.19936557
diamond_harbour,2026-08-21 03:00:00,2026-08-20 21:30:00,4.61066054
diamond_harbour,2026-08-21 04:00:00,2026-08-20 22:30:00,4.76956975
diamond_harbour,2026-08-21 05:00:00,2026-08-20 23:30:00,4.68456670
diamond_harbour,2026-08-21 06:00:00,2026-08-21 00:30:00,4.31971965
diamond_harbour,2026-08-21 07:00:00,2026-08-21 01:30:00,3.80419420
diamond_harbour,2026-08-21 08:00:00,2026-08-21 02:30:00,3.38655472
diamond_harbour,2026-08-21 09:00:00,2026-08-21 03:30:00,3.01947526
diamond_harbour,2026-08-21 10:00:00,2026-08-21 04:30:00,2.62172141
diamond_harbour,2026-08-21 11:00:00,2026-08-21 05:30:00,2.49130074
diamond_harbour,2026-08-21 12:00:00,2026-08-21 06:30:00,2.81359107
diamond_harbour,2026-08-21 13:00:00,2026-08-21 07:30:00,3.32802246
diamond_harbour,2026-08-21 14:00:00,2026-08-21 08:30:00,3.77870993
diamond_harbour,2026-08-21 15:00:00,2026-08-21 09:30:00,4.10630774
diamond_harbour,2026-08-21 16:00:00,2026-08-21 10:30:00,4.29234466
diamond_harbour,2026-08-21 17:00:00,2026-08-21 11:30:00,4.32338940
diamond_harbour,2026-08-21 18:00:00,2026-08-21 12:30:00,4.13402001
diamond_harbour,2026-08-21 19:00:00,2026-08-21 13:30:00,3.73023014
diamond_harbour,2026-08-21 20:00:00,2026-08-21 14:30:00,3.32817539
diamond_harbour,2026-08-21 21:00:00,2026-08-21 15:30:00,3.01024360
diamond_harbour,2026-08-21 22:00:00,2026-08-21 16:30:00,2.66833232
diamond_harbour,2026-08-21 23:00:00,2026-08-21 17:30:00,2.46633802
diamond_harbour,2026-08-22 00:00:00,2026-08-21 18:30:00,2.64464198
diamond_harbour,2026-08-22 01:00:00,2026-08-21 19:30:00,3.05192534
diamond_harbour,2026-08-22 02:00:00,2026-08-21 20:30:00,3.46795560
diamond_harbour,2026-08-22 03:00:00,2026-08-21 21:30:00,3.87500831
diamond_harbour,2026-08-22 04:00:00,2026-08-21 22:30:00,4.21279254
diamond_harbour,2026-08-22 05:00:00,2026-08-21 23:30:00,4.39901876
diamond_harbour,2026-08-22 06:00:00,2026-08-22 00:30:00,4.42174227
diamond_harbour,2026-08-22 07:00:00,2026-08-22 01:30:00,4.24828270
diamond_harbour,2026-08-22 08:00:00,2026-08-22 02:30:00,3.94634190
diamond_harbour,2026-08-22 09:00:00,2026-08-22 03:30:00,3.63332800
diamond_harbour,2026-08-22 10:00:00,2026-08-22 04:30:00,3.25349681
diamond_harbour,2026-08-22 11:00:00,2026-08-22 05:30:00,2.86705958
diamond_harbour,2026-08-22 12:00:00,2026-08-22 06:30:00,2.76681355
diamond_harbour,2026-08-22 13:00:00,2026-08-22 07:30:00,2.96799386
diamond_harbour,2026-08-22 14:00:00,2026-08-22 08:30:00,3.21570094
diamond_harbour,2026-08-22 15:00:00,2026-08-22 09:30:00,3.44383902
diamond_harbour,2026-08-22 16:00:00,2026-08-22 10:30:00,3.68585126
diamond_harbour,2026-08-22 17:00:00,2026-08-22 11:30:00,3.89607822
diamond_harbour,2026-08-22 18:00:00,2026-08-22 12:30:00,4.03863921
diamond_harbour,2026-08-22 19:00:00,2026-08-22 13:30:00,4.03312023
diamond_harbour,2026-08-22 20:00:00,2026-08-22 14:30:00,3.83435216
diamond_harbour,2026-08-22 21:00:00,2026-08-22 15:30:00,3.56692523
diamond_harbour,2026-08-22 22:00:00,2026-08-22 16:30:00,3.27433372
diamond_harbour,2026-08-22 23:00:00,2026-08-22 17:30:00,2.92664316
diamond_harbour,2026-08-23 00:00:00,2026-08-22 18:30:00,2.71345790
diamond_harbour,2026-08-23 01:00:00,2026-08-22 19:30:00,2.76840209
diamond_harbour,2026-08-23 02:00:00,2026-08-22 20:30:00,2.94239878
diamond_harbour,2026-08-23 03:00:00,2026-08-22 21:30:00,3.17447453
diamond_harbour,2026-08-23 04:00:00,2026-08-22 22:30:00,3.51506020
diamond_harbour,2026-08-23 05:00:00,2026-08-22 23:30:00,3.87692362
diamond_harbour,2026-08-23 06:00:00,2026-08-23 00:30:00,4.19596346
diamond_harbour,2026-08-23 07:00:00,2026-08-23 01:30:00,4.44242753
diamond_harbour,2026-08-23 08:00:00,2026-08-23 02:30:00,4.47442291
diamond_harbour,2026-08-23 09:00:00,2026-08-23 03:30:00,4.26895926
diamond_harbour,2026-08-23 10:00:00,2026-08-23 04:30:00,3.93629327
diamond_harbour,2026-08-23 11:00:00,2026-08-23 05:30:00,3.49083908
diamond_harbour,2026-08-23 12:00:00,2026-08-23 06:30:00,3.05146278
diamond_harbour,2026-08-23 13:00:00,2026-08-23 07:30:00,2.85407443
diamond_harbour,2026-08-23 14:00:00,2026-08-23 08:30:00,2.86354118
diamond_harbour,2026-08-23 15:00:00,2026-08-23 09:30:00,2.92094052
diamond_harbour,2026-08-23 16:00:00,2026-08-23 10:30:00,3.06002992
diamond_harbour,2026-08-23 17:00:00,2026-08-23 11:30:00,3.32148008
diamond_harbour,2026-08-23 18:00:00,2026-08-23 12:30:00,3.66901221
diamond_harbour,2026-08-23 19:00:00,2026-08-23 13:30:00,4.04236594
diamond_harbour,2026-08-23 20:00:00,2026-08-23 14:30:00,4.24658803
diamond_harbour,2026-08-23 21:00:00,2026-08-23 15:30:00,4.15673221
diamond_harbour,2026-08-23 22:00:00,2026-08-23 16:30:00,3.90497271
diamond_harbour,2026-08-23 23:00:00,2026-08-23 17:30:00,3.56197926
diamond_harbour,2026-08-24 00:00:00,2026-08-23 18:30:00,3.12317930
diamond_harbour,2026-08-24 01:00:00,2026-08-23 19:30:00,2.77648992
diamond_harbour,2026-08-24 02:00:00,2026-08-23 20:30:00,2.64920997
diamond_harbour,2026-08-24 03:00:00,2026-08-23 21:30:00,2.66200443
diamond_harbour,2026-08-24 04:00:00,2026-08-23 22:30:00,2.82749932
diamond_harbour,2026-08-24 05:00:00,2026-08-23 23:30:00,3.19784295
diamond_harbour,2026-08-24 06:00:00,2026-08-24 00:30:00,3.71054170
diamond_harbour,2026-08-24 07:00:00,2026-08-24 01:30:00,4.30166374
diamond_harbour,2026-08-24 08:00:00,2026-08-24 02:30:00,4.78684412
diamond_harbour,2026-08-24 09:00:00,2026-08-24 03:30:00,4.88621404
diamond_harbour,2026-08-24 10:00:00,2026-08-24 04:30:00,4.62297750
diamond_harbour,2026-08-24 11:00:00,2026-08-24 05:30:00,4.19126036
diamond_harbour,2026-08-24 12:00:00,2026-08-24 06:30:00,3.62696447
diamond_harbour,2026-08-24 13:00:00,2026-08-24 07:30:00,3.06200620
diamond_harbour,2026-08-24 14:00:00,2026-08-24 08:30:00,2.73090231
diamond_harbour,2026-08-24 15:00:00,2026-08-24 09:30:00,2.59907456
diamond_harbour,2026-08-24 16:00:00,2026-08-24 10:30:00,2.55644484
diamond_harbour,2026-08-24 17:00:00,2026-08-24 11:30:00,2.69890497
diamond_harbour,2026-08-24 18:00:00,2026-08-24 12:30:00,3.11701135
diamond_harbour,2026-08-24 19:00:00,2026-08-24 13:30:00,3.75709656
diamond_harbour,2026-08-24 20:00:00,2026-08-24 14:30:00,4.39510947
diamond_harbour,2026-08-24 21:00:00,2026-08-24 15:30:00,4.68533094
diamond_harbour,2026-08-24 22:00:00,2026-08-24 16:30:00,4.55336358
diamond_harbour,2026-08-24 23:00:00,2026-08-24 17:30:00,4.22296298
diamond_harbour,2026-08-25 00:00:00,2026-08-24 18:30:00,3.74876459
diamond_harbour,2026-08-25 01:00:00,2026-08-24 19:30:00,3.13424050
diamond_harbour,2026-08-25 02:00:00,2026-08-24 20:30:00,2.63252471
diamond_harbour,2026-08-25 03:00:00,2026-08-24 21:30:00,2.38827678
diamond_harbour,2026-08-25 04:00:00,2026-08-24 22:30:00,2.32160944
diamond_harbour,2026-08-25 05:00:00,2026-08-24 23:30:00,2.49301666
diamond_harbour,2026-08-25 06:00:00,2026-08-25 00:30:00,3.02865104
diamond_harbour,2026-08-25 07:00:00,2026-08-25 01:30:00,3.86918975
diamond_harbour,2026-08-25 08:00:00,2026-08-25 02:30:00,4.76999579
diamond_harbour,2026-08-25 09:00:00,2026-08-25 03:30:00,5.32630186
diamond_harbour,2026-08-25 10:00:00,2026-08-25 04:30:00,5.29436563
diamond_harbour,2026-08-25 11:00:00,2026-08-25 05:30:00,4.88061032
diamond_harbour,2026-08-25 12:00:00,2026-08-25 06:30:00,4.30619199
diamond_harbour,2026-08-25 13:00:00,2026-08-25 07:30:00,3.57517719
diamond_harbour,2026-08-25 14:00:00,2026-08-25 08:30:00,2.88549065
diamond_harbour,2026-08-25 15:00:00,2026-08-25 09:30:00,2.48304215
diamond_harbour,2026-08-25 16:00:00,2026-08-25 10:30:00,2.26557676
diamond_harbour,2026-08-25 17:00:00,2026-08-25 11:30:00,2.17384450
diamond_harbour,2026-08-25 18:00:00,2026-08-25 12:30:00,2.45838509
diamond_harbour,2026-08-25 19:00:00,2026-08-25 13:30:00,3.23607475
diamond_harbour,2026-08-25 20:00:00,2026-08-25 14:30:00,4.23928583
diamond_harbour,2026-08-25 21:00:00,2026-08-25 15:30:00,4.99031829
diamond_harbour,2026-08-25 22:00:00,2026-08-25 16:30:00,5.16024295
diamond_harbour,2026-08-25 23:00:00,2026-08-25 17:30:00,4.87750702
diamond_harbour,2026-08-26 00:00:00,2026-08-25 18:30:00,4.40447263
diamond_harbour,2026-08-26 01:00:00,2026-08-25 19:30:00,3.73021584
diamond_harbour,2026-08-26 02:00:00,2026-08-25 20:30:00,2.94407172
diamond_harbour,2026-08-26 03:00:00,2026-08-25 21:30:00,2.37732136
diamond_harbour,2026-08-26 04:00:00,2026-08-25 22:30:00,2.08284550
diamond_harbour,2026-08-26 05:00:00,2026-08-25 23:30:00,1.96606268
diamond_harbour,2026-08-26 06:00:00,2026-08-26 00:30:00,2.26364957
diamond_harbour,2026-08-26 07:00:00,2026-08-26 01:30:00,3.18123779
diamond_harbour,2026-08-26 08:00:00,2026-08-26 02:30:00,4.43632941
diamond_harbour,2026-08-26 09:00:00,2026-08-26 03:30:00,5.46351874
diamond_harbour,2026-08-26 10:00:00,2026-08-26 04:30:00,5.82540822
diamond_harbour,2026-08-26 11:00:00,2026-08-26 05:30:00,5.54275765
diamond_harbour,2026-08-26 12:00:00,2026-08-26 06:30:00,4.96046897
diamond_harbour,2026-08-26 13:00:00,2026-08-26 07:30:00,4.21190099
diamond_harbour,2026-08-26 14:00:00,2026-08-26 08:30:00,3.32654791
diamond_harbour,2026-08-26 15:00:00,2026-08-26 09:30:00,2.60686504
diamond_harbour,2026-08-26 16:00:00,2026-08-26 10:30:00,2.19271999
diamond_harbour,2026-08-26 17:00:00,2026-08-26 11:30:00,1.88814160
diamond_harbour,2026-08-26 18:00:00,2026-08-26 12:30:00,1.84909682
diamond_harbour,2026-08-26 19:00:00,2026-08-26 13:30:00,2.52004097
diamond_harbour,2026-08-26 20:00:00,2026-08-26 14:30:00,3.79707655
diamond_harbour,2026-08-26 21:00:00,2026-08-26 15:30:00,5.00857257
diamond_harbour,2026-08-26 22:00:00,2026-08-26 16:30:00,5.59105094
diamond_harbour,2026-08-26 23:00:00,2026-08-26 17:30:00,5.49180473
diamond_harbour,2026-08-27 00:00:00,2026-08-26 18:30:00,5.02476239
diamond_harbour,2026-08-27 01:00:00,2026-08-26 19:30:00,4.36333311
diamond_harbour,2026-08-27 02:00:00,2026-08-26 20:30:00,3.49041719
diamond_harbour,2026-08-27 03:00:00,2026-08-26 21:30:00,2.64828512
diamond_harbour,2026-08-27 04:00:00,2026-08-26 22:30:00,2.10902402
diamond_harbour,2026-08-27 05:00:00,2026-08-26 23:30:00,1.75603793
diamond_harbour,2026-08-27 06:00:00,2026-08-27 00:30:00,1.65752511
diamond_harbour,2026-08-27 07:00:00,2026-08-27 01:30:00,2.32216732
diamond_harbour,2026-08-27 08:00:00,2026-08-27 02:30:00,3.78451964
diamond_harbour,2026-08-27 09:00:00,2026-08-27 03:30:00,5.28768188
diamond_harbour,2026-08-27 10:00:00,2026-08-27 04:30:00,6.10137990
diamond_harbour,2026-08-27 11:00:00,2026-08-27 05:30:00,6.08871407
diamond_harbour,2026-08-27 12:00:00,2026-08-27 06:30:00,5.56303566
diamond_harbour,2026-08-27 13:00:00,2026-08-27 07:30:00,4.81679593
diamond_harbour,2026-08-27 14:00:00,2026-08-27 08:30:00,3.89623435
diamond_harbour,2026-08-27 15:00:00,2026-08-27 09:30:00,2.96344431
diamond_harbour,2026-08-27 16:00:00,2026-08-27 10:30:00,2.31702468
diamond_harbour,2026-08-27 17:00:00,2026-08-27 11:30:00,1.86730209
diamond_harbour,2026-08-27 18:00:00,2026-08-27 12:30:00,1.50242553
diamond_harbour,2026-08-27 19:00:00,2026-08-27 13:30:00,1.76469804
diamond_harbour,2026-08-27 20:00:00,2026-08-27 14:30:00,3.05665329
diamond_harbour,2026-08-27 21:00:00,2026-08-27 15:30:00,4.72272019
diamond_harbour,2026-08-27 22:00:00,2026-08-27 16:30:00,5.78784204
diamond_harbour,2026-08-27 23:00:00,2026-08-27 17:30:00,5.97284661
diamond_harbour,2026-08-28 00:00:00,2026-08-27 18:30:00,5.58916937
diamond_harbour,2026-08-28 01:00:00,2026-08-27 19:30:00,4.94085792
diamond_harbour,2026-08-28 02:00:00,2026-08-27 20:30:00,4.08101990
diamond_harbour,2026-08-28 03:00:00,2026-08-27 21:30:00,3.11616935
diamond_harbour,2026-08-28 04:00:00,2026-08-27 22:30:00,2.35765528
diamond_harbour,2026-08-28 05:00:00,2026-08-27 23:30:00,1.84275107
diamond_harbour,2026-08-28 06:00:00,2026-08-28 00:30:00,1.42410279
diamond_harbour,2026-08-28 07:00:00,2026-08-28 01:30:00,1.56145417
diamond_harbour,2026-08-28 08:00:00,2026-08-28 02:30:00,2.84590554
diamond_harbour,2026-08-28 09:00:00,2026-08-28 03:30:00,4.75620593
diamond_harbour,2026-08-28 10:00:00,2026-08-28 04:30:00,6.11037316
diamond_harbour,2026-08-28 11:00:00,2026-08-28 05:30:00,6.43531029
diamond_harbour,2026-08-28 12:00:00,2026-08-28 06:30:00,6.05612420
diamond_harbour,2026-08-28 13:00:00,2026-08-28 07:30:00,5.35076734
diamond_harbour,2026-08-28 14:00:00,2026-08-28 08:30:00,4.44156056
diamond_harbour,2026-08-28 15:00:00,2026-08-28 09:30:00,3.42906364
diamond_harbour,2026-08-28 16:00:00,2026-08-28 10:30:00,2.59450688
diamond_harbour,2026-08-28 17:00:00,2026-08-28 11:30:00,2.03040600
diamond_harbour,2026-08-28 18:00:00,2026-08-28 12:30:00,1.49685556
diamond_harbour,2026-08-28 19:00:00,2026-08-28 13:30:00,1.25926781
diamond_harbour,2026-08-28 20:00:00,2026-08-28 14:30:00,2.14131567
diamond_harbour,2026-08-28 21:00:00,2026-08-28 15:30:00,4.05199446
diamond_harbour,2026-08-28 22:00:00,2026-08-28 16:30:00,5.71679166
diamond_harbour,2026-08-28 23:00:00,2026-08-28 17:30:00,6.29328468
diamond_harbour,2026-08-29 00:00:00,2026-08-28 18:30:00,6.04574470
diamond_harbour,2026-08-29 01:00:00,2026-08-28 19:30:00,5.44714097
diamond_harbour,2026-08-29 02:00:00,2026-08-28 20:30:00,4.61945438
diamond_harbour,2026-08-29 03:00:00,2026-08-28 21:30:00,3.62495556
diamond_harbour,2026-08-29 04:00:00,2026-08-28 22:30:00,2.73057917
diamond_harbour,2026-08-29 05:00:00,2026-08-28 23:30:00,2.10456731
diamond_harbour,2026-08-29 06:00:00,2026-08-29 00:30:00,1.55334724
diamond_harbour,2026-08-29 07:00:00,2026-08-29 01:30:00,1.20181715
diamond_harbour,2026-08-29 08:00:00,2026-08-29 02:30:00,1.88440609
diamond_harbour,2026-08-29 09:00:00,2026-08-29 03:30:00,3.81947615
diamond_harbour,2026-08-29 10:00:00,2026-08-29 04:30:00,5.77822490
diamond_harbour,2026-08-29 11:00:00,2026-08-29 05:30:00,6.59286399
diamond_harbour,2026-08-29 12:00:00,2026-08-29 06:30:00,6.39420154
diamond_harbour,2026-08-29 13:00:00,2026-08-29 07:30:00,5.77783266
diamond_harbour,2026-08-29 14:00:00,2026-08-29 08:30:00,4.92621472
diamond_harbour,2026-08-29 15:00:00,2026-08-29 09:30:00,3.88852547
diamond_harbour,2026-08-29 16:00:00,2026-08-29 10:30:00,2.93141613
diamond_harbour,2026-08-29 17:00:00,2026-08-29 11:30:00,2.26913926
diamond_harbour,2026-08-29 18:00:00,2026-08-29 12:30:00,1.71203559
diamond_harbour,2026-08-29 19:00:00,2026-08-29 13:30:00,1.17131801
diamond_harbour,2026-08-29 20:00:00,2026-08-29 14:30:00,1.39423275
diamond_harbour,2026-08-29 21:00:00,2026-08-29 15:30:00,3.04135582
diamond_harbour,2026-08-29 22:00:00,2026-08-29 16:30:00,5.22425682
diamond_harbour,2026-08-29 23:00:00,2026-08-29 17:30:00,6.42800244
diamond_harbour,2026-08-30 00:00:00,2026-08-29 18:30:00,6.40558675
diamond_harbour,2026-08-30 01:00:00,2026-08-29 19:30:00,5.85635779
diamond_harbour,2026-08-30 02:00:00,2026-08-29 20:30:00,5.09806456
diamond_harbour,2026-08-30 03:00:00,2026-08-29 21:30:00,4.10993886
diamond_harbour,2026-08-30 04:00:00,2026-08-29 22:30:00,3.11874095
diamond_harbour,2026-08-30 05:00:00,2026-08-29 23:30:00,2.40545614
diamond_harbour,2026-08-30 06:00:00,2026-08-30 00:30:00,1.85408855
diamond_harbour,2026-08-30 07:00:00,2026-08-30 01:30:00,1.28834682
diamond_harbour,2026-08-30 08:00:00,2026-08-30 02:30:00,1.28731481
diamond_harbour,2026-08-30 09:00:00,2026-08-30 03:30:00,2.68652578
diamond_harbour,2026-08-30 10:00:00,2026-08-30 04:30:00,4.95815655
diamond_harbour,2026-08-30 11:00:00,2026-08-30 05:30:00,6.47759731
diamond_harbour,2026-08-30 12:00:00,2026-08-30 06:30:00,6.62030002
diamond_harbour,2026-08-30 13:00:00,2026-08-30 07:30:00,6.07542769
diamond_harbour,2026-08-30 14:00:00,2026-08-30 08:30:00,5.32899789
diamond_harbour,2026-08-30 15:00:00,2026-08-30 09:30:00,4.33634908
diamond_harbour,2026-08-30 16:00:00,2026-08-30 10:30:00,3.27592796
diamond_harbour,2026-08-30 17:00:00,2026-08-30 11:30:00,2.50068752
diamond_harbour,2026-08-30 18:00:00,2026-08-30 12:30:00,1.96673471
diamond_harbour,2026-08-30 19:00:00,2026-08-30 13:30:00,1.38819647
diamond_harbour,2026-08-30 20:00:00,2026-08-30 14:30:00,1.09593250
diamond_harbour,2026-08-30 21:00:00,2026-08-30 15:30:00,2.03999858
diamond_harbour,2026-08-30 22:00:00,2026-08-30 16:30:00,4.23705934
diamond_harbour,2026-08-30 23:00:00,2026-08-30 17:30:00,6.16616266
diamond_harbour,2026-08-31 00:00:00,2026-08-30 18:30:00,6.66931921
diamond_harbour,2026-08-31 01:00:00,2026-08-30 19:30:00,6.20002207
diamond_harbour,2026-08-31 02:00:00,2026-08-30 20:30:00,5.49723398
diamond_harbour,2026-08-31 03:00:00,2026-08-30 21:30:00,4.58882021
diamond_harbour,2026-08-31 04:00:00,2026-08-30 22:30:00,3.52094527
diamond_harbour,2026-08-31 05:00:00,2026-08-30 23:30:00,2.67791714
diamond_harbour,2026-08-31 06:00:00,2026-08-31 00:30:00,2.13932614
diamond_harbour,2026-08-31 07:00:00,2026-08-31 01:30:00,1.60304663
diamond_harbour,2026-08-31 08:00:00,2026-08-31 02:30:00,1.20123826
diamond_harbour,2026-08-31 09:00:00,2026-08-31 03:30:00,1.80067414
diamond_harbour,2026-08-31 10:00:00,2026-08-31 04:30:00,3.75701863
diamond_harbour,2026-08-31 11:00:00,2026-08-31 05:30:00,5.85381193
diamond_harbour,2026-08-31 12:00:00,2026-08-31 06:30:00,6.66352542
diamond_harbour,2026-08-31 13:00:00,2026-08-31 07:30:00,6.30353140
diamond_harbour,2026-08-31 14:00:00,2026-08-31 08:30:00,5.62130082
diamond_harbour,2026-08-31 15:00:00,2026-08-31 09:30:00,4.76768327
diamond_harbour,2026-08-31 16:00:00,2026-08-31 10:30:00,3.67983332
diamond_harbour,2026-08-31 17:00:00,2026-08-31 11:30:00,2.73835870
diamond_harbour,2026-08-31 18:00:00,2026-08-31 12:30:00,2.16540244
diamond_harbour,2026-08-31 19:00:00,2026-08-31 13:30:00,1.67747937
diamond_harbour,2026-08-31 20:00:00,2026-08-31 14:30:00,1.20183232
diamond_harbour,2026-08-31 21:00:00,2026-08-31 15:30:00,1.44040270
diamond_harbour,2026-08-31 22:00:00,2026-08-31 16:30:00,3.05335626
diamond_harbour,2026-08-31 23:00:00,2026-08-31 17:30:00,5.30478821
diamond_harbour,2026-09-01 00:00:00,2026-08-31 18:30:00,6.59964523
diamond_harbour,2026-09-01 01:00:00,2026-08-31 19:30:00,6.49956720
diamond_harbour,2026-09-01 02:00:00,2026-08-31 20:30:00,5.83119437
diamond_harbour,2026-09-01 03:00:00,2026-08-31 21:30:00,5.03573227
diamond_harbour,2026-09-01 04:00:00,2026-08-31 22:30:00,4.00210489
diamond_harbour,2026-09-01 05:00:00,2026-08-31 23:30:00,2.99397179
diamond_harbour,2026-09-01 06:00:00,2026-09-01 00:30:00,2.36330559
diamond_harbour,2026-09-01 07:00:00,2026-09-01 01:30:00,1.91854625
diamond_harbour,2026-09-01 08:00:00,2026-09-01 02:30:00,1.44531260
diamond_harbour,2026-09-01 09:00:00,2026-09-01 03:30:00,1.43739109
diamond_harbour,2026-09-01 10:00:00,2026-09-01 04:30:00,2.62894478
diamond_harbour,2026-09-01 11:00:00,2026-09-01 05:30:00,4.70352434
diamond_harbour,2026-09-01 12:00:00,2026-09-01 06:30:00,6.23193573
diamond_harbour,2026-09-01 13:00:00,2026-09-01 07:30:00,6.41155531
diamond_harbour,2026-09-01 14:00:00,2026-09-01 08:30:00,5.84029206
diamond_harbour,2026-09-01 15:00:00,2026-09-01 09:30:00,5.12054351
diamond_harbour,2026-09-01 16:00:00,2026-09-01 10:30:00,4.16282914
diamond_harbour,2026-09-01 17:00:00,2026-09-01 11:30:00,3.09804022
diamond_harbour,2026-09-01 18:00:00,2026-09-01 12:30:00,2.36345772
diamond_harbour,2026-09-01 19:00:00,2026-09-01 13:30:00,1.91854631
diamond_harbour,2026-09-01 20:00:00,2026-09-01 14:30:00,1.47713440
diamond_harbour,2026-09-01 21:00:00,2026-09-01 15:30:00,1.31732533
diamond_harbour,2026-09-01 22:00:00,2026-09-01 16:30:00,2.15175807
diamond_harbour,2026-09-01 23:00:00,2026-09-01 17:30:00,4.05069673
diamond_harbour,2026-09-02 00:00:00,2026-09-01 18:30:00,5.88968383
diamond_harbour,2026-09-02 01:00:00,2026-09-01 19:30:00,6.52205883
diamond_harbour,2026-09-02 02:00:00,2026-09-01 20:30:00,6.11286209
diamond_harbour,2026-09-02 03:00:00,2026-09-01 21:30:00,5.40842192
diamond_harbour,2026-09-02 04:00:00,2026-09-01 22:30:00,4.52978827
diamond_harbour,2026-09-02 05:00:00,2026-09-01 23:30:00,3.47374389
diamond_harbour,2026-09-02 06:00:00,2026-09-02 00:30:00,2.65028781
diamond_harbour,2026-09-02 07:00:00,2026-09-02 01:30:00,2.18887062
diamond_harbour,2026-09-02 08:00:00,2026-09-02 02:30:00,1.78515597
diamond_harbour,2026-09-02 09:00:00,2026-09-02 03:30:00,1.51216970
diamond_harbour,2026-09-02 10:00:00,2026-09-02 04:30:00,1.97474285
diamond_harbour,2026-09-02 11:00:00,2026-09-02 05:30:00,3.44949081
diamond_harbour,2026-09-02 12:00:00,2026-09-02 06:30:00,5.19777569
diamond_harbour,2026-09-02 13:00:00,2026-09-02 07:30:00,6.09479729
diamond_harbour,2026-09-02 14:00:00,2026-09-02 08:30:00,5.94098912
diamond_harbour,2026-09-02 15:00:00,2026-09-02 09:30:00,5.36410135
diamond_harbour,2026-09-02 16:00:00,2026-09-02 10:30:00,4.61796022
diamond_harbour,2026-09-02 17:00:00,2026-09-02 11:30:00,3.62813385
diamond_harbour,2026-09-02 18:00:00,2026-09-02 12:30:00,2.71910667
diamond_harbour,2026-09-02 19:00:00,2026-09-02 13:30:00,2.17478635
diamond_harbour,2026-09-02 20:00:00,2026-09-02 14:30:00,1.78436896
diamond_harbour,2026-09-02 21:00:00,2026-09-02 15:30:00,1.48971155
diamond_harbour,2026-09-02 22:00:00,2026-09-02 16:30:00,1.74976548
diamond_harbour,2026-09-02 23:00:00,2026-09-02 17:30:00,2.93212378
diamond_harbour,2026-09-03 00:00:00,2026-09-02 18:30:00,4.65053625
diamond_harbour,2026-09-03 01:00:00,2026-09-02 19:30:00,5.91021989
diamond_harbour,2026-09-03 02:00:00,2026-09-02 20:30:00,6.12999719
diamond_harbour,2026-09-03 03:00:00,2026-09-02 21:30:00,5.67054809
diamond_harbour,2026-09-03 04:00:00,2026-09-02 22:30:00,4.98290476
diamond_harbour,2026-09-03 05:00:00,2026-09-02 23:30:00,4.08296160
diamond_harbour,2026-09-03 06:00:00,2026-09-03 00:30:00,3.15597465
diamond_harbour,2026-09-03 07:00:00,2026-09-03 01:30:00,2.54740415
diamond_harbour,2026-09-03 08:00:00,2026-09-03 02:30:00,2.16238715
diamond_harbour,2026-09-03 09:00:00,2026-09-03 03:30:00,1.82330201
diamond_harbour,2026-09-03 10:00:00,2026-09-03 04:30:00,1.83572878
diamond_harbour,2026-09-03 11:00:00,2026-09-03 05:30:00,2.58868351
diamond_harbour,2026-09-03 12:00:00,2026-09-03 06:30:00,3.93324765
diamond_harbour,2026-09-03 13:00:00,2026-09-03 07:30:00,5.16325882
diamond_harbour,2026-09-03 14:00:00,2026-09-03 08:30:00,5.64261981
diamond_harbour,2026-09-03 15:00:00,2026-09-03 09:30:00,5.43049534
diamond_harbour,2026-09-03 16:00:00,2026-09-03 10:30:00,4.91900655
diamond_harbour,2026-09-03 17:00:00,2026-09-03 11:30:00,4.18300895
diamond_harbour,2026-09-03 18:00:00,2026-09-03 12:30:00,3.29833983
diamond_harbour,2026-09-03 19:00:00,2026-09-03 13:30:00,2.60371169
diamond_harbour,2026-09-03 20:00:00,2026-09-03 14:30:00,2.16762330
diamond_harbour,2026-09-03 21:00:00,2026-09-03 15:30:00,1.82555255
diamond_harbour,2026-09-03 22:00:00,2026-09-03 16:30:00,1.75762349
diamond_harbour,2026-09-03 23:00:00,2026-09-03 17:30:00,2.30033390
diamond_harbour,2026-09-04 00:00:00,2026-09-03 18:30:00,3.43128622
diamond_harbour,2026-09-04 01:00:00,2026-09-03 19:30:00,4.71105727
diamond_harbour,2026-09-04 02:00:00,2026-09-03 20:30:00,5.53387792
diamond_harbour,2026-09-04 03:00:00,2026-09-03 21:30:00,5.62902321
diamond_harbour,2026-09-04 04:00:00,2026-09-03 22:30:00,5.24460168
diamond_harbour,2026-09-04 05:00:00,2026-09-03 23:30:00,4.62359639
diamond_harbour,2026-09-04 06:00:00,2026-09-04 00:30:00,3.84233789
diamond_harbour,2026-09-04 07:00:00,2026-09-04 01:30:00,3.14096006
diamond_harbour,2026-09-04 08:00:00,2026-09-04 02:30:00,2.67473820
diamond_harbour,2026-09-04 09:00:00,2026-09-04 03:30:00,2.30003904
diamond_harbour,2026-09-04 10:00:00,2026-09-04 04:30:00,2.06653115
diamond_harbour,2026-09-04 11:00:00,2026-09-04 05:30:00,2.27894751
diamond_harbour,2026-09-04 12:00:00,2026-09-04 06:30:00,2.99428699
diamond_harbour,2026-09-04 13:00:00,2026-09-04 07:30:00,3.94932027
diamond_harbour,2026-09-04 14:00:00,2026-09-04 08:30:00,4.75293737
diamond_harbour,2026-09-04 15:00:00,2026-09-04 09:30:00,5.08276835
diamond_harbour,2026-09-04 16:00:00,2026-09-04 10:30:00,4.95097148
diamond_harbour,2026-09-04 17:00:00,2026-09-04 11:30:00,4.54418308
diamond_harbour,2026-09-04 18:00:00,2026-09-04 12:30:00,3.93186373
diamond_harbour,2026-09-04 19:00:00,2026-09-04 13:30:00,3.26080756
diamond_harbour,2026-09-04 20:00:00,2026-09-04 14:30:00,2.73855207
diamond_harbour,2026-09-04 21:00:00,2026-09-04 15:30:00,2.33840284
diamond_harbour,2026-09-04 22:00:00,2026-09-04 16:30:00,2.06678346
diamond_harbour,2026-09-04 23:00:00,2026-09-04 17:30:00,2.15950773
diamond_harbour,2026-09-05 00:00:00,2026-09-04 18:30:00,2.68553600
diamond_harbour,2026-09-05 01:00:00,2026-09-04 19:30:00,3.48330491
diamond_harbour,2026-09-05 02:00:00,2026-09-04 20:30:00,4.35717440
diamond_harbour,2026-09-05 03:00:00,2026-09-04 21:30:00,4.98819546
diamond_harbour,2026-09-05 04:00:00,2026-09-04 22:30:00,5.13043175
diamond_harbour,2026-09-05 05:00:00,2026-09-04 23:30:00,4.89218299
diamond_harbour,2026-09-05 06:00:00,2026-09-05 00:30:00,4.45546133
diamond_harbour,2026-09-05 07:00:00,2026-09-05 01:30:00,3.91453272
diamond_harbour,2026-09-05 08:00:00,2026-09-05 02:30:00,3.40998397
diamond_harbour,2026-09-05 09:00:00,2026-09-05 03:30:00,2.97706205
diamond_harbour,2026-09-05 10:00:00,2026-09-05 04:30:00,2.58850037
diamond_harbour,2026-09-05 11:00:00,2026-09-05 05:30:00,2.42516335
diamond_harbour,2026-09-05 12:00:00,2026-09-05 06:30:00,2.61743113
diamond_harbour,2026-09-05 13:00:00,2026-09-05 07:30:00,3.03931741
diamond_harbour,2026-09-05 14:00:00,2026-09-05 08:30:00,3.59501318
diamond_harbour,2026-09-05 15:00:00,2026-09-05 09:30:00,4.17651396
diamond_harbour,2026-09-05 16:00:00,2026-09-05 10:30:00,4.52495998
diamond_harbour,2026-09-05 17:00:00,2026-09-05 11:30:00,4.54395565
diamond_harbour,2026-09-05 18:00:00,2026-09-05 12:30:00,4.33862987
diamond_harbour,2026-09-05 19:00:00,2026-09-05 13:30:00,3.96576795
diamond_harbour,2026-09-05 20:00:00,2026-09-05 14:30:00,3.50740311
diamond_harbour,2026-09-05 21:00:00,2026-09-05 15:30:00,3.06504802
diamond_harbour,2026-09-05 22:00:00,2026-09-05 16:30:00,2.66111451
diamond_harbour,2026-09-05 23:00:00,2026-09-05 17:30:00,2.42158750
diamond_harbour,2026-09-06 00:00:00,2026-09-05 18:30:00,2.48079286
diamond_harbour,2026-09-06 01:00:00,2026-09-05 19:30:00,2.74441982
diamond_harbour,2026-09-06 02:00:00,2026-09-05 20:30:00,3.17098502
diamond_harbour,2026-09-06 03:00:00,2026-09-05 21:30:00,3.81118288
diamond_harbour,2026-09-06 04:00:00,2026-09-05 22:30:00,4.41983103
diamond_harbour,2026-09-06 05:00:00,2026-09-05 23:30:00,4.70587876
diamond_harbour,2026-09-06 06:00:00,2026-09-06 00:30:00,4.72666109
diamond_harbour,2026-09-06 07:00:00,2026-09-06 01:30:00,4.58823366
diamond_harbour,2026-09-06 08:00:00,2026-09-06 02:30:00,4.27848054
diamond_harbour,2026-09-06 09:00:00,2026-09-06 03:30:00,3.85035647
diamond_harbour,2026-09-06 10:00:00,2026-09-06 04:30:00,3.37056438
diamond_harbour,2026-09-06 11:00:00,2026-09-06 05:30:00,2.93942420
diamond_harbour,2026-09-06 12:00:00,2026-09-06 06:30:00,2.72462175
diamond_harbour,2026-09-06 13:00:00,2026-09-06 07:30:00,2.70195477
diamond_harbour,2026-09-06 14:00:00,2026-09-06 08:30:00,2.77129444
diamond_harbour,2026-09-06 15:00:00,2026-09-06 09:30:00,3.05660290
diamond_harbour,2026-09-06 16:00:00,2026-09-06 10:30:00,3.57063373
diamond_harbour,2026-09-06 17:00:00,2026-09-06 11:30:00,4.03680669
diamond_harbour,2026-09-06 18:00:00,2026-09-06 12:30:00,4.31338814
diamond_harbour,2026-09-06 19:00:00,2026-09-06 13:30:00,4.41683917
diamond_harbour,2026-09-06 20:00:00,2026-09-06 14:30:00,4.28871547
diamond_harbour,2026-09-06 21:00:00,2026-09-06 15:30:00,3.94450835
diamond_harbour,2026-09-06 22:00:00,2026-09-06 16:30:00,3.49770222
diamond_harbour,2026-09-06 23:00:00,2026-09-06 17:30:00,3.04363300
diamond_harbour,2026-09-07 00:00:00,2026-09-06 18:30:00,2.72235283
diamond_harbour,2026-09-07 01:00:00,2026-09-06 19:30:00,2.57740131
diamond_harbour,2026-09-07 02:00:00,2026-09-06 20:30:00,2.52272294
diamond_harbour,2026-09-07 03:00:00,2026-09-06 21:30:00,2.68674554
diamond_harbour,2026-09-07 04:00:00,2026-09-06 22:30:00,3.23059514
diamond_harbour,2026-09-07 05:00:00,2026-09-06 23:30:00,3.92113931
diamond_harbour,2026-09-07 06:00:00,2026-09-07 00:30:00,4.47755952
diamond_harbour,2026-09-07 07:00:00,2026-09-07 01:30:00,4.86797562
diamond_harbour,2026-09-07 08:00:00,2026-09-07 02:30:00,5.00510817
diamond_harbour,2026-09-07 09:00:00,2026-09-07 03:30:00,4.78547886
diamond_harbour,2026-09-07 10:00:00,2026-09-07 04:30:00,4.31479939
diamond_harbour,2026-09-07 11:00:00,2026-09-07 05:30:00,3.74220192
diamond_harbour,2026-09-07 12:00:00,2026-09-07 06:30:00,3.20700826
diamond_harbour,2026-09-07 13:00:00,2026-09-07 07:30:00,2.83088351
diamond_harbour,2026-09-07 14:00:00,2026-09-07 08:30:00,2.54451497
diamond_harbour,2026-09-07 15:00:00,2026-09-07 09:30:00,2.33675278
diamond_harbour,2026-09-07 16:00:00,2026-09-07 10:30:00,2.47000791
diamond_harbour,2026-09-07 17:00:00,2026-09-07 11:30:00,3.02576962
diamond_harbour,2026-09-07 18:00:00,2026-09-07 12:30:00,3.74548969
diamond_harbour,2026-09-07 19:00:00,2026-09-07 13:30:00,4.39880991
diamond_harbour,2026-09-07 20:00:00,2026-09-07 14:30:00,4.79999745
diamond_harbour,2026-09-07 21:00:00,2026-09-07 15:30:00,4.78792410
diamond_harbour,2026-09-07 22:00:00,2026-09-07 16:30:00,4.43805389
diamond_harbour,2026-09-07 23:00:00,2026-09-07 17:30:00,3.92009342
diamond_harbour,2026-09-08 00:00:00,2026-09-07 18:30:00,3.33914161
diamond_harbour,2026-09-08 01:00:00,2026-09-07 19:30:00,2.84049291
diamond_harbour,2026-09-08 02:00:00,2026-09-07 20:30:00,2.46574740
diamond_harbour,2026-09-08 03:00:00,2026-09-07 21:30:00,2.16830439
diamond_harbour,2026-09-08 04:00:00,2026-09-07 22:30:00,2.16738363
diamond_harbour,2026-09-08 05:00:00,2026-09-07 23:30:00,2.70981271
diamond_harbour,2026-09-08 06:00:00,2026-09-08 00:30:00,3.62930147
diamond_harbour,2026-09-08 07:00:00,2026-09-08 01:30:00,4.59079701
diamond_harbour,2026-09-08 08:00:00,2026-09-08 02:30:00,5.31540837
diamond_harbour,2026-09-08 09:00:00,2026-09-08 03:30:00,5.53877873
diamond_harbour,2026-09-08 10:00:00,2026-09-08 04:30:00,5.24622266
diamond_harbour,2026-09-08 11:00:00,2026-09-08 05:30:00,4.66893034
diamond_harbour,2026-09-08 12:00:00,2026-09-08 06:30:00,3.96371065
diamond_harbour,2026-09-08 13:00:00,2026-09-08 07:30:00,3.27702558
diamond_harbour,2026-09-08 14:00:00,2026-09-08 08:30:00,2.73982171
diamond_harbour,2026-09-08 15:00:00,2026-09-08 09:30:00,2.25289966
diamond_harbour,2026-09-08 16:00:00,2026-09-08 10:30:00,1.84491542
diamond_harbour,2026-09-08 17:00:00,2026-09-08 11:30:00,1.92249437
diamond_harbour,2026-09-08 18:00:00,2026-09-08 12:30:00,2.68812263
diamond_harbour,2026-09-08 19:00:00,2026-09-08 13:30:00,3.82584123
diamond_harbour,2026-09-08 20:00:00,2026-09-08 14:30:00,4.84586747
diamond_harbour,2026-09-08 21:00:00,2026-09-08 15:30:00,5.36186765
diamond_harbour,2026-09-08 22:00:00,2026-09-08 16:30:00,5.29191045
diamond_harbour,2026-09-08 23:00:00,2026-09-08 17:30:00,4.85097755
diamond_harbour,2026-09-09 00:00:00,2026-09-08 18:30:00,4.19505867
diamond_harbour,2026-09-09 01:00:00,2026-09-08 19:30:00,3.42958415
diamond_harbour,2026-09-09 02:00:00,2026-09-08 20:30:00,2.77409784
diamond_harbour,2026-09-09 03:00:00,2026-09-08 21:30:00,2.25284831
diamond_harbour,2026-09-09 04:00:00,2026-09-08 22:30:00,1.77720091
diamond_harbour,2026-09-09 05:00:00,2026-09-08 23:30:00,1.67970458
diamond_harbour,2026-09-09 06:00:00,2026-09-09 00:30:00,2.38543101
diamond_harbour,2026-09-09 07:00:00,2026-09-09 01:30:00,3.72124845
diamond_harbour,2026-09-09 08:00:00,2026-09-09 02:30:00,5.07538412
diamond_harbour,2026-09-09 09:00:00,2026-09-09 03:30:00,5.89342224
diamond_harbour,2026-09-09 10:00:00,2026-09-09 04:30:00,5.97041866
diamond_harbour,2026-09-09 11:00:00,2026-09-09 05:30:00,5.52101798
diamond_harbour,2026-09-09 12:00:00,2026-09-09 06:30:00,4.80944062
diamond_harbour,2026-09-09 13:00:00,2026-09-09 07:30:00,3.94489190
diamond_harbour,2026-09-09 14:00:00,2026-09-09 08:30:00,3.14687728
diamond_harbour,2026-09-09 15:00:00,2026-09-09 09:30:00,2.53974323
diamond_harbour,2026-09-09 16:00:00,2026-09-09 10:30:00,1.90375304
diamond_harbour,2026-09-09 17:00:00,2026-09-09 11:30:00,1.35022922
diamond_harbour,2026-09-09 18:00:00,2026-09-09 12:30:00,1.55363080
diamond_harbour,2026-09-09 19:00:00,2026-09-09 13:30:00,2.76457155
diamond_harbour,2026-09-09 20:00:00,2026-09-09 14:30:00,4.35651453
diamond_harbour,2026-09-09 21:00:00,2026-09-09 15:30:00,5.51574644
diamond_harbour,2026-09-09 22:00:00,2026-09-09 16:30:00,5.89041956
diamond_harbour,2026-09-09 23:00:00,2026-09-09 17:30:00,5.64890319
diamond_harbour,2026-09-10 00:00:00,2026-09-09 18:30:00,5.06331683
diamond_harbour,2026-09-10 01:00:00,2026-09-09 19:30:00,4.21712533
diamond_harbour,2026-09-10 02:00:00,2026-09-09 20:30:00,3.30508709
diamond_harbour,2026-09-10 03:00:00,2026-09-09 21:30:00,2.61004144
diamond_harbour,2026-09-10 04:00:00,2026-09-09 22:30:00,2.00116758
diamond_harbour,2026-09-10 05:00:00,2026-09-09 23:30:00,1.36953584
diamond_harbour,2026-09-10 06:00:00,2026-09-10 00:30:00,1.33272434
diamond_harbour,2026-09-10 07:00:00,2026-09-10 01:30:00,2.45744334
diamond_harbour,2026-09-10 08:00:00,2026-09-10 02:30:00,4.26900417
diamond_harbour,2026-09-10 09:00:00,2026-09-10 03:30:00,5.75565782
diamond_harbour,2026-09-10 10:00:00,2026-09-10 04:30:00,6.34886451
diamond_harbour,2026-09-10 11:00:00,2026-09-10 05:30:00,6.15701910
diamond_harbour,2026-09-10 12:00:00,2026-09-10 06:30:00,5.54583836
diamond_harbour,2026-09-10 13:00:00,2026-09-10 07:30:00,4.67964594
diamond_harbour,2026-09-10 14:00:00,2026-09-10 08:30:00,3.69315139
diamond_harbour,2026-09-10 15:00:00,2026-09-10 09:30:00,2.90870776
diamond_harbour,2026-09-10 16:00:00,2026-09-10 10:30:00,2.29556366
diamond_harbour,2026-09-10 17:00:00,2026-09-10 11:30:00,1.50806110
diamond_harbour,2026-09-10 18:00:00,2026-09-10 12:30:00,0.95333063
diamond_harbour,2026-09-10 19:00:00,2026-09-10 13:30:00,1.58493474
diamond_harbour,2026-09-10 20:00:00,2026-09-10 14:30:00,3.37511565
diamond_harbour,2026-09-10 21:00:00,2026-09-10 15:30:00,5.19275966
diamond_harbour,2026-09-10 22:00:00,2026-09-10 16:30:00,6.14261512
diamond_harbour,2026-09-10 23:00:00,2026-09-10 17:30:00,6.20840210
diamond_harbour,2026-09-11 00:00:00,2026-09-10 18:30:00,5.76666003
diamond_harbour,2026-09-11 01:00:00,2026-09-10 19:30:00,4.99570660
diamond_harbour,2026-09-11 02:00:00,2026-09-10 20:30:00,3.97547589
diamond_harbour,2026-09-11 03:00:00,2026-09-10 21:30:00,3.05328749
diamond_harbour,2026-09-11 04:00:00,2026-09-10 22:30:00,2.40965866
diamond_harbour,2026-09-11 05:00:00,2026-09-10 23:30:00,1.69348270
diamond_harbour,2026-09-11 06:00:00,2026-09-11 00:30:00,1.00481685
diamond_harbour,2026-09-11 07:00:00,2026-09-11 01:30:00,1.33058119
diamond_harbour,2026-09-11 08:00:00,2026-09-11 02:30:00,3.04839632
diamond_harbour,2026-09-11 09:00:00,2026-09-11 03:30:00,5.11062498
diamond_harbour,2026-09-11 10:00:00,2026-09-11 04:30:00,6.33277796
diamond_harbour,2026-09-11 11:00:00,2026-09-11 05:30:00,6.51312446
diamond_harbour,2026-09-11 12:00:00,2026-09-11 06:30:00,6.07380416
diamond_harbour,2026-09-11 13:00:00,2026-09-11 07:30:00,5.30977101
diamond_harbour,2026-09-11 14:00:00,2026-09-11 08:30:00,4.29729804
diamond_harbour,2026-09-11 15:00:00,2026-09-11 09:30:00,3.31184527
diamond_harbour,2026-09-11 16:00:00,2026-09-11 10:30:00,2.64731567
diamond_harbour,2026-09-11 17:00:00,2026-09-11 11:30:00,1.99487570
diamond_harbour,2026-09-11 18:00:00,2026-09-11 12:30:00,1.10732452
diamond_harbour,2026-09-11 19:00:00,2026-09-11 13:30:00,0.86352682
diamond_harbour,2026-09-11 20:00:00,2026-09-11 14:30:00,2.18444044
diamond_harbour,2026-09-11 21:00:00,2026-09-11 15:30:00,4.39079985
diamond_harbour,2026-09-11 22:00:00,2026-09-11 16:30:00,6.00901332
diamond_harbour,2026-09-11 23:00:00,2026-09-11 17:30:00,6.49689547
diamond_harbour,2026-09-12 00:00:00,2026-09-11 18:30:00,6.24628839
diamond_harbour,2026-09-12 01:00:00,2026-09-11 19:30:00,5.60984237
diamond_harbour,2026-09-12 02:00:00,2026-09-11 20:30:00,4.64351614
diamond_harbour,2026-09-12 03:00:00,2026-09-11 21:30:00,3.56305868
diamond_harbour,2026-09-12 04:00:00,2026-09-11 22:30:00,2.76747796
diamond_harbour,2026-09-12 05:00:00,2026-09-11 23:30:00,2.15627423
diamond_harbour,2026-09-12 06:00:00,2026-09-12 00:30:00,1.33774935
diamond_harbour,2026-09-12 07:00:00,2026-09-12 01:30:00,0.86702787
diamond_harbour,2026-09-12 08:00:00,2026-09-12 02:30:00,1.84942654
diamond_harbour,2026-09-12 09:00:00,2026-09-12 03:30:00,4.03642088
diamond_harbour,2026-09-12 10:00:00,2026-09-12 04:30:00,5.90262592
diamond_harbour,2026-09-12 11:00:00,2026-09-12 05:30:00,6.57867377
diamond_harbour,2026-09-12 12:00:00,2026-09-12 06:30:00,6.37723111
diamond_harbour,2026-09-12 13:00:00,2026-09-12 07:30:00,5.76185571
diamond_harbour,2026-09-12 14:00:00,2026-09-12 08:30:00,4.84107471
diamond_harbour,2026-09-12 15:00:00,2026-09-12 09:30:00,3.76330561
diamond_harbour,2026-09-12 16:00:00,2026-09-12 10:30:00,2.92024811
diamond_harbour,2026-09-12 17:00:00,2026-09-12 11:30:00,2.36630001
diamond_harbour,2026-09-12 18:00:00,2026-09-12 12:30:00,1.62623954
diamond_harbour,2026-09-12 19:00:00,2026-09-12 13:30:00,0.86928475
diamond_harbour,2026-09-12 20:00:00,2026-09-12 14:30:00,1.29389881
diamond_harbour,2026-09-12 21:00:00,2026-09-12 15:30:00,3.27582665
diamond_harbour,2026-09-12 22:00:00,2026-09-12 16:30:00,5.44548114
diamond_harbour,2026-09-12 23:00:00,2026-09-12 17:30:00,6.49764885
diamond_harbour,2026-09-13 00:00:00,2026-09-12 18:30:00,6.50712913
diamond_harbour,2026-09-13 01:00:00,2026-09-12 19:30:00,6.02331541
diamond_harbour,2026-09-13 02:00:00,2026-09-12 20:30:00,5.19187478
diamond_harbour,2026-09-13 03:00:00,2026-09-12 21:30:00,4.09392494
diamond_harbour,2026-09-13 04:00:00,2026-09-12 22:30:00,3.11212381
diamond_harbour,2026-09-13 05:00:00,2026-09-12 23:30:00,2.47474130
diamond_harbour,2026-09-13 06:00:00,2026-09-13 00:30:00,1.82939873
diamond_harbour,2026-09-13 07:00:00,2026-09-13 01:30:00,1.07457140
diamond_harbour,2026-09-13 08:00:00,2026-09-13 02:30:00,1.17405976
diamond_harbour,2026-09-13 09:00:00,2026-09-13 03:30:00,2.84128522
diamond_harbour,2026-09-13 10:00:00,2026-09-13 04:30:00,5.06142894
diamond_harbour,2026-09-13 11:00:00,2026-09-13 05:30:00,6.33457202
diamond_harbour,2026-09-13 12:00:00,2026-09-13 06:30:00,6.46199415
diamond_harbour,2026-09-13 13:00:00,2026-09-13 07:30:00,6.02949109
diamond_harbour,2026-09-13 14:00:00,2026-09-13 08:30:00,5.26680391
diamond_harbour,2026-09-13 15:00:00,2026-09-13 09:30:00,4.21796792
diamond_harbour,2026-09-13 16:00:00,2026-09-13 10:30:00,3.21620041
diamond_harbour,2026-09-13 17:00:00,2026-09-13 11:30:00,2.56888347
diamond_harbour,2026-09-13 18:00:00,2026-09-13 12:30:00,2.03279058
diamond_harbour,2026-09-13 19:00:00,2026-09-13 13:30:00,1.29591457
diamond_harbour,2026-09-13 20:00:00,2026-09-13 14:30:00,1.02903892
diamond_harbour,2026-09-13 21:00:00,2026-09-13 15:30:00,2.25503806
diamond_harbour,2026-09-13 22:00:00,2026-09-13 16:30:00,4.50160675
diamond_harbour,2026-09-13 23:00:00,2026-09-13 17:30:00,6.14943345
diamond_harbour,2026-09-14 00:00:00,2026-09-13 18:30:00,6.55046781
diamond_harbour,2026-09-14 01:00:00,2026-09-13 19:30:00,6.24355025
diamond_harbour,2026-09-14 02:00:00,2026-09-13 20:30:00,5.58866064
diamond_harbour,2026-09-14 03:00:00,2026-09-13 21:30:00,4.58275001
diamond_harbour,2026-09-14 04:00:00,2026-09-13 22:30:00,3.49498969
diamond_harbour,2026-09-14 05:00:00,2026-09-13 23:30:00,2.71320121
diamond_harbour,2026-09-14 06:00:00,2026-09-14 00:30:00,2.16308840
diamond_harbour,2026-09-14 07:00:00,2026-09-14 01:30:00,1.51456337
diamond_harbour,2026-09-14 08:00:00,2026-09-14 02:30:00,1.12998549
diamond_harbour,2026-09-14 09:00:00,2026-09-14 03:30:00,1.97105227
diamond_harbour,2026-09-14 10:00:00,2026-09-14 04:30:00,3.98172555
diamond_harbour,2026-09-14 11:00:00,2026-09-14 05:30:00,5.73733827
diamond_harbour,2026-09-14 12:00:00,2026-09-14 06:30:00,6.31515422
diamond_harbour,2026-09-14 13:00:00,2026-09-14 07:30:00,6.10307402
diamond_harbour,2026-09-14 14:00:00,2026-09-14 08:30:00,5.54870396
diamond_harbour,2026-09-14 15:00:00,2026-09-14 09:30:00,4.63713881
diamond_harbour,2026-09-14 16:00:00,2026-09-14 10:30:00,3.56594791
diamond_harbour,2026-09-14 17:00:00,2026-09-14 11:30:00,2.75664140
diamond_harbour,2026-09-14 18:00:00,2026-09-14 12:30:00,2.24235246
diamond_harbour,2026-09-14 19:00:00,2026-09-14 13:30:00,1.69224162
diamond_harbour,2026-09-14 20:00:00,2026-09-14 14:30:00,1.22107844
diamond_harbour,2026-09-14 21:00:00,2026-09-14 15:30:00,1.68911523
diamond_harbour,2026-09-14 22:00:00,2026-09-14 16:30:00,3.45935098
diamond_harbour,2026-09-14 23:00:00,2026-09-14 17:30:00,5.41938411
diamond_harbour,2026-09-15 00:00:00,2026-09-14 18:30:00,6.32757273
diamond_harbour,2026-09-15 01:00:00,2026-09-14 19:30:00,6.26873950
diamond_harbour,2026-09-15 02:00:00,2026-09-14 20:30:00,5.81083890
diamond_harbour,2026-09-15 03:00:00,2026-09-14 21:30:00,4.99912953
diamond_harbour,2026-09-15 04:00:00,2026-09-14 22:30:00,3.91210677
diamond_harbour,2026-09-15 05:00:00,2026-09-14 23:30:00,2.98721539
diamond_harbour,2026-09-15 06:00:00,2026-09-15 00:30:00,2.39334744
diamond_harbour,2026-09-15 07:00:00,2026-09-15 01:30:00,1.86964025
diamond_harbour,2026-09-15 08:00:00,2026-09-15 02:30:00,1.40123647
diamond_harbour,2026-09-15 09:00:00,2026-09-15 03:30:00,1.62542903
diamond_harbour,2026-09-15 10:00:00,2026-09-15 04:30:00,3.02019655
diamond_harbour,2026-09-15 11:00:00,2026-09-15 05:30:00,4.84955137
diamond_harbour,2026-09-15 12:00:00,2026-09-15 06:30:00,5.89054330
diamond_harbour,2026-09-15 13:00:00,2026-09-15 07:30:00,5.97081051
diamond_harbour,2026-09-15 14:00:00,2026-09-15 08:30:00,5.63275955
diamond_harbour,2026-09-15 15:00:00,2026-09-15 09:30:00,4.97077593
diamond_harbour,2026-09-15 16:00:00,2026-09-15 10:30:00,3.95965374
diamond_harbour,2026-09-15 17:00:00,2026-09-15 11:30:00,3.01469543
diamond_harbour,2026-09-15 18:00:00,2026-09-15 12:30:00,2.41374615
diamond_harbour,2026-09-15 19:00:00,2026-09-15 13:30:00,1.94658578
diamond_harbour,2026-09-15 20:00:00,2026-09-15 14:30:00,1.50615220
diamond_harbour,2026-09-15 21:00:00,2026-09-15 15:30:00,1.56183778
diamond_harbour,2026-09-15 22:00:00,2026-09-15 16:30:00,2.67132200
diamond_harbour,2026-09-15 23:00:00,2026-09-15 17:30:00,4.46689549
diamond_harbour,2026-09-16 00:00:00,2026-09-15 18:30:00,5.77703078
diamond_harbour,2026-09-16 01:00:00,2026-09-15 19:30:00,6.07704876
diamond_harbour,2026-09-16 02:00:00,2026-09-15 20:30:00,5.82298442
diamond_harbour,2026-09-16 03:00:00,2026-09-15 21:30:00,5.27680869
diamond_harbour,2026-09-16 04:00:00,2026-09-15 22:30:00,4.34501955
diamond_harbour,2026-09-16 05:00:00,2026-09-15 23:30:00,3.33671348
diamond_harbour,2026-09-16 06:00:00,2026-09-16 00:30:00,2.64850532
diamond_harbour,2026-09-16 07:00:00,2026-09-16 01:30:00,2.16339516
diamond_harbour,2026-09-16 08:00:00,2026-09-16 02:30:00,1.71353258
diamond_harbour,2026-09-16 09:00:00,2026-09-16 03:30:00,1.63737083
diamond_harbour,2026-09-16 10:00:00,2026-09-16 04:30:00,2.42866183
diamond_harbour,2026-09-16 11:00:00,2026-09-16 05:30:00,3.92251392
diamond_harbour,2026-09-16 12:00:00,2026-09-16 06:30:00,5.19280842
diamond_harbour,2026-09-16 13:00:00,2026-09-16 07:30:00,5.61884877
diamond_harbour,2026-09-16 14:00:00,2026-09-16 08:30:00,5.49035697
diamond_harbour,2026-09-16 15:00:00,2026-09-16 09:30:00,5.11026614
diamond_harbour,2026-09-16 16:00:00,2026-09-16 10:30:00,4.34170161
diamond_harbour,2026-09-16 17:00:00,2026-09-16 11:30:00,3.36383839
diamond_harbour,2026-09-16 18:00:00,2026-09-16 12:30:00,2.64560496
diamond_harbour,2026-09-16 19:00:00,2026-09-16 13:30:00,2.18590070
diamond_harbour,2026-09-16 20:00:00,2026-09-16 14:30:00,1.77047197
diamond_harbour,2026-09-16 21:00:00,2026-09-16 15:30:00,1.63628506
diamond_harbour,2026-09-16 22:00:00,2026-09-16 16:30:00,2.24542360
diamond_harbour,2026-09-16 23:00:00,2026-09-16 17:30:00,3.59236847
diamond_harbour,2026-09-17 00:00:00,2026-09-16 18:30:00,4.96596761
diamond_harbour,2026-09-17 01:00:00,2026-09-16 19:30:00,5.62810833
diamond_harbour,2026-09-17 02:00:00,2026-09-16 20:30:00,5.62058765
diamond_harbour,2026-09-17 03:00:00,2026-09-16 21:30:00,5.32381283
diamond_harbour,2026-09-17 04:00:00,2026-09-16 22:30:00,4.69858244
diamond_harbour,2026-09-17 05:00:00,2026-09-16 23:30:00,3.76617028
diamond_harbour,2026-09-17 06:00:00,2026-09-17 00:30:00,2.97851037
diamond_harbour,2026-09-17 07:00:00,2026-09-17 01:30:00,2.49221408
diamond_harbour,2026-09-17 08:00:00,2026-09-17 02:30:00,2.06508962
diamond_harbour,2026-09-17 09:00:00,2026-09-17 03:30:00,1.81260801
diamond_harbour,2026-09-17 10:00:00,2026-09-17 04:30:00,2.17443788
diamond_harbour,2026-09-17 11:00:00,2026-09-17 05:30:00,3.20865507
diamond_harbour,2026-09-17 12:00:00,2026-09-17 06:30:00,4.37774216
diamond_harbour,2026-09-17 13:00:00,2026-09-17 07:30:00,5.04937454
diamond_harbour,2026-09-17 14:00:00,2026-09-17 08:30:00,5.14804158
diamond_harbour,2026-09-17 15:00:00,2026-09-17 09:30:00,4.98859893
diamond_harbour,2026-09-17 16:00:00,2026-09-17 10:30:00,4.56387088
diamond_harbour,2026-09-17 17:00:00,2026-09-17 11:30:00,3.76892486
diamond_harbour,2026-09-17 18:00:00,2026-09-17 12:30:00,2.97329816
diamond_harbour,2026-09-17 19:00:00,2026-09-17 13:30:00,2.48006136
diamond_harbour,2026-09-17 20:00:00,2026-09-17 14:30:00,2.09872371
diamond_harbour,2026-09-17 21:00:00,2026-09-17 15:30:00,1.82861901
diamond_harbour,2026-09-17 22:00:00,2026-09-17 16:30:00,2.07574069
diamond_harbour,2026-09-17 23:00:00,2026-09-17 17:30:00,2.97342968
diamond_harbour,2026-09-18 00:00:00,2026-09-17 18:30:00,4.11773841
diamond_harbour,2026-09-18 01:00:00,2026-09-17 19:30:00,4.94162463
diamond_harbour,2026-09-18 02:00:00,2026-09-17 20:30:00,5.20897585
diamond_harbour,2026-09-18 03:00:00,2026-09-17 21:30:00,5.12692610
diamond_harbour,2026-09-18 04:00:00,2026-09-17 22:30:00,4.82307206
diamond_harbour,2026-09-18 05:00:00,2026-09-17 23:30:00,4.18277577
diamond_harbour,2026-09-18 06:00:00,2026-09-18 00:30:00,3.40906643
diamond_harbour,2026-09-18 07:00:00,2026-09-18 01:30:00,2.87772784
diamond_harbour,2026-09-18 08:00:00,2026-09-18 02:30:00,2.50290484
diamond_harbour,2026-09-18 09:00:00,2026-09-18 03:30:00,2.14913256
diamond_harbour,2026-09-18 10:00:00,2026-09-18 04:30:00,2.15681847
diamond_harbour,2026-09-18 11:00:00,2026-09-18 05:30:00,2.76610474
diamond_harbour,2026-09-18 12:00:00,2026-09-18 06:30:00,3.65889862
diamond_harbour,2026-09-18 13:00:00,2026-09-18 07:30:00,4.35214584
diamond_harbour,2026-09-18 14:00:00,2026-09-18 08:30:00,4.64029990
diamond_harbour,2026-09-18 15:00:00,2026-09-18 09:30:00,4.65297010
diamond_harbour,2026-09-18 16:00:00,2026-09-18 10:30:00,4.50872949
diamond_harbour,2026-09-18 17:00:00,2026-09-18 11:30:00,4.07395333
diamond_harbour,2026-09-18 18:00:00,2026-09-18 12:30:00,3.39603593
diamond_harbour,2026-09-18 19:00:00,2026-09-18 13:30:00,2.84944366
diamond_harbour,2026-09-18 20:00:00,2026-09-18 14:30:00,2.50822411
diamond_harbour,2026-09-18 21:00:00,2026-09-18 15:30:00,2.19620575
diamond_harbour,2026-09-18 22:00:00,2026-09-18 16:30:00,2.12999050
diamond_harbour,2026-09-18 23:00:00,2026-09-18 17:30:00,2.60866903
diamond_harbour,2026-09-19 00:00:00,2026-09-18 18:30:00,3.42686094
diamond_harbour,2026-09-19 01:00:00,2026-09-18 19:30:00,4.16522867
diamond_harbour,2026-09-19 02:00:00,2026-09-18 20:30:00,4.60001666
diamond_harbour,2026-09-19 03:00:00,2026-09-18 21:30:00,4.73159659
diamond_harbour,2026-09-19 04:00:00,2026-09-18 22:30:00,4.67033395
diamond_harbour,2026-09-19 05:00:00,2026-09-18 23:30:00,4.39986616
diamond_harbour,2026-09-19 06:00:00,2026-09-19 00:30:00,3.87789933
diamond_harbour,2026-09-19 07:00:00,2026-09-19 01:30:00,3.34916283
diamond_harbour,2026-09-19 08:00:00,2026-09-19 02:30:00,2.99532718
diamond_harbour,2026-09-19 09:00:00,2026-09-19 03:30:00,2.65723417
diamond_harbour,2026-09-19 10:00:00,2026-09-19 04:30:00,2.39942069
diamond_harbour,2026-09-19 11:00:00,2026-09-19 05:30:00,2.57456096
diamond_harbour,2026-09-19 12:00:00,2026-09-19 06:30:00,3.13671620
diamond_harbour,2026-09-19 13:00:00,2026-09-19 07:30:00,3.68721905
diamond_harbour,2026-09-19 14:00:00,2026-09-19 08:30:00,4.02340151
diamond_harbour,2026-09-19 15:00:00,2026-09-19 09:30:00,4.17375106
diamond_harbour,2026-09-19 16:00:00,2026-09-19 10:30:00,4.21096173
diamond_harbour,2026-09-19 17:00:00,2026-09-19 11:30:00,4.11522048
diamond_harbour,2026-09-19 18:00:00,2026-09-19 12:30:00,3.78147530
diamond_harbour,2026-09-19 19:00:00,2026-09-19 13:30:00,3.32030513
diamond_harbour,2026-09-19 20:00:00,2026-09-19 14:30:00,2.97613860
diamond_harbour,2026-09-19 21:00:00,2026-09-19 15:30:00,2.70700559
diamond_harbour,2026-09-19 22:00:00,2026-09-19 16:30:00,2.46352902
diamond_harbour,2026-09-19 23:00:00,2026-09-19 17:30:00,2.51944209
diamond_harbour,2026-09-20 00:00:00,2026-09-19 18:30:00,2.95886973
diamond_harbour,2026-09-20 01:00:00,2026-09-19 19:30:00,3.47951157
diamond_harbour,2026-09-20 02:00:00,2026-09-19 20:30:00,3.88504740
diamond_harbour,2026-09-20 03:00:00,2026-09-19 21:30:00,4.16233803
diamond_harbour,2026-09-20 04:00:00,2026-09-19 22:30:00,4.30023768
diamond_harbour,2026-09-20 05:00:00,2026-09-19 23:30:00,4.32042374
diamond_harbour,2026-09-20 06:00:00,2026-09-20 00:30:00,4.19149014
diamond_harbour,2026-09-20 07:00:00,2026-09-20 01:30:00,3.88441634
diamond_harbour,2026-09-20 08:00:00,2026-09-20 02:30:00,3.54933115
diamond_harbour,2026-09-20 09:00:00,2026-09-20 03:30:00,3.24982946
diamond_harbour,2026-09-20 10:00:00,2026-09-20 04:30:00,2.90422702
diamond_harbour,2026-09-20 11:00:00,2026-09-20 05:30:00,2.69358535
diamond_harbour,2026-09-20 12:00:00,2026-09-20 06:30:00,2.84298748
diamond_harbour,2026-09-20 13:00:00,2026-09-20 07:30:00,3.16542182
diamond_harbour,2026-09-20 14:00:00,2026-09-20 08:30:00,3.41195224
diamond_harbour,2026-09-20 15:00:00,2026-09-20 09:30:00,3.59520294
diamond_harbour,2026-09-20 16:00:00,2026-09-20 10:30:00,3.75636171
diamond_harbour,2026-09-20 17:00:00,2026-09-20 11:30:00,3.88630471
diamond_harbour,2026-09-20 18:00:00,2026-09-20 12:30:00,3.93660358
diamond_harbour,2026-09-20 19:00:00,2026-09-20 13:30:00,3.80091655
diamond_harbour,2026-09-20 20:00:00,2026-09-20 14:30:00,3.53257769
diamond_harbour,2026-09-20 21:00:00,2026-09-20 15:30:00,3.28150784
diamond_harbour,2026-09-20 22:00:00,2026-09-20 16:30:00,3.01769193
diamond_harbour,2026-09-20 23:00:00,2026-09-20 17:30:00,2.77716054
diamond_harbour,2026-09-21 00:00:00,2026-09-20 18:30:00,2.77490693
diamond_harbour,2026-09-21 01:00:00,2026-09-20 19:30:00,2.98841312
diamond_harbour,2026-09-21 02:00:00,2026-09-20 20:30:00,3.22605866
diamond_harbour,2026-09-21 03:00:00,2026-09-20 21:30:00,3.47763813
diamond_harbour,2026-09-21 04:00:00,2026-09-20 22:30:00,3.75003448
diamond_harbour,2026-09-21 05:00:00,2026-09-20 23:30:00,3.98891887
diamond_harbour,2026-09-21 06:00:00,2026-09-21 00:30:00,4.20498916
diamond_harbour,2026-09-21 07:00:00,2026-09-21 01:30:00,4.30768196
diamond_harbour,2026-09-21 08:00:00,2026-09-21 02:30:00,4.17173367
diamond_harbour,2026-09-21 09:00:00,2026-09-21 03:30:00,3.88968431
diamond_harbour,2026-09-21 10:00:00,2026-09-21 04:30:00,3.54567051
diamond_harbour,2026-09-21 11:00:00,2026-09-21 05:30:00,3.14127989
diamond_harbour,2026-09-21 12:00:00,2026-09-21 06:30:00,2.86410101
diamond_harbour,2026-09-21 13:00:00,2026-09-21 07:30:00,2.84451041
diamond_harbour,2026-09-21 14:00:00,2026-09-21 08:30:00,2.92043256
diamond_harbour,2026-09-21 15:00:00,2026-09-21 09:30:00,3.00609364
diamond_harbour,2026-09-21 16:00:00,2026-09-21 10:30:00,3.18351501
diamond_harbour,2026-09-21 17:00:00,2026-09-21 11:30:00,3.46018095
diamond_harbour,2026-09-21 18:00:00,2026-09-21 12:30:00,3.80090674
diamond_harbour,2026-09-21 19:00:00,2026-09-21 13:30:00,4.09048769
diamond_harbour,2026-09-21 20:00:00,2026-09-21 14:30:00,4.12547047
diamond_harbour,2026-09-21 21:00:00,2026-09-21 15:30:00,3.92701398
diamond_harbour,2026-09-21 22:00:00,2026-09-21 16:30:00,3.66062453
diamond_harbour,2026-09-21 23:00:00,2026-09-21 17:30:00,3.32240838
diamond_harbour,2026-09-22 00:00:00,2026-09-21 18:30:00,2.96331071
diamond_harbour,2026-09-22 01:00:00,2026-09-21 19:30:00,2.77357746
diamond_harbour,2026-09-22 02:00:00,2026-09-21 20:30:00,2.75540734
diamond_harbour,2026-09-22 03:00:00,2026-09-21 21:30:00,2.83350770
diamond_harbour,2026-09-22 04:00:00,2026-09-21 22:30:00,3.06231884
diamond_harbour,2026-09-22 05:00:00,2026-09-21 23:30:00,3.44289469
diamond_harbour,2026-09-22 06:00:00,2026-09-22 00:30:00,3.92600337
diamond_harbour,2026-09-22 07:00:00,2026-09-22 01:30:00,4.43855411
diamond_harbour,2026-09-22 08:00:00,2026-09-22 02:30:00,4.71665272
diamond_harbour,2026-09-22 09:00:00,2026-09-22 03:30:00,4.58914803
diamond_harbour,2026-09-22 10:00:00,2026-09-22 04:30:00,4.23215127
diamond_harbour,2026-09-22 11:00:00,2026-09-22 05:30:00,3.77817099
diamond_harbour,2026-09-22 12:00:00,2026-09-22 06:30:00,3.24194470
diamond_harbour,2026-09-22 13:00:00,2026-09-22 07:30:00,2.81609996
diamond_harbour,2026-09-22 14:00:00,2026-09-22 08:30:00,2.62080124
diamond_harbour,2026-09-22 15:00:00,2026-09-22 09:30:00,2.53845336
diamond_harbour,2026-09-22 16:00:00,2026-09-22 10:30:00,2.57482486
diamond_harbour,2026-09-22 17:00:00,2026-09-22 11:30:00,2.86471352
diamond_harbour,2026-09-22 18:00:00,2026-09-22 12:30:00,3.41254783
diamond_harbour,2026-09-22 19:00:00,2026-09-22 13:30:00,4.07909270
diamond_harbour,2026-09-22 20:00:00,2026-09-22 14:30:00,4.56599263
diamond_harbour,2026-09-22 21:00:00,2026-09-22 15:30:00,4.61761089
diamond_harbour,2026-09-22 22:00:00,2026-09-22 16:30:00,4.35690854
diamond_harbour,2026-09-22 23:00:00,2026-09-22 17:30:00,3.98710265
diamond_harbour,2026-09-23 00:00:00,2026-09-22 18:30:00,3.47877798
diamond_harbour,2026-09-23 01:00:00,2026-09-22 19:30:00,2.92391855
diamond_harbour,2026-09-23 02:00:00,2026-09-22 20:30:00,2.55989770
diamond_harbour,2026-09-23 03:00:00,2026-09-22 21:30:00,2.39743685
diamond_harbour,2026-09-23 04:00:00,2026-09-22 22:30:00,2.40432849
diamond_harbour,2026-09-23 05:00:00,2026-09-22 23:30:00,2.71534755
diamond_harbour,2026-09-23 06:00:00,2026-09-23 00:30:00,3.37691584
diamond_harbour,2026-09-23 07:00:00,2026-09-23 01:30:00,4.24095272
diamond_harbour,2026-09-23 08:00:00,2026-09-23 02:30:00,4.98779136
diamond_harbour,2026-09-23 09:00:00,2026-09-23 03:30:00,5.23402851
diamond_harbour,2026-09-23 10:00:00,2026-09-23 04:30:00,4.95773053
diamond_harbour,2026-09-23 11:00:00,2026-09-23 05:30:00,4.46217369
diamond_harbour,2026-09-23 12:00:00,2026-09-23 06:30:00,3.84476713
diamond_harbour,2026-09-23 13:00:00,2026-09-23 07:30:00,3.13435605
diamond_harbour,2026-09-23 14:00:00,2026-09-23 08:30:00,2.58608242
diamond_harbour,2026-09-23 15:00:00,2026-09-23 09:30:00,2.28408418
diamond_harbour,2026-09-23 16:00:00,2026-09-23 10:30:00,2.10292707
diamond_harbour,2026-09-23 17:00:00,2026-09-23 11:30:00,2.18635121
diamond_harbour,2026-09-23 18:00:00,2026-09-23 12:30:00,2.77731539
diamond_harbour,2026-09-23 19:00:00,2026-09-23 13:30:00,3.76132831
diamond_harbour,2026-09-23 20:00:00,2026-09-23 14:30:00,4.71406019
diamond_harbour,2026-09-23 21:00:00,2026-09-23 15:30:00,5.19157175
diamond_harbour,2026-09-23 22:00:00,2026-09-23 16:30:00,5.08841954
diamond_harbour,2026-09-23 23:00:00,2026-09-23 17:30:00,4.68508292
diamond_harbour,2026-09-24 00:00:00,2026-09-23 18:30:00,4.13724621
diamond_harbour,2026-09-24 01:00:00,2026-09-23 19:30:00,3.40611014
diamond_harbour,2026-09-24 02:00:00,2026-09-23 20:30:00,2.70179834
diamond_harbour,2026-09-24 03:00:00,2026-09-23 21:30:00,2.25550090
diamond_harbour,2026-09-24 04:00:00,2026-09-23 22:30:00,1.99489252
diamond_harbour,2026-09-24 05:00:00,2026-09-23 23:30:00,1.99567560
diamond_harbour,2026-09-24 06:00:00,2026-09-24 00:30:00,2.57617745
diamond_harbour,2026-09-24 07:00:00,2026-09-24 01:30:00,3.71082224
diamond_harbour,2026-09-24 08:00:00,2026-09-24 02:30:00,4.91512841
diamond_harbour,2026-09-24 09:00:00,2026-09-24 03:30:00,5.63624431
diamond_harbour,2026-09-24 10:00:00,2026-09-24 04:30:00,5.63576451
diamond_harbour,2026-09-24 11:00:00,2026-09-24 05:30:00,5.15386616
diamond_harbour,2026-09-24 12:00:00,2026-09-24 06:30:00,4.49705759
diamond_harbour,2026-09-24 13:00:00,2026-09-24 07:30:00,3.68789071
diamond_harbour,2026-09-24 14:00:00,2026-09-24 08:30:00,2.85620799
diamond_harbour,2026-09-24 15:00:00,2026-09-24 09:30:00,2.28016022
diamond_harbour,2026-09-24 16:00:00,2026-09-24 10:30:00,1.89921201
diamond_harbour,2026-09-24 17:00:00,2026-09-24 11:30:00,1.65743448
diamond_harbour,2026-09-24 18:00:00,2026-09-24 12:30:00,1.98043089
diamond_harbour,2026-09-24 19:00:00,2026-09-24 13:30:00,3.10708278
diamond_harbour,2026-09-24 20:00:00,2026-09-24 14:30:00,4.52713410
diamond_harbour,2026-09-24 21:00:00,2026-09-24 15:30:00,5.50685952
diamond_harbour,2026-09-24 22:00:00,2026-09-24 16:30:00,5.72905701
diamond_harbour,2026-09-24 23:00:00,2026-09-24 17:30:00,5.38941560
diamond_harbour,2026-09-25 00:00:00,2026-09-24 18:30:00,4.80851627
diamond_harbour,2026-09-25 01:00:00,2026-09-24 19:30:00,4.03971857
diamond_harbour,2026-09-25 02:00:00,2026-09-24 20:30:00,3.14174249
diamond_harbour,2026-09-25 03:00:00,2026-09-24 21:30:00,2.41493616
diamond_harbour,2026-09-25 04:00:00,2026-09-24 22:30:00,1.92658464
diamond_harbour,2026-09-25 05:00:00,2026-09-24 23:30:00,1.57152238
diamond_harbour,2026-09-25 06:00:00,2026-09-25 00:30:00,1.73153977
diamond_harbour,2026-09-25 07:00:00,2026-09-25 01:30:00,2.83727064
diamond_harbour,2026-09-25 08:00:00,2026-09-25 02:30:00,4.46629558
diamond_harbour,2026-09-25 09:00:00,2026-09-25 03:30:00,5.71588338
diamond_harbour,2026-09-25 10:00:00,2026-09-25 04:30:00,6.10924790
diamond_harbour,2026-09-25 11:00:00,2026-09-25 05:30:00,5.78686353
diamond_harbour,2026-09-25 12:00:00,2026-09-25 06:30:00,5.12523888
diamond_harbour,2026-09-25 13:00:00,2026-09-25 07:30:00,4.29521826
diamond_harbour,2026-09-25 14:00:00,2026-09-25 08:30:00,3.34036312
diamond_harbour,2026-09-25 15:00:00,2026-09-25 09:30:00,2.51831856
diamond_harbour,2026-09-25 16:00:00,2026-09-25 10:30:00,1.96195086
diamond_harbour,2026-09-25 17:00:00,2026-09-25 11:30:00,1.47644865
diamond_harbour,2026-09-25 18:00:00,2026-09-25 12:30:00,1.31652171
diamond_harbour,2026-09-25 19:00:00,2026-09-25 13:30:00,2.17650196
diamond_harbour,2026-09-25 20:00:00,2026-09-25 14:30:00,3.92817089
diamond_harbour,2026-09-25 21:00:00,2026-09-25 15:30:00,5.50429576
diamond_harbour,2026-09-25 22:00:00,2026-09-25 16:30:00,6.16304585
diamond_harbour,2026-09-25 23:00:00,2026-09-25 17:30:00,6.00928562
diamond_harbour,2026-09-26 00:00:00,2026-09-25 18:30:00,5.44876438
diamond_harbour,2026-09-26 01:00:00,2026-09-25 19:30:00,4.67361308
diamond_harbour,2026-09-26 02:00:00,2026-09-25 20:30:00,3.71828234
diamond_harbour,2026-09-26 03:00:00,2026-09-25 21:30:00,2.80200966
diamond_harbour,2026-09-26 04:00:00,2026-09-25 22:30:00,2.13451562
diamond_harbour,2026-09-26 05:00:00,2026-09-25 23:30:00,1.56449680
diamond_harbour,2026-09-26 06:00:00,2026-09-26 00:30:00,1.20870970
diamond_harbour,2026-09-26 07:00:00,2026-09-26 01:30:00,1.82252921
diamond_harbour,2026-09-26 08:00:00,2026-09-26 02:30:00,3.58178830
diamond_harbour,2026-09-26 09:00:00,2026-09-26 03:30:00,5.42296441
diamond_harbour,2026-09-26 10:00:00,2026-09-26 04:30:00,6.31767103
diamond_harbour,2026-09-26 11:00:00,2026-09-26 05:30:00,6.24744944
diamond_harbour,2026-09-26 12:00:00,2026-09-26 06:30:00,5.67523599
diamond_harbour,2026-09-26 13:00:00,2026-09-26 07:30:00,4.86535960
diamond_harbour,2026-09-26 14:00:00,2026-09-26 08:30:00,3.88204058
diamond_harbour,2026-09-26 15:00:00,2026-09-26 09:30:00,2.91400333
diamond_harbour,2026-09-26 16:00:00,2026-09-26 10:30:00,2.20431451
diamond_harbour,2026-09-26 17:00:00,2026-09-26 11:30:00,1.62069232
diamond_harbour,2026-09-26 18:00:00,2026-09-26 12:30:00,1.07706765
diamond_harbour,2026-09-26 19:00:00,2026-09-26 13:30:00,1.30346645
diamond_harbour,2026-09-26 20:00:00,2026-09-26 14:30:00,2.91534246
diamond_harbour,2026-09-26 21:00:00,2026-09-26 15:30:00,5.05964946
diamond_harbour,2026-09-26 22:00:00,2026-09-26 16:30:00,6.34292338
diamond_harbour,2026-09-26 23:00:00,2026-09-26 17:30:00,6.47148039
diamond_harbour,2026-09-27 00:00:00,2026-09-26 18:30:00,5.99382484
diamond_harbour,2026-09-27 01:00:00,2026-09-26 19:30:00,5.25438404
diamond_harbour,2026-09-27 02:00:00,2026-09-26 20:30:00,4.29532300
diamond_harbour,2026-09-27 03:00:00,2026-09-26 21:30:00,3.28021869
diamond_harbour,2026-09-27 04:00:00,2026-09-26 22:30:00,2.48178568
diamond_harbour,2026-09-27 05:00:00,2026-09-26 23:30:00,1.84469841
diamond_harbour,2026-09-27 06:00:00,2026-09-27 00:30:00,1.19273583
diamond_harbour,2026-09-27 07:00:00,2026-09-27 01:30:00,1.10076877
diamond_harbour,2026-09-27 08:00:00,2026-09-27 02:30:00,2.41668631
diamond_harbour,2026-09-27 09:00:00,2026-09-27 03:30:00,4.63609033
diamond_harbour,2026-09-27 10:00:00,2026-09-27 04:30:00,6.21435598
diamond_harbour,2026-09-27 11:00:00,2026-09-27 05:30:00,6.51353546
diamond_harbour,2026-09-27 12:00:00,2026-09-27 06:30:00,6.07107472
diamond_harbour,2026-09-27 13:00:00,2026-09-27 07:30:00,5.35306772
diamond_harbour,2026-09-27 14:00:00,2026-09-27 08:30:00,4.40408915
diamond_harbour,2026-09-27 15:00:00,2026-09-27 09:30:00,3.35841013
diamond_harbour,2026-09-27 16:00:00,2026-09-27 10:30:00,2.52187944
diamond_harbour,2026-09-27 17:00:00,2026-09-27 11:30:00,1.91405140
diamond_harbour,2026-09-27 18:00:00,2026-09-27 12:30:00,1.25881357
diamond_harbour,2026-09-27 19:00:00,2026-09-27 13:30:00,0.88437864
diamond_harbour,2026-09-27 20:00:00,2026-09-27 14:30:00,1.81349735
diamond_harbour,2026-09-27 21:00:00,2026-09-27 15:30:00,4.07508093
diamond_harbour,2026-09-27 22:00:00,2026-09-27 16:30:00,6.11338075
diamond_harbour,2026-09-27 23:00:00,2026-09-27 17:30:00,6.76325403
diamond_harbour,2026-09-28 00:00:00,2026-09-27 18:30:00,6.40809815
diamond_harbour,2026-09-28 01:00:00,2026-09-27 19:30:00,5.73384705
diamond_harbour,2026-09-28 02:00:00,2026-09-27 20:30:00,4.83433103
diamond_harbour,2026-09-28 03:00:00,2026-09-27 21:30:00,3.76461904
diamond_harbour,2026-09-28 04:00:00,2026-09-27 22:30:00,2.84912565
diamond_harbour,2026-09-28 05:00:00,2026-09-27 23:30:00,2.19662778
diamond_harbour,2026-09-28 06:00:00,2026-09-28 00:30:00,1.52628026
diamond_harbour,2026-09-28 07:00:00,2026-09-28 01:30:00,0.95419240
diamond_harbour,2026-09-28 08:00:00,2026-09-28 02:30:00,1.43912177
diamond_harbour,2026-09-28 09:00:00,2026-09-28 03:30:00,3.41772339
diamond_harbour,2026-09-28 10:00:00,2026-09-28 04:30:00,5.61945281
diamond_harbour,2026-09-28 11:00:00,2026-09-28 05:30:00,6.56225885
diamond_harbour,2026-09-28 12:00:00,2026-09-28 06:30:00,6.32372713
diamond_harbour,2026-09-28 13:00:00,2026-09-28 07:30:00,5.69976462
diamond_harbour,2026-09-28 14:00:00,2026-09-28 08:30:00,4.87659293
diamond_harbour,2026-09-28 15:00:00,2026-09-28 09:30:00,3.82218801
diamond_harbour,2026-09-28 16:00:00,2026-09-28 10:30:00,2.85688744
diamond_harbour,2026-09-28 17:00:00,2026-09-28 11:30:00,2.20567750
diamond_harbour,2026-09-28 18:00:00,2026-09-28 12:30:00,1.61792101
diamond_harbour,2026-09-28 19:00:00,2026-09-28 13:30:00,0.98881851
diamond_harbour,2026-09-28 20:00:00,2026-09-28 14:30:00,1.11148199
diamond_harbour,2026-09-28 21:00:00,2026-09-28 15:30:00,2.80732352
diamond_harbour,2026-09-28 22:00:00,2026-09-28 16:30:00,5.26885549
diamond_harbour,2026-09-28 23:00:00,2026-09-28 17:30:00,6.72633587
diamond_harbour,2026-09-29 00:00:00,2026-09-28 18:30:00,6.71568084
diamond_harbour,2026-09-29 01:00:00,2026-09-28 19:30:00,6.08869889
diamond_harbour,2026-09-29 02:00:00,2026-09-28 20:30:00,5.29911820
diamond_harbour,2026-09-29 03:00:00,2026-09-28 21:30:00,4.26362389
diamond_harbour,2026-09-29 04:00:00,2026-09-28 22:30:00,3.22107858
diamond_harbour,2026-09-29 05:00:00,2026-09-28 23:30:00,2.49947283
diamond_harbour,2026-09-29 06:00:00,2026-09-29 00:30:00,1.92582454
diamond_harbour,2026-09-29 07:00:00,2026-09-29 01:30:00,1.25799181
diamond_harbour,2026-09-29 08:00:00,2026-09-29 02:30:00,1.04419742
diamond_harbour,2026-09-29 09:00:00,2026-09-29 03:30:00,2.21717585
diamond_harbour,2026-09-29 10:00:00,2026-09-29 04:30:00,4.47513078
diamond_harbour,2026-09-29 11:00:00,2026-09-29 05:30:00,6.17797220
diamond_harbour,2026-09-29 12:00:00,2026-09-29 06:30:00,6.43952665
diamond_harbour,2026-09-29 13:00:00,2026-09-29 07:30:00,5.91820004
diamond_harbour,2026-09-29 14:00:00,2026-09-29 08:30:00,5.23645066
diamond_harbour,2026-09-29 15:00:00,2026-09-29 09:30:00,4.30630239
diamond_harbour,2026-09-29 16:00:00,2026-09-29 10:30:00,3.24720948
diamond_harbour,2026-09-29 17:00:00,2026-09-29 11:30:00,2.47104087
diamond_harbour,2026-09-29 18:00:00,2026-09-29 12:30:00,1.94679621
diamond_harbour,2026-09-29 19:00:00,2026-09-29 13:30:00,1.35903749
diamond_harbour,2026-09-29 20:00:00,2026-09-29 14:30:00,0.99843367
diamond_harbour,2026-09-29 21:00:00,2026-09-29 15:30:00,1.80059331
diamond_harbour,2026-09-29 22:00:00,2026-09-29 16:30:00,3.95263249
diamond_harbour,2026-09-29 23:00:00,2026-09-29 17:30:00,6.06817876
diamond_harbour,2026-09-30 00:00:00,2026-09-29 18:30:00,6.78047424
diamond_harbour,2026-09-30 01:00:00,2026-09-29 19:30:00,6.35407237
diamond_harbour,2026-09-30 02:00:00,2026-09-29 20:30:00,5.64578523
diamond_harbour,2026-09-30 03:00:00,2026-09-29 21:30:00,4.75874284
diamond_harbour,2026-09-30 04:00:00,2026-09-29 22:30:00,3.67332679
diamond_harbour,2026-09-30 05:00:00,2026-09-29 23:30:00,2.79642757
diamond_harbour,2026-09-30 06:00:00,2026-09-30 00:30:00,2.25042510
diamond_harbour,2026-09-30 07:00:00,2026-09-30 01:30:00,1.69938370
diamond_harbour,2026-09-30 08:00:00,2026-09-30 02:30:00,1.19998020
diamond_harbour,2026-09-30 09:00:00,2026-09-30 03:30:00,1.52984788
diamond_harbour,2026-09-30 10:00:00,2026-09-30 04:30:00,3.16131566
diamond_harbour,2026-09-30 11:00:00,2026-09-30 05:30:00,5.18954707
diamond_harbour,2026-09-30 12:00:00,2026-09-30 06:30:00,6.19929192
diamond_harbour,2026-09-30 13:00:00,2026-09-30 07:30:00,6.02588331
diamond_harbour,2026-09-30 14:00:00,2026-09-30 08:30:00,5.45596930
diamond_harbour,2026-09-30 15:00:00,2026-09-30 09:30:00,4.73331575
diamond_harbour,2026-09-30 16:00:00,2026-09-30 10:30:00,3.73839861
diamond_harbour,2026-09-30 17:00:00,2026-09-30 11:30:00,2.80744579
diamond_harbour,2026-09-30 18:00:00,2026-09-30 12:30:00,2.22610744
diamond_harbour,2026-09-30 19:00:00,2026-09-30 13:30:00,1.74712305
diamond_harbour,2026-09-30 20:00:00,2026-09-30 14:30:00,1.27049216
diamond_harbour,2026-09-30 21:00:00,2026-09-30 15:30:00,1.38420379
diamond_harbour,2026-09-30 22:00:00,2026-09-30 16:30:00,2.71638503
diamond_harbour,2026-09-30 23:00:00,2026-09-30 17:30:00,4.80839156
