state,count,average_interval_hours,event_times
High,6,12.24683102124961,"00:31, 12:34, 00:58, 13:06, 01:33, 13:45"
Low,6,12.317029006191943,"07:40, 20:09, 08:09, 20:41, 08:42, 21:15"
