state,datetime_ist,height_m,raw_datetime_ist,raw_height_m,time_correction_minutes,height_correction_m,port
Low,2026-07-01 05:54:53.090299902,1.4331649647733866,2026-07-01 05:46:44.972602578,1.5638863662878049,-8.135294955439507,0.13072140151441833,HALDIA
High,2026-07-01 11:06:38.225783298,5.802314992179387,2026-07-01 11:07:48.402045198,5.828902150963336,1.1696043649969399,0.02658715878395001,HALDIA
Low,2026-07-01 18:23:56.675373768,1.6325348313141517,2026-07-01 18:17:49.136944038,1.7356853608278713,-6.125640495468353,0.10315052951371961,HALDIA
High,2026-07-01 23:30:15.354392442,5.3161688767101,2026-07-01 23:29:03.722873616,5.34034711196586,-1.1938586471158907,0.02417823525575978,HALDIA
Low,2026-07-02 06:28:57.145782684,1.3880154271080327,2026-07-02 06:20:31.607170872,1.5443687051347341,-8.425643530201626,0.15635327802670146,HALDIA
High,2026-07-02 11:38:18.487909338,5.826018441496225,2026-07-02 11:36:04.219215984,5.8553494804082495,-2.237811555911729,0.029331038912024338,HALDIA
Low,2026-07-02 19:00:16.126199250,1.60004898626729,2026-07-02 18:51:50.234122320,1.7047297404493231,-8.431534615470294,0.10468075418203313,HALDIA
High,2026-07-03 00:00:37.618197432,5.357334384150775,2026-07-02 23:57:00.672801558,5.39232999042543,-3.615756597851091,0.03499560627465476,HALDIA
Low,2026-07-03 07:02:25.563821646,1.422806842902626,2026-07-03 06:53:22.862593074,1.5731657528770064,-9.045020476229457,0.15035890997438045,HALDIA
High,2026-07-03 12:08:40.402242750,5.793084460763104,2026-07-03 12:04:11.718068094,5.849643373332962,-4.478069577646182,0.056558912569858434,HALDIA
Low,2026-07-03 19:34:27.598890738,1.5906252341390583,2026-07-03 19:25:05.605261362,1.690344841295024,-9.366560489641754,0.09971960715596569,HALDIA
High,2026-07-04 00:30:27.815447634,5.368232331773939,2026-07-04 00:25:41.146433220,5.420826903037796,-4.7778169069137615,0.05259457126385706,HALDIA
Low,2026-07-04 07:34:48.774716136,1.520636107263049,2026-07-04 07:25:49.062474798,1.6438239296664812,-8.995204022261014,0.12318782240343218,HALDIA
High,2026-07-04 12:40:52.998297444,5.73284027358431,2026-07-04 12:34:55.431589374,5.811424534685051,-5.9594451345454065,0.07858426110074049,HALDIA
Low,2026-07-04 20:07:52.880285046,1.607522515415964,2026-07-04 19:57:50.026372596,1.686605281603593,-10.047565207507054,0.07908276618762904,HALDIA
High,2026-07-05 01:03:57.570863587,5.36531683248321,2026-07-05 00:58:42.957178849,5.4231647704114785,-5.243561412289466,0.05784793792826833,HALDIA
Low,2026-07-05 08:07:41.010854100,1.6486430530917204,2026-07-05 07:58:51.738445830,1.7456207767281102,-8.821206804466469,0.09697772363638969,HALDIA
High,2026-07-05 13:17:21.769997622,5.64722671868257,2026-07-05 13:11:07.248261672,5.7277790604443375,-6.242028932501773,0.0805523417617671,HALDIA
Low,2026-07-05 20:40:31.046224140,1.633317648813015,2026-07-05 20:30:48.208292184,1.6933993445711213,-9.71396553256111,0.06008169575810628,HALDIA
High,2026-07-06 01:43:36.661877573,5.343033998652868,2026-07-06 01:39:02.855240712,5.39145083331758,-4.563443947723803,0.0484168346647119,HALDIA
Low,2026-07-06 08:41:21.625015050,1.8236368039293078,2026-07-06 08:34:31.780061172,1.8702440348815679,-6.830749231253769,0.04660723095226,HALDIA
High,2026-07-06 13:59:11.420997174,5.530572922161112,2026-07-06 13:54:50.287421640,5.585363587153681,-4.352226258863892,0.05479066499256925,HALDIA
Low,2026-07-06 21:13:55.391091750,1.6854591548019209,2026-07-06 21:05:37.522111440,1.7207792537554194,-8.297816338477684,0.035320098953498434,HALDIA
High,2026-07-07 02:29:51.784181466,5.294542995694206,2026-07-07 02:28:28.212587106,5.3265572500716285,-1.392859906022949,0.0320142543774225,HALDIA
Low,2026-07-07 09:20:39.231855486,1.9813916369796352,2026-07-07 09:15:50.212725222,2.0145239449828036,-4.8169855044377705,0.033132308003168465,HALDIA
High,2026-07-07 14:50:41.607774864,5.349085173604688,2026-07-07 14:47:37.632361554,5.388327370619456,-3.0662568884904844,0.0392421970147688,HALDIA
Low,2026-07-07 21:52:36.543928704,1.7643002514315964,2026-07-07 21:44:58.990483110,1.7860766618208783,-7.6258907599252455,0.02177641038928201,HALDIA
High,2026-07-08 03:25:49.303422936,5.213290272202152,2026-07-08 03:27:33.695653944,5.247402009482992,1.7398705167790396,0.03411173728084024,HALDIA
Low,2026-07-08 10:11:25.602100374,2.143036713198872,2026-07-08 10:06:10.167259434,2.17127089157988,-5.25724734901332,0.028234178381007898,HALDIA
High,2026-07-08 15:54:33.189398232,5.159445358829895,2026-07-08 15:50:43.020446514,5.169854484546715,-3.836149195258636,0.010409125716819267,HALDIA
Low,2026-07-08 22:39:32.347812672,1.8689166972636149,2026-07-08 22:33:02.976693420,1.8974825282375138,-6.489518654186201,0.02856583097389901,HALDIA
High,2026-07-09 04:31:15.735219150,5.126566122555794,2026-07-09 04:36:23.056838874,5.190407265876031,5.1220269953911055,0.06384114332023658,HALDIA
Low,2026-07-09 11:17:36.103444650,2.242141936888205,2026-07-09 11:09:46.903618548,2.3109734101315125,-7.8199971017423255,0.06883147324330739,HALDIA
High,2026-07-09 17:08:52.430296530,4.970291667903488,2026-07-09 17:05:12.040096626,4.995766766275768,-3.6731699983893513,0.025475098372279875,HALDIA
Low,2026-07-09 23:44:30.661985142,1.9394012916168453,2026-07-09 23:38:13.451673312,2.0217072215798773,-6.286838530512612,0.08230592996303199,HALDIA
High,2026-07-10 05:52:48.811033452,5.13972780181647,2026-07-10 05:55:37.747339116,5.219853580815993,2.815605094407552,0.0801257789995237,HALDIA
Low,2026-07-10 12:46:45.952298748,2.2505582494004255,2026-07-10 12:37:17.961051048,2.36100931416527,-9.46652079503123,0.11045106476484448,HALDIA
High,2026-07-10 18:31:24.319999860,4.92334369812926,2026-07-10 18:27:37.943627988,4.954631788067085,-3.772939531184439,0.031288089937824816,HALDIA
Low,2026-07-11 01:20:41.205814529,1.9446243995244452,2026-07-11 01:15:02.099034335,2.03784778917374,-5.651779669923934,0.09322338964929465,HALDIA
High,2026-07-11 07:17:46.881559968,5.312402067650032,2026-07-11 07:15:33.889543626,5.405118937221973,-2.216533605710709,0.0927168695719407,HALDIA
Low,2026-07-11 14:27:46.118228299,2.095910740922868,2026-07-11 14:19:43.769336431,2.2178785894068835,-8.03914819778078,0.12196784848401565,HALDIA
High,2026-07-11 19:47:34.498989294,5.039351296640862,2026-07-11 19:44:52.560425004,5.08211870854071,-2.6989760714631092,0.04276741189984771,HALDIA
Low,2026-07-12 02:49:22.296946026,1.7608814935113286,2026-07-12 02:43:42.692482842,1.8608709486662753,-5.660074386355243,0.09998945515494677,HALDIA
High,2026-07-12 08:25:38.931368922,5.59662461160071,2026-07-12 08:22:40.017126012,5.704565549679508,-2.9819040484862773,0.10794093807879786,HALDIA
Low,2026-07-12 15:44:10.658751738,1.8408915027502224,2026-07-12 15:37:39.247934076,1.9452965870724206,-6.523513627703592,0.10440508432219808,HALDIA
High,2026-07-12 20:52:33.174932826,5.249962979999041,2026-07-12 20:51:07.067126520,5.315521988204592,-1.435130105052365,0.06555900820555095,HALDIA
Low,2026-07-13 04:00:52.706593902,1.5099322310030738,2026-07-13 03:53:30.409204812,1.6075790720682681,-7.37162315150002,0.09764684106519428,HALDIA
High,2026-07-13 09:18:50.824199508,5.912167669238975,2026-07-13 09:18:15.423973794,6.010425914895425,-0.5900037618779257,0.0982582456564504,HALDIA
Low,2026-07-13 16:46:19.062239964,1.5638618089595646,2026-07-13 16:41:43.552619814,1.6493227313041952,-4.591827002457591,0.08546092234463055,HALDIA
High,2026-07-13 21:48:16.514980068,5.491242956710541,2026-07-13 21:48:00.708438120,5.567622784130048,-0.26344236580953495,0.07637982741950727,HALDIA
Low,2026-07-14 05:00:08.055545250,1.2525069222497596,2026-07-14 04:53:24.881488398,1.3655712303941088,-6.719567614235196,0.11306430814434923,HALDIA
High,2026-07-14 10:03:57.659389188,6.183238413910607,2026-07-14 10:06:35.773311168,6.245387006528903,2.635232033036605,0.06214859261829524,HALDIA
Low,2026-07-14 17:41:40.116922836,1.298027979358104,2026-07-14 17:36:36.949585164,1.3893280056792496,-5.052788961225925,0.09130002632114557,HALDIA
High,2026-07-14 22:36:23.157157116,5.720009525376663,2026-07-14 22:37:39.248186058,5.771552710408603,1.2681838157160303,0.051543185031939345,HALDIA
Low,2026-07-15 05:51:38.908575264,1.045643825552936,2026-07-15 05:45:07.093136370,1.1956843979323608,-6.53025731486259,0.15004057237942503,HALDIA
High,2026-07-15 10:46:45.266706378,6.339981505311194,2026-07-15 10:50:14.394360300,6.371899830599152,3.4854608986513704,0.031918325287958606,HALDIA
Low,2026-07-15 18:29:52.683787944,1.1223551810564378,2026-07-15 18:24:19.864360764,1.210800759962268,-5.546990452970732,0.08844557890583037,HALDIA
High,2026-07-15 23:19:34.063180098,5.866911122971865,2026-07-15 23:21:56.167909032,5.891525063006004,2.368412148909753,0.02461394003413863,HALDIA
Low,2026-07-16 06:37:26.301908478,0.974286532223257,2026-07-16 06:30:08.729160456,1.137529061940018,-7.292879133665378,0.16324252971676106,HALDIA
High,2026-07-16 11:29:54.662807473,6.357125922834203,2026-07-16 11:30:44.855178355,6.381427926977839,0.8365395147344957,0.024302004143635977,HALDIA
Low,2026-07-16 19:13:01.534645800,1.0438717400141422,2026-07-16 19:06:23.689916028,1.1421399426162495,-6.630745496160218,0.09826820260210722,HALDIA
High,2026-07-17 00:03:49.719759468,5.914463495502152,2026-07-17 00:02:39.528576234,5.919830677493401,-1.1698530539195215,0.005367181991249635,HALDIA
Low,2026-07-17 07:18:30.165964152,1.0379386174300167,2026-07-17 07:09:58.590355716,1.197033197326399,-8.52626014058201,0.1590945798963824,HALDIA
High,2026-07-17 12:12:13.729522830,6.258175924451303,2026-07-17 12:09:25.887075930,6.282592890189297,-2.7973741150008986,0.024416965737993623,HALDIA
Low,2026-07-17 19:52:17.517167658,1.0790818052741449,2026-07-17 19:43:48.460250568,1.1875506682724446,-8.484281951480328,0.10846886299829976,HALDIA
High,2026-07-18 00:46:18.270785388,5.867529551497194,2026-07-18 00:41:33.786747600,5.864302746882864,-4.741400629768227,-0.003226804614329508,HALDIA
Low,2026-07-18 07:55:06.863451341,1.1981495345500752,2026-07-18 07:45:36.065827182,1.3510084451081252,-9.513293735991327,0.15285891055804998,HALDIA
High,2026-07-18 12:53:05.545201632,6.063172395593273,2026-07-18 12:47:41.723479176,6.090435612877167,-5.397028707606606,0.02726321728389417,HALDIA
Low,2026-07-18 20:26:27.648569856,1.2204190916618454,2026-07-18 20:17:04.427231448,1.328046707803304,-9.387022306793813,0.1076276161414587,HALDIA
High,2026-07-19 01:25:51.499677780,5.724549779253283,2026-07-19 01:20:24.846653742,5.735381029566032,-5.444217067263409,0.010831250312748618,HALDIA
Low,2026-07-19 08:27:19.057307580,1.4289320520481532,2026-07-19 08:17:46.217858850,1.564258164785404,-9.547324145532011,0.13532611273725068,HALDIA
High,2026-07-19 13:33:13.304053512,5.763479520007035,2026-07-19 13:27:04.335049728,5.8204666851990225,-6.149483396422754,0.0569871651919879,HALDIA
Low,2026-07-19 20:56:04.383570738,1.4397470983940674,2026-07-19 20:46:28.617375222,1.5306814603339787,-9.596103258644195,0.09093436193991113,HALDIA
High,2026-07-20 02:05:26.967536244,5.52371330443804,2026-07-20 02:01:02.692463838,5.541187777069153,-4.404584540103311,0.017474472631112733,HALDIA
Low,2026-07-20 08:56:47.139210054,1.7394066424322088,2026-07-20 08:47:57.415589010,1.808053838661562,-8.828727017366791,0.06864719622935325,HALDIA
High,2026-07-20 14:13:30.915324534,5.451461412591733,2026-07-20 14:09:07.956833310,5.489320093466785,-4.382641520409345,0.03785868087505097,HALDIA
Low,2026-07-20 21:22:46.317393036,1.7223093047277673,2026-07-20 21:13:11.377469124,1.7636064054383906,-9.582332065235523,0.04129710071062327,HALDIA
High,2026-07-21 02:44:07.432229970,5.291159629601995,2026-07-21 02:45:21.947329704,5.2923298394271905,1.2419183289477118,0.0011702098251953914,HALDIA
Low,2026-07-21 09:23:08.411604126,2.0573634117718482,2026-07-21 09:19:45.400739982,2.070678322336444,-3.38351440243283,0.013314910564595907,HALDIA
High,2026-07-21 14:54:38.127609288,5.13489636974504,2026-07-21 14:55:35.312550684,5.119478376366925,0.9530823565659702,-0.01541799337811497,HALDIA
Low,2026-07-21 21:48:50.486388624,1.9984819397013136,2026-07-21 21:41:35.280506286,2.011246536187418,-7.253431372271621,0.012764596486104268,HALDIA
High,2026-07-22 03:26:15.545311494,5.037265469410546,2026-07-22 03:35:46.275481524,5.012045696606427,9.512169500529895,-0.02521977280411793,HALDIA
Low,2026-07-22 09:58:48.557019378,2.3383882341821383,2026-07-22 09:58:37.293561018,2.3478279102752992,-0.18772430603680307,0.009439676093161067,HALDIA
High,2026-07-22 15:44:14.829886530,4.77852452777233,2026-07-22 15:49:15.727928286,4.745454076499677,5.01496736261973,-0.033070451272652526,HALDIA
Low,2026-07-22 22:24:44.085764952,2.2432481076933866,2026-07-22 22:19:04.467518706,2.268965017584981,-5.660304104055134,0.02571690989159463,HALDIA
High,2026-07-23 04:26:11.321641422,4.754897420459383,2026-07-23 04:37:06.945885930,4.750518203485455,10.927070741775609,-0.004379216973927938,HALDIA
Low,2026-07-23 10:55:07.825790310,2.6187072804651916,2026-07-23 10:51:15.503551638,2.6103264214619255,-3.8720373112320994,-0.008380859003266173,HALDIA
High,2026-07-23 16:51:40.218075936,4.446733681756418,2026-07-23 16:56:57.035444724,4.427648641494257,5.280289479838688,-0.01908504026215992,HALDIA
Low,2026-07-23 23:23:54.790522086,2.4751213169713155,2026-07-23 23:16:47.997821814,2.5006669871584593,-7.11321167116548,0.025545670187143647,HALDIA
High,2026-07-24 05:50:39.876011490,4.611528212564487,2026-07-24 05:58:48.585209712,4.614809628115308,8.145153303666635,0.0032814155508213046,HALDIA
Low,2026-07-24 12:27:42.109049070,2.6879217162895213,2026-07-24 12:16:14.558359092,2.765170086961051,-11.459178166330114,0.07724837067152986,HALDIA
High,2026-07-24 18:23:11.088809016,4.301290973871831,2026-07-24 18:26:38.188080222,4.282979090625893,3.4516545200515716,-0.018311883245938514,HALDIA
Low,2026-07-25 01:12:22.708916580,2.4152246332493004,2026-07-25 01:08:17.653257630,2.5606642533105277,-4.084260982460451,0.14543962006122715,HALDIA
High,2026-07-25 07:18:57.332797296,4.73354052422569,2026-07-25 07:27:16.720656804,4.733031090949052,8.32313099181507,-0.0005094332766379315,HALDIA
Low,2026-07-25 14:20:35.370179082,2.4486114139985835,2026-07-25 14:11:35.546880834,2.6555551741085006,-8.99705497075454,0.2069437601099172,HALDIA
High,2026-07-25 19:49:38.420363088,4.426077500663811,2026-07-25 19:52:32.543509344,4.395282325550737,2.902052437642111,-0.030795175113073437,HALDIA
Low,2026-07-26 02:34:08.067341070,2.185238236364954,2026-07-26 02:30:19.264220280,2.3755388485460136,-3.81338534646805,0.19030061218105973,HALDIA
High,2026-07-26 08:21:48.968185602,5.038876927682832,2026-07-26 08:29:24.488327214,5.022638948081962,7.59200236018672,-0.016237979600870322,HALDIA
Low,2026-07-26 15:26:56.728417686,2.2120333846479836,2026-07-26 15:19:08.740067052,2.409216305183158,-7.799805843856471,0.19718292053517464,HALDIA
High,2026-07-26 20:51:32.258167290,4.683918162286745,2026-07-26 20:53:29.339518476,4.660423021320077,1.9513558531171202,-0.023495140966668583,HALDIA
Low,2026-07-27 03:33:52.009316832,1.9425723948164175,2026-07-27 03:27:47.498035230,2.123810847963475,-6.075188026677684,0.18123845314705772,HALDIA
High,2026-07-27 09:10:24.920073360,5.336810636625299,2026-07-27 09:13:41.906283714,5.34707420890004,3.2831035059357028,0.01026357227474021,HALDIA
Low,2026-07-27 16:18:06.449287266,1.9897429976767373,2026-07-27 16:11:37.860901860,2.143577333467517,-6.476473090144459,0.15383433579077993,HALDIA
High,2026-07-27 21:35:27.858270348,4.976542061247427,2026-07-27 21:37:51.631515756,4.96856767643788,2.3962207567780514,-0.00797438480954682,HALDIA
Low,2026-07-28 04:24:51.449280144,1.7364096669103464,2026-07-28 04:17:15.025025544,1.8691179309806178,-7.6070709100158735,0.1327082640702714,HALDIA
High,2026-07-28 09:47:31.483898976,5.640562723133033,2026-07-28 09:49:40.224449640,5.642479968081288,2.1456758444408868,0.0019172449482553783,HALDIA
Low,2026-07-28 17:01:52.990403160,1.7532623831621317,2026-07-28 16:56:13.914860034,1.8935609958294,-5.651259052051641,0.1402986126672684,HALDIA
High,2026-07-28 22:10:35.262186288,5.255140849590471,2026-07-28 22:13:19.091796150,5.260439419229976,2.730493497736256,0.005298569639505385,HALDIA
Low,2026-07-29 05:09:35.526888102,1.476665240880418,2026-07-29 05:01:11.215417764,1.6414786322157817,-8.405191172313128,0.16481339133536368,HALDIA
High,2026-07-29 10:17:21.272636502,5.874947668672062,2026-07-29 10:21:16.814654946,5.878477645092142,3.9257003074092696,0.0035299764200793895,HALDIA
Low,2026-07-29 17:41:12.211863895,1.5086836829368095,2026-07-29 17:35:44.688524557,1.6772934840569906,-5.458722322328851,0.1686098011201811,HALDIA
High,2026-07-29 22:41:21.613523994,5.499940259173797,2026-07-29 22:43:49.257134592,5.504273880061466,2.4607268433253466,0.004333620887669258,HALDIA
Low,2026-07-30 05:48:35.164122864,1.2569475111472694,2026-07-30 05:40:38.587126236,1.4663317322458216,-7.942949943827665,0.20938422109855223,HALDIA
High,2026-07-30 10:45:41.905374006,6.069744633348118,2026-07-30 10:50:04.496456682,6.042848353633165,4.376518044621468,-0.02689627971495314,HALDIA
Low,2026-07-30 18:18:34.784279022,1.3245947202387118,2026-07-30 18:11:46.387052502,1.507344647870886,-6.806620441968384,0.18274992763217432,HALDIA
High,2026-07-30 23:09:43.781916486,5.7203212379920965,2026-07-30 23:11:09.384711462,5.6877205731105285,1.4267132496480415,-0.032600664881568056,HALDIA
Low,2026-07-31 06:24:48.582453966,1.1430642878653836,2026-07-31 06:16:39.933225102,1.3632359665976406,-8.14415381442252,0.22017167873225701,HALDIA
High,2026-07-31 11:15:59.536523118,6.179167671603788,2026-07-31 11:16:48.740497944,6.137468385629948,0.8200662470896501,-0.04169928597384055,HALDIA
Low,2026-07-31 18:53:02.154940554,1.2406524213237795,2026-07-31 18:45:09.491941410,1.3917167064690832,-7.877716652449597,0.1510642851453036,HALDIA
High,2026-07-31 23:37:13.714630698,5.84099888961105,2026-07-31 23:36:33.619371474,5.814208988190384,-0.668254320437937,-0.026789901420665764,HALDIA
Low,2026-08-01 06:59:48.104968458,1.1334421494079359,2026-08-01 06:50:03.268801470,1.338858612272576,-9.747269449812887,0.2054164628646403,HALDIA
High,2026-08-01 11:45:29.345065254,6.2005356791453305,2026-08-01 11:42:48.290119626,6.1706202173844416,-2.6842490937933716,-0.029915461760889172,HALDIA
Low,2026-08-01 19:26:13.501103178,1.1773747047985135,2026-08-01 19:16:17.970614016,1.3323865795255478,-9.925508152728304,0.1550118747270344,HALDIA
High,2026-08-02 00:05:21.446548301,5.894063014067111,2026-08-02 00:02:17.637814884,5.891177568929251,-3.0634788903001087,-0.002885445137859931,HALDIA
Low,2026-08-02 07:30:53.625384372,1.1794733618259705,2026-08-02 07:21:24.005674704,1.3846113045000485,-9.493661827814572,0.20513794267407798,HALDIA
High,2026-08-02 12:15:16.384462074,6.118039059554276,2026-08-02 12:10:40.545573132,6.142434956634926,-4.597314815718976,0.024395897080649497,HALDIA
Low,2026-08-02 19:56:03.215657904,1.1670900023936401,2026-08-02 19:45:29.828183004,1.325880628429766,-10.556457915047147,0.15879062603612573,HALDIA
High,2026-08-03 00:36:12.848132574,5.865069717339243,2026-08-03 00:31:41.661841536,5.912716248716066,-4.5197715173128685,0.047646531376822586,HALDIA
Low,2026-08-03 08:00:53.579895942,1.2973521567585045,2026-08-03 07:51:25.882558812,1.483525424215622,-9.461622285513156,0.1861732674571174,HALDIA
High,2026-08-03 12:48:48.356221608,5.969692226127399,2026-08-03 12:43:18.609551376,6.037163301189562,-5.495777837230138,0.06747107506216339,HALDIA
Low,2026-08-03 20:24:17.992780404,1.2105303330479351,2026-08-03 20:13:25.223406438,1.3687388816691015,-10.879489566106368,0.15820854862116634,HALDIA
High,2026-08-04 01:11:58.378902371,5.806039336700184,2026-08-04 01:07:26.917588320,5.857598552820589,-4.524355234172382,0.051559216120404594,HALDIA
Low,2026-08-04 08:29:48.171704208,1.4817648698792911,2026-08-04 08:21:38.561666772,1.624234466373889,-8.16016729061636,0.14246959649459798,HALDIA
High,2026-08-04 13:27:48.875031090,5.765968116780176,2026-08-04 13:22:45.280637952,5.835793911661543,-5.059906552305924,0.06982579488136793,HALDIA
Low,2026-08-04 20:51:32.008872732,1.3503818775820104,2026-08-04 20:41:48.644629134,1.4663009407614633,-9.722737393343879,0.11591906317945297,HALDIA
High,2026-08-05 01:54:09.548011236,5.668674929403578,2026-08-05 01:51:19.979190906,5.707634456837937,-2.82614700549573,0.03895952743435817,HALDIA
Low,2026-08-05 08:59:06.853048542,1.7515741324315468,2026-08-05 08:54:58.881097008,1.8113893465591626,-4.132865858886148,0.05981521412761583,HALDIA
High,2026-08-05 14:14:08.082380922,5.492012386489293,2026-08-05 14:10:38.043477324,5.536704683598995,-3.500648393335317,0.04469229710970196,HALDIA
Low,2026-08-05 21:22:16.624231872,1.5802698127495842,2026-08-05 21:14:05.210172498,1.6355045038864184,-8.190234322929168,0.05523469113683427,HALDIA
High,2026-08-06 02:45:04.561722960,5.436673782134218,2026-08-06 02:44:52.802002836,5.467304237990095,-0.19599533537448938,0.03063045585587707,HALDIA
Low,2026-08-06 09:38:38.577782280,2.0320024093130145,2026-08-06 09:36:02.614126392,2.0566762338384015,-2.5993942648083648,0.02467382452538715,HALDIA
High,2026-08-06 15:11:18.476971854,5.161995915483246,2026-08-06 15:08:50.228979906,5.16720859999078,-2.470799865760795,0.005212684507534578,HALDIA
Low,2026-08-06 22:03:00.282446406,1.8579768411988067,2026-08-06 21:55:36.639424788,1.8872872281961919,-7.394050360276881,0.02931038699738519,HALDIA
High,2026-08-07 03:47:17.415469350,5.160569200032501,2026-08-07 03:50:48.636550032,5.176439342042708,3.5203513447440664,0.015870142010206437,HALDIA
Low,2026-08-07 10:35:10.468069014,2.3095358150763836,2026-08-07 10:31:42.082653414,2.34245163064542,-3.473090260029044,0.03291581556903622,HALDIA
High,2026-08-07 16:26:35.393453304,4.815780671273142,2026-08-07 16:23:17.597386554,4.795607948184802,-3.296601112519214,-0.020172723088340345,HALDIA
Low,2026-08-07 23:02:53.893670238,2.114462325907119,2026-08-07 22:56:51.684037110,2.1800097571704686,-6.036827218793796,0.06554743126334937,HALDIA
High,2026-08-08 05:15:30.545346762,4.955797530769506,2026-08-08 05:21:18.186185640,4.958005301958982,5.79401398134838,0.0022077711894764804,HALDIA
Low,2026-08-08 12:11:23.506576801,2.4637923209532047,2026-08-08 12:01:56.234605933,2.557464867635364,-9.454532847764776,0.09367254668215942,HALDIA
High,2026-08-08 18:11:20.841480366,4.6641921886522635,2026-08-08 18:08:09.083234418,4.608777202943573,-3.195970765842825,-0.055414985708690356,HALDIA
Low,2026-08-09 00:57:43.663094412,2.1755053325912685,2026-08-09 00:52:32.114826174,2.312780886728372,-5.192471137329621,0.13727555413710338,HALDIA
High,2026-08-09 07:08:06.225576084,5.0986776122983795,2026-08-09 07:06:27.986407080,5.077157007519687,-1.6373194833552631,-0.021520604778692446,HALDIA
Low,2026-08-09 14:25:28.057127160,2.243976943079049,2026-08-09 14:15:45.550581348,2.409470105179595,-9.708442430219216,0.16549316210054613,HALDIA
High,2026-08-09 19:50:02.073130110,4.857554293931326,2026-08-09 19:44:29.537712942,4.802432180046528,-5.542256952769108,-0.055122113884797076,HALDIA
Low,2026-08-10 02:47:06.574499790,1.9272351223475643,2026-08-10 02:38:00.388142886,2.0665890345059634,-9.103105948375838,0.13935391215839918,HALDIA
High,2026-08-10 08:25:49.573677972,5.471501152064766,2026-08-10 08:20:34.418927394,5.475982336492298,-5.252579176292054,0.004481184427532026,HALDIA
Low,2026-08-10 15:47:44.559281472,1.862151972821285,2026-08-10 15:38:06.922286280,2.0018311783465825,-9.627283253217318,0.1396792055252976,HALDIA
High,2026-08-10 20:57:11.238980448,5.212146511482356,2026-08-10 20:53:20.934359598,5.202489122351003,-3.838410347546167,-0.009657389131352516,HALDIA
Low,2026-08-11 04:02:42.444404574,1.5658605096953013,2026-08-11 03:51:45.951909240,1.688865890433155,-10.941541588909875,0.12300538073785361,HALDIA
High,2026-08-11 09:18:25.179821286,5.873743956926194,2026-08-11 09:14:52.414967766,5.9068732992560635,-3.546080891955725,0.033129342329869235,HALDIA
Low,2026-08-11 16:47:11.871886770,1.420808797774845,2026-08-11 16:39:39.659629356,1.5553345507938245,-7.536870956938498,0.13452575301897954,HALDIA
High,2026-08-11 21:49:35.833955970,5.575941223793782,2026-08-11 21:46:19.657853958,5.620566684420604,-3.2696017002101394,0.04462546062682153,HALDIA
Low,2026-08-12 04:59:53.516392812,1.1715798672197115,2026-08-12 04:50:17.136991044,1.326046007611258,-9.606323362789139,0.1544661403915465,HALDIA
High,2026-08-12 09:57:47.343400872,6.209767772149106,2026-08-12 09:59:18.996186180,6.241866595885194,1.5275464218380328,0.03209882373608879,HALDIA
Low,2026-08-12 17:36:17.909083680,1.0751309760233494,2026-08-12 17:28:53.446691694,1.184121420884339,-7.40770653314574,0.10899044486098955,HALDIA
High,2026-08-12 22:27:51.327739842,5.918256248163479,2026-08-12 22:29:49.101376668,5.9550138162988,1.9628939470651343,0.03675756813532165,HALDIA
Low,2026-08-13 05:46:57.434375928,0.9602373721205331,2026-08-13 05:37:50.885520912,1.0695567938499828,-9.109147583611295,0.10931942172944972,HALDIA
High,2026-08-13 10:35:16.941879413,6.4211023197500054,2026-08-13 10:38:02.027131847,6.4308352812068135,2.7514208739445736,0.00973296145680827,HALDIA
Low,2026-08-13 18:18:33.185424492,0.8917369247937358,2026-08-13 18:10:25.686369234,0.9568689634147483,-8.124984254279665,0.06513203862101244,HALDIA
High,2026-08-13 23:05:02.864513010,6.163865606741295,2026-08-13 23:07:25.637814618,6.162683320287439,2.379555026781623,-0.0011822864538564644,HALDIA
Low,2026-08-14 06:28:15.928801008,0.8724821522634063,2026-08-14 06:18:07.447473936,0.9634129240322079,-10.141355451208016,0.09093077176880156,HALDIA
High,2026-08-14 11:11:12.632604600,6.473832342649543,2026-08-14 11:13:10.137866994,6.470419843534965,1.958421039912238,-0.003412499114577887,HALDIA
Low,2026-08-14 18:55:35.330513244,0.8368461389292403,2026-08-14 18:46:35.222134878,0.8954124077330621,-9.001806306100567,0.0585662688038218,HALDIA
High,2026-08-14 23:41:26.863049532,6.252310894114325,2026-08-14 23:41:25.303367448,6.237623052307113,-0.02599470142668061,-0.014687841807212502,HALDIA
Low,2026-08-15 07:02:33.256492872,0.9112161142081638,2026-08-15 06:53:04.549841580,1.0034885201593575,-9.478444188221662,0.09227240595119363,HALDIA
High,2026-08-15 11:48:12.252753792,6.376251417810631,2026-08-15 11:46:14.787991050,6.381172038347392,-1.9577460457112028,0.0049206205367610485,HALDIA
Low,2026-08-15 19:27:18.506845529,0.9111219011191689,2026-08-15 19:18:15.064151543,0.9797955537202134,-9.057378233082902,0.06867365260104456,HALDIA
High,2026-08-16 00:16:51.312319692,6.190430546965511,2026-08-16 00:13:30.560094360,6.191082846860725,-3.345870422159148,0.0006522998952143181,HALDIA
Low,2026-08-16 07:32:43.385435232,1.026095488557508,2026-08-16 07:23:26.926514802,1.153952166030424,-9.274315340528997,0.12785667747291599,HALDIA
High,2026-08-16 12:24:53.952217914,6.140288843191469,2026-08-16 12:18:39.050297370,6.187831342015955,-6.248365342421239,0.04754249882448664,HALDIA
Low,2026-08-16 19:54:25.224759858,1.0439346851915676,2026-08-16 19:45:29.122391364,1.162179631242164,-8.935039474907999,0.1182449460505963,HALDIA
High,2026-08-17 00:52:11.504986458,5.995984964806935,2026-08-17 00:45:18.525758298,6.0367872081707965,-6.882987136049894,0.040802243363861485,HALDIA
Low,2026-08-17 07:58:45.757816284,1.2189375866535448,2026-08-17 07:49:35.810252922,1.3690925346086043,-9.165792722696072,0.1501549479550594,HALDIA
High,2026-08-17 12:59:59.466059106,5.8424062764388545,2026-08-17 12:51:46.646129406,5.908891516694596,-8.213665494986964,0.06648524025574144,HALDIA
Low,2026-08-17 20:18:04.166930082,1.2731532070198188,2026-08-17 20:08:16.990107582,1.3885738959160203,-9.786280375015796,0.11542068889620141,HALDIA
High,2026-08-18 01:25:46.675761990,5.730382172205105,2026-08-18 01:18:37.261154892,5.786524558177361,-7.156910118269975,0.05614238597225587,HALDIA
Low,2026-08-18 08:22:29.886599118,1.5087477231769162,2026-08-18 08:13:04.313000196,1.6163803551562097,-9.42622664873426,0.10763263197929349,HALDIA
High,2026-08-18 13:34:53.367837258,5.485119588465015,2026-08-18 13:27:04.575295566,5.557719784103685,-7.81320902822024,0.07260019563866996,HALDIA
Low,2026-08-18 20:38:08.303589529,1.5547332064840855,2026-08-18 20:28:44.303053873,1.626712314504753,-9.400008927574692,0.07197910802066754,HALDIA
High,2026-08-19 02:00:21.757500726,5.405532262287379,2026-08-19 01:55:37.523082360,5.455347960496546,-4.7372403061393324,0.04981569820916632,HALDIA
Low,2026-08-19 08:44:35.438814426,1.851510325194368,2026-08-19 08:38:21.539042640,1.8934108939895251,-6.231662863055157,0.04190056879515697,HALDIA
High,2026-08-19 14:09:48.201625739,5.115866511491934,2026-08-19 14:06:14.156408244,5.150095526360271,-3.5674202915617017,0.03422901486833725,HALDIA
Low,2026-08-19 21:00:15.381737190,1.8517012147059633,2026-08-19 20:52:35.683625988,1.8857928848256436,-7.661635186728134,0.0340916701196802,HALDIA
High,2026-08-20 02:34:18.218533668,5.063993015443368,2026-08-20 02:39:14.055741456,5.069928985735851,4.93062012982276,0.005935970292482666,HALDIA
Low,2026-08-20 09:10:07.253026842,2.199732752647593,2026-08-20 09:10:48.754824336,2.213420684561111,0.6916966249432372,0.013687931913518123,HALDIA
High,2026-08-20 14:50:38.074791594,4.714962288047473,2026-08-20 14:52:06.416524542,4.711565744512439,1.4723622158447325,-0.0033965435350346283,HALDIA
Low,2026-08-20 21:29:39.422242290,2.1655948045809104,2026-08-20 21:25:13.134120840,2.189581711156163,-4.438135357487827,0.023986906575252476,HALDIA
High,2026-08-21 03:24:03.432167910,4.670598972773035,2026-08-21 03:34:52.558531068,4.677087074505392,10.818772719288573,0.006488101732357554,HALDIA
Low,2026-08-21 09:54:54.008545764,2.5939328130744226,2026-08-21 09:55:10.439378844,2.5604436425587407,0.27384721802572093,-0.033489170515681774,HALDIA
High,2026-08-21 15:45:38.813841708,4.296666014355111,2026-08-21 15:52:59.733223314,4.288681962503198,7.348656360066426,-0.00798405185191237,HALDIA
Low,2026-08-21 22:19:23.391792984,2.5316400427101438,2026-08-21 22:12:36.833939268,2.52164583683686,-6.775964228579572,-0.009994205873283705,HALDIA
High,2026-08-22 04:47:56.149793916,4.364139513747111,2026-08-22 04:59:20.637758598,4.380873209246109,11.408132744718214,0.016733695498997617,HALDIA
Low,2026-08-22 11:11:19.495940412,2.8347839297078488,2026-08-22 11:00:59.984869548,2.850186949350219,-10.325184514428749,0.015403019642370595,HALDIA
High,2026-08-22 17:33:47.601315750,4.016236747005354,2026-08-22 17:36:56.899625988,4.019529426846831,3.1549718373206774,0.003292679841477501,HALDIA
Low,2026-08-22 23:50:10.006235574,2.7109869069303207,2026-08-22 23:36:28.447207590,2.7644652051846017,-13.69265046644089,0.05347829825428089,HALDIA
High,2026-08-23 06:49:52.230751854,4.438744462263805,2026-08-23 06:56:04.780109016,4.438944640977746,6.209155952736577,0.0002001787139405329,HALDIA
Low,2026-08-23 13:46:37.353454842,2.694025428373426,2026-08-23 13:36:08.205515586,2.8572501014009557,-10.485798987580306,0.16322467302752958,HALDIA
High,2026-08-23 19:32:40.313708274,4.193995380378322,2026-08-23 19:32:21.263479440,4.1708080566770995,-0.31750381385610205,-0.023187323701221944,HALDIA
Low,2026-08-24 02:11:22.680514716,2.4061602724072,2026-08-24 02:02:45.810184662,2.6055584440957245,-8.614505500924018,0.1993981716885243,HALDIA
High,2026-08-24 08:05:42.837049938,4.802090565880983,2026-08-24 08:08:37.214477742,4.809186365821822,2.9062904634187787,0.007095799940839792,HALDIA
Low,2026-08-24 15:13:34.735652490,2.2421087402143307,2026-08-24 15:03:24.400164690,2.5022232725585414,-10.172258129954397,0.2601145323442107,HALDIA
High,2026-08-24 20:41:23.569364430,4.5856085388577785,2026-08-24 20:37:38.476850238,4.570638335501897,-3.751541903187289,-0.014970203355881739,HALDIA
Low,2026-08-25 03:21:15.835485450,1.996794549938166,2026-08-25 03:12:01.607949624,2.2407089796371364,-9.237125597096725,0.24391442969897043,HALDIA
High,2026-08-25 08:56:11.722004226,5.2162494489800935,2026-08-25 08:53:12.599388108,5.2397320685369495,-2.985376935323291,0.023482619556855776,HALDIA
Low,2026-08-25 16:07:10.989895722,1.903073679968607,2026-08-25 15:56:23.406922278,2.1118752041192015,-10.793049557389514,0.20880152415059458,HALDIA
High,2026-08-25 21:23:18.456289962,5.012432543025233,2026-08-25 21:19:27.553836624,5.017178695853045,-3.848374222329922,0.004746152827811594,HALDIA
Low,2026-08-26 04:17:29.616231552,1.7044770996153225,2026-08-26 04:04:32.962478928,1.8612210266569933,-12.944229210429915,0.15674392704167078,HALDIA
High,2026-08-26 09:32:30.017906904,5.598596590215689,2026-08-26 09:28:10.397850942,5.6388209790866055,-4.327000932733626,0.04022438887091626,HALDIA
Low,2026-08-26 16:50:02.717609490,1.5839738057315227,2026-08-26 16:39:30.299790552,1.741025037918446,-10.540296982278367,0.15705123218692332,HALDIA
High,2026-08-26 21:55:36.909454344,5.388543901299349,2026-08-26 21:52:19.821372540,5.43360221970997,-3.284801363449806,0.04505831841062062,HALDIA
Low,2026-08-27 05:00:47.312573034,1.3562090582637767,2026-08-27 04:48:35.949372726,1.5176867737329427,-12.189386671761431,0.1614777154691659,HALDIA
High,2026-08-27 09:59:52.926705558,5.908318179312937,2026-08-27 09:58:52.963303410,5.96225404772145,-0.9993900357908119,0.053935868408512465,HALDIA
Low,2026-08-27 17:27:39.684038058,1.248748654955439,2026-08-27 17:17:35.792048874,1.418533444309327,-10.064866486407302,0.1697847893538879,HALDIA
High,2026-08-27 22:21:51.278671056,5.727519467155438,2026-08-27 22:21:07.599488022,5.7795972962924065,-0.7279863839478654,0.05207782913696858,HALDIA
Low,2026-08-28 05:38:54.575598984,1.083045307888387,2026-08-28 05:27:25.442608752,1.2495514805203507,-11.485549837195322,0.16650617263196357,HALDIA
High,2026-08-28 10:26:07.796007402,6.1451792745164555,2026-08-28 10:27:03.265515720,6.187000454803617,0.9244918052938644,0.041821180287161884,HALDIA
Low,2026-08-28 18:03:40.128598674,1.0260648697847181,2026-08-28 17:52:34.128697938,1.1700599063902248,-11.09999834556701,0.14399503660550667,HALDIA
High,2026-08-28 22:46:44.847458496,5.993805286932217,2026-08-28 22:47:26.501319948,6.036219728995033,0.6942310241785626,0.04241444206281608,HALDIA
Low,2026-08-29 06:14:44.359006932,0.9388147210288001,2026-08-29 06:02:51.267173784,1.084871555720641,-11.884863885827446,0.1460568346918408,HALDIA
High,2026-08-29 10:51:52.867820118,6.285157128642208,2026-08-29 10:53:25.763136444,6.308878554934072,1.548255272089825,0.023721426291864432,HALDIA
Low,2026-08-29 18:36:36.403291482,0.9012264023051313,2026-08-29 18:25:11.907079164,1.0156076206759204,-11.40827020531842,0.1143812183707891,HALDIA
High,2026-08-29 23:11:59.611249014,6.171494127463461,2026-08-29 23:12:12.928525266,6.201921671991699,0.2219546042171281,0.030427544528237642,HALDIA
Low,2026-08-30 06:47:39.317600802,0.9038584305480241,2026-08-30 06:35:48.382162080,1.033501276296298,-11.848923978702087,0.12964284574827398,HALDIA
High,2026-08-30 11:19:41.546259336,6.300794894652004,2026-08-30 11:19:12.597685350,6.335261929223324,-0.48247623314698374,0.034467034571320034,HALDIA
Low,2026-08-30 19:08:02.649559998,0.8418969463055592,2026-08-30 18:55:47.136319314,0.9634449717306613,-12.258554011397411,0.12154802542510217,HALDIA
High,2026-08-30 23:38:59.460155796,6.235828280872979,2026-08-30 23:37:18.271018506,6.279599499786608,-1.6864856214966477,0.04377121891362898,HALDIA
Low,2026-08-31 07:18:33.429340255,0.9590536183300169,2026-08-31 07:06:44.660727163,1.0863966358561072,-11.812810218222694,0.1273430175260904,HALDIA
High,2026-08-31 11:50:08.244720276,6.216493007234111,2026-08-31 11:46:43.853753808,6.269320615503595,-3.4065161077820263,0.05282760826948405,HALDIA
Low,2026-08-31 19:36:42.910129536,0.8830050725483027,2026-08-31 19:24:29.941329522,1.0081748486643833,-12.21614666688879,0.12516977611608054,HALDIA
High,2026-09-01 00:10:13.452922422,6.190607756330295,2026-09-01 00:05:34.039211244,6.258877391018196,-4.656895186286995,0.0682696346879007,HALDIA
Low,2026-09-01 07:47:15.148439448,1.0730972580925637,2026-09-01 07:36:07.041156516,1.2242883560168865,-11.135121382242056,0.15119109792432273,HALDIA
High,2026-09-01 12:25:08.611036667,6.01282665948943,2026-09-01 12:18:37.850846496,6.1006017758501265,-6.512669836206774,0.08777511636069706,HALDIA
Low,2026-09-01 20:03:11.027981046,1.0104519192275592,2026-09-01 19:51:46.561514148,1.1369601346856177,-11.407774448251839,0.12650821545805865,HALDIA
High,2026-09-02 00:45:49.082940252,6.0305350801607105,2026-09-02 00:39:30.325503756,6.115514643358302,-6.312623941592722,0.08497956319759124,HALDIA
Low,2026-09-02 08:14:22.732894920,1.3171474689997913,2026-09-02 08:04:58.421930796,1.4322056276572814,-9.405182735364544,0.11505815865749022,HALDIA
High,2026-09-02 13:04:43.804475964,5.7219001581582365,2026-09-02 12:57:00.797750526,5.815752561811134,-7.716778757327137,0.09385240365289801,HALDIA
Low,2026-09-02 20:28:58.476608004,1.2554952601324758,2026-09-02 20:19:03.161616444,1.3418948092421998,-9.921916525959668,0.0863995491097241,HALDIA
High,2026-09-03 01:27:56.606199420,5.755256118336814,2026-09-03 01:21:13.381985952,5.833304977800002,-6.72040355780572,0.07804885946318782,HALDIA
Low,2026-09-03 08:40:44.196878946,1.7027551570212778,2026-09-03 08:35:55.702363896,1.7097062917546446,-4.808241917461792,0.0069511347333667765,HALDIA
High,2026-09-03 13:50:17.734480073,5.365595926899502,2026-09-03 13:44:02.044128503,5.418407711977294,-6.261505859472268,0.05281178507779213,HALDIA
Low,2026-09-03 20:56:31.395643614,1.6326075805466846,2026-09-03 20:49:42.068573982,1.6276375909137997,-6.822117827237394,-0.00496998963288498,HALDIA
High,2026-09-04 02:17:37.662377958,5.37975262556092,2026-09-04 02:13:34.770539466,5.429183121543112,-4.048197308235364,0.04943049598219133,HALDIA
Low,2026-09-04 09:14:06.830839026,2.0828094051025556,2026-09-04 09:14:11.728729734,2.06144321636138,0.08163151176413468,-0.021366188741175497,HALDIA
High,2026-09-04 14:45:57.387767742,4.968411127275406,2026-09-04 14:43:05.258448618,4.943368665954924,-2.868821985394205,-0.025042461320481955,HALDIA
Low,2026-09-04 21:34:44.895852192,2.0164032693827503,2026-09-04 21:29:53.692908180,1.99612057457855,-4.853382400171604,-0.020282694804200162,HALDIA
High,2026-09-05 03:19:31.711825692,4.998227821081247,2026-09-05 03:22:17.999150352,4.971979288317719,2.7714554109873317,-0.026248532763528128,HALDIA
Low,2026-09-05 10:08:22.858531080,2.5003570990939528,2026-09-05 10:09:40.755290376,2.4539080308574053,1.298279321566395,-0.046449068236547646,HALDIA
High,2026-09-05 16:04:40.840130940,4.553365504749992,2026-09-05 16:05:40.538771910,4.483720520003206,0.994977349466293,-0.06964498474678646,HALDIA
Low,2026-09-05 22:39:05.410267566,2.3896371481971994,2026-09-05 22:34:04.577885256,2.3905690669309547,-5.013873038528652,0.0009319187337554141,HALDIA
High,2026-09-06 05:11:05.131767294,4.732447060872947,2026-09-06 05:10:59.610880134,4.660624034867574,-0.09201478599302237,-0.07182302600537273,HALDIA
Low,2026-09-06 12:30:45.434047248,2.620136289905998,2026-09-06 12:22:49.650315648,2.6854533206120066,-7.929728859979603,0.0653170307060088,HALDIA
High,2026-09-06 18:21:03.311628342,4.446732708263176,2026-09-06 18:14:59.490008892,4.354942762548406,-6.063693657526022,-0.09178994571477023,HALDIA
Low,2026-09-07 01:16:31.148154175,2.322218670324571,2026-09-07 01:08:51.468520375,2.468651416191104,-7.661327229987222,0.1464327458665335,HALDIA
High,2026-09-07 07:14:11.153555010,4.949638159622678,2026-09-07 07:09:51.769260216,4.883976069157605,-4.323071579887523,-0.06566209046507325,HALDIA
Low,2026-09-07 14:35:01.583068831,2.1414996332636638,2026-09-07 14:24:44.927961031,2.3039039528330236,-10.277585129994517,0.16240431956936002,HALDIA
High,2026-09-07 19:59:25.360262160,4.838847209626342,2026-09-07 19:50:48.851055876,4.7334850319284545,-8.608486771353801,-0.10536217769788774,HALDIA
Low,2026-09-08 02:53:29.204445024,1.9018888041777533,2026-09-08 02:42:19.573162878,2.0544527395279335,-11.160521369074669,0.1525639353501803,HALDIA
High,2026-09-08 08:26:05.947555638,5.390240959546637,2026-09-08 08:18:20.139573120,5.3777326292484435,-7.763466375314055,-0.012508330298193504,HALDIA
Low,2026-09-08 15:43:54.842165136,1.6779412755695735,2026-09-08 15:33:00.476816592,1.7767662354049758,-10.906089142409389,0.09882495983540227,HALDIA
High,2026-09-08 20:59:03.892659582,5.289475736836562,2026-09-08 20:51:45.454664694,5.266836525152167,-7.307299914815599,-0.0226392116843955,HALDIA
Low,2026-09-09 03:59:14.992145568,1.5229157181806916,2026-09-09 03:47:31.354620786,1.5796469082812705,-11.727292079651999,0.056731190100579,HALDIA
High,2026-09-09 09:11:21.844603644,5.837514820625436,2026-09-09 09:06:26.197892934,5.83828057103807,-4.927445178477527,0.0007657504126341788,HALDIA
Low,2026-09-09 16:34:34.507250784,1.254383788821006,2026-09-09 16:25:34.429357848,1.2993048734732027,-9.001298215606875,0.044921084652196644,HALDIA
High,2026-09-09 21:39:46.077559860,5.766536505899218,2026-09-09 21:37:05.178742566,5.75860928355869,-2.6816469548851116,-0.007927222340528044,HALDIA
Low,2026-09-10 04:48:26.407165488,1.1395549729846688,2026-09-10 04:38:56.343614862,1.1794779599499794,-9.50105917711677,0.03992298696531053,HALDIA
High,2026-09-10 09:45:24.624496830,6.157138755376302,2026-09-10 09:45:49.319457630,6.162741293497467,0.41158268003296267,0.005602538121164856,HALDIA
Low,2026-09-10 17:17:17.219989290,0.9471451434822327,2026-09-10 17:09:04.792403952,0.9593080983465017,-8.207126422299867,0.012162954864268957,HALDIA
High,2026-09-10 22:12:00.463853472,6.143696911295552,2026-09-10 22:14:17.803728504,6.121710618367672,2.288997917213851,-0.021986292927880673,HALDIA
Low,2026-09-11 05:31:18.843855108,0.9231075462124361,2026-09-11 05:21:30.703960104,0.9243606604120158,-9.802331583395254,0.001253114199579753,HALDIA
High,2026-09-11 10:17:09.683599830,6.350962070826333,2026-09-11 10:20:25.194547224,6.325327779569852,3.2585157898535106,-0.02563429125648119,HALDIA
Low,2026-09-11 17:56:37.493780160,0.7856324141972201,2026-09-11 17:46:40.491079884,0.7946868970120329,-9.950045004562028,0.009054482814812765,HALDIA
High,2026-09-11 22:44:05.911528530,6.373217776497045,2026-09-11 22:46:46.848046422,6.325933408077898,2.6822752982043094,-0.04728436841914702,HALDIA
Low,2026-09-12 06:08:02.022386346,0.8405049452259905,2026-09-12 05:58:04.199739612,0.8370823841903547,-9.96371077893686,-0.003422561035635792,HALDIA
High,2026-09-12 10:49:04.335875718,6.387706197789686,2026-09-12 10:52:03.912628752,6.3404102815057435,2.992945883855826,-0.04729591628394257,HALDIA
Low,2026-09-12 18:29:16.057376706,0.7944539927290248,2026-09-12 18:19:41.126973960,0.7982081438435528,-9.582173379050255,0.003754151114527941,HALDIA
High,2026-09-12 23:14:28.233029232,6.431188544036413,2026-09-12 23:16:22.691467578,6.37609935039484,1.9076406390544558,-0.05508919364157279,HALDIA
Low,2026-09-13 06:38:00.163405044,0.9050382875842024,2026-09-13 06:29:49.362382842,0.8994275515265442,-8.180017036737912,-0.005610736057658107,HALDIA
High,2026-09-13 11:21:51.143044680,6.2771740166738725,2026-09-13 11:21:55.844527116,6.237284432753876,0.07835804061965321,-0.03988958391999646,HALDIA
Low,2026-09-13 18:55:51.117132006,0.9006081640941158,2026-09-13 18:48:24.883427640,0.9276588362291629,-7.437228406128881,0.027050672135047048,HALDIA
High,2026-09-13 23:45:51.713341428,6.330190039935051,2026-09-13 23:44:21.761088612,6.293256649634095,-1.4992042136037103,-0.03693339030095531,HALDIA
Low,2026-09-14 07:03:18.400758299,1.0275371982486843,2026-09-14 06:57:03.803238161,1.0663815385385689,-6.243292002252337,0.03884434028988464,HALDIA
High,2026-09-14 11:54:13.234387284,6.038961521479335,2026-09-14 11:50:59.727745518,6.041823982445316,-3.2251106960959306,0.0028624609659816903,HALDIA
Low,2026-09-14 19:18:40.522834176,1.0394813816443869,2026-09-14 19:12:38.226493596,1.1241481646092302,-6.038272343030685,0.0846667829648434,HALDIA
High,2026-09-15 00:16:38.172131154,6.110440785163027,2026-09-15 00:11:53.539202544,6.100524801334739,-4.743882143502014,-0.00991598382828773,HALDIA
Low,2026-09-15 07:26:08.004090846,1.227896489947287,2026-09-15 07:20:02.605379130,1.2865555267337114,-6.089978528585947,0.05865903678642444,HALDIA
High,2026-09-15 12:27:34.970316599,5.7788060491277315,2026-09-15 12:20:15.949389383,5.769885549194967,-7.317015453562746,-0.00892049993276419,HALDIA
Low,2026-09-15 19:38:45.834065328,1.287560835464685,2026-09-15 19:32:40.228944348,1.336997159898373,-6.093418682977466,0.049436324433688034,HALDIA
High,2026-09-16 00:47:40.477109856,5.8232256968612255,2026-09-16 00:40:21.840618390,5.817545647640089,-7.3106081910655565,-0.005680049221136313,HALDIA
Low,2026-09-16 07:46:34.629283200,1.4953581140136853,2026-09-16 07:40:49.982329908,1.5280267544522654,-5.7441158882497145,0.03266864043858016,HALDIA
High,2026-09-16 12:59:26.052814494,5.465988185643389,2026-09-16 12:51:01.364863152,5.431424221562471,-8.411465855699976,-0.034563964080918,HALDIA
Low,2026-09-16 19:58:04.094487996,1.5389280067574111,2026-09-16 19:51:42.978756918,1.552694475473783,-6.351928851253364,0.013766468716371844,HALDIA
High,2026-09-17 01:18:52.060640136,5.494444971367685,2026-09-17 01:11:52.790833626,5.462494743211199,-6.987830108534989,-0.031950228156485475,HALDIA
Low,2026-09-17 08:10:15.908117256,1.8033919086378323,2026-09-17 08:04:21.520593480,1.7963481208162295,-5.906458729626911,-0.007043787821602811,HALDIA
High,2026-09-17 13:31:33.531229667,5.106467499205981,2026-09-17 13:25:18.261573222,5.0386050363503445,-6.254494274053914,-0.06786246285563619,HALDIA
Low,2026-09-17 20:20:53.641904064,1.8181833936185594,2026-09-17 20:15:07.969070826,1.8018274965792314,-5.761213887306544,-0.016355897039327952,HALDIA
High,2026-09-18 01:51:34.936065714,5.130826842514255,2026-09-18 01:50:02.116516404,5.057439981352824,-1.5469924885252995,-0.0733868611614302,HALDIA
Low,2026-09-18 08:33:23.965779228,2.1443702068982367,2026-09-18 08:35:04.994436612,2.111837428007327,1.6838109563987136,-0.03253277889090975,HALDIA
High,2026-09-18 14:08:21.620543460,4.700559480246245,2026-09-18 14:07:06.369509760,4.612258067510222,-1.25418389504815,-0.08830141273602299,HALDIA
Low,2026-09-18 20:46:25.120744427,2.149436145397032,2026-09-18 20:46:17.546539122,2.1160219225440957,-0.12623675509560386,-0.033414222852935965,HALDIA
High,2026-09-19 02:34:01.407087936,4.7181768099277175,2026-09-19 02:41:46.197268020,4.636570714534871,7.746503001404397,-0.0816060953928461,HALDIA
Low,2026-09-19 09:10:38.134694478,2.5156854475110375,2026-09-19 09:16:38.307559914,2.464439325253624,6.0028810905801215,-0.05124612225741335,HALDIA
High,2026-09-19 14:59:42.209167128,4.258060718440116,2026-09-19 15:06:20.116588002,4.191685532251588,6.63179034785539,-0.06637518618852753,HALDIA
Low,2026-09-19 21:31:48.602955528,2.5342791256262958,2026-09-19 21:29:46.699778238,2.4836055452066828,-2.0317196214823445,-0.05067358041961319,HALDIA
High,2026-09-20 03:50:49.566952878,4.308611018551213,2026-09-20 04:04:37.609072212,4.279531128972748,13.800701988883546,-0.029079889578465367,HALDIA
Low,2026-09-20 10:21:18.193977540,2.811467333652234,2026-09-20 10:17:00.932048934,2.782683771566478,-4.287698810110808,-0.028783562085755932,HALDIA
High,2026-09-20 16:47:20.312467566,3.915826449096935,2026-09-20 16:53:12.991474746,3.9042147217702814,5.877983452976306,-0.011611727326653495,HALDIA
Low,2026-09-20 22:55:59.157301410,2.8108817337325704,2026-09-20 22:42:19.748011722,2.8070563503799617,-13.656821494814888,-0.0038253833526087815,HALDIA
High,2026-09-21 06:05:28.370098608,4.319221716044216,2026-09-21 06:11:28.682460984,4.253889069861278,6.005206039631057,-0.06533264618293833,HALDIA
Low,2026-09-21 12:45:24.627764860,2.804611982349005,2026-09-21 12:32:17.072427143,2.872512811717628,-13.125922295259068,0.06790082936862292,HALDIA
High,2026-09-21 18:57:57.511841346,4.153321144180391,2026-09-21 18:57:55.789547580,4.067336715007442,-0.028704896125403195,-0.08598442917294957,HALDIA
Low,2026-09-22 01:43:31.681307562,2.578275106655668,2026-09-22 01:34:12.800103438,2.7291218210611405,-9.314686735397691,0.15084671440547243,HALDIA
High,2026-09-22 07:33:28.517999022,4.742100489971581,2026-09-22 07:33:58.189508310,4.624665220502945,0.4945251548048895,-0.11743526946863596,HALDIA
Low,2026-09-22 14:43:03.380356830,2.259553465086784,2026-09-22 14:33:26.617273152,2.4720862083524264,-9.61271806133831,0.21253274326564217,HALDIA
High,2026-09-22 20:13:22.432091904,4.691134712909437,2026-09-22 20:06:20.274729204,4.52950491806769,-7.035956045005956,-0.16162979484174783,HALDIA
Low,2026-09-23 02:58:39.249805764,2.0809406778113364,2026-09-23 02:49:25.339874364,2.2945380785112555,-9.231832190020203,0.21359740069991923,HALDIA
High,2026-09-23 08:27:46.986217776,5.209136413841508,2026-09-23 08:21:15.956859570,5.090387482148714,-6.517155970098683,-0.11874893169279455,HALDIA
Low,2026-09-23 15:37:29.840189748,1.8558382982910313,2026-09-23 15:25:39.840774138,2.0236609488958583,-11.833323593457841,0.16782265060482698,HALDIA
High,2026-09-23 20:57:34.584276426,5.159491616114337,2026-09-23 20:48:50.088671226,5.052048748636106,-8.741593419988538,-0.10744286747823106,HALDIA
Low,2026-09-24 03:53:58.854795870,1.7347167934492784,2026-09-24 03:41:36.762193158,1.8434460624351359,-12.368210045209869,0.10872926898585733,HALDIA
High,2026-09-24 09:04:17.376439908,5.568796462348745,2026-09-24 08:57:40.364016312,5.530937896960693,-6.616873726568629,-0.03785856538805186,HALDIA
Low,2026-09-24 16:21:07.618176108,1.5095760252081336,2026-09-24 16:09:13.320847134,1.5946927096783625,-11.90495548288359,0.08511668447022899,HALDIA
High,2026-09-24 21:28:21.651418110,5.559823622241784,2026-09-24 21:22:30.502753974,5.54517462603986,-5.852477735633014,-0.014648996201923595,HALDIA
Low,2026-09-25 04:37:24.324855816,1.373846417686903,2026-09-25 04:25:39.181650618,1.4345276858248146,-11.752386753343371,0.06068126813791164,HALDIA
High,2026-09-25 09:31:42.812676276,5.888312875555825,2026-09-25 09:29:47.786089230,5.888719738069403,-1.91710978405013,0.0004068625135781034,HALDIA
Low,2026-09-25 16:58:49.070832318,1.1742521134165371,2026-09-25 16:48:23.438581938,1.2223135389244422,-10.42720417302618,0.04806142550790498,HALDIA
High,2026-09-25 21:52:03.807949854,5.949496898914611,2026-09-25 21:52:28.558238640,5.9563418425336065,0.41250481305511766,0.006844943618995824,HALDIA
Low,2026-09-26 05:15:55.383169212,1.0664091443283055,2026-09-26 05:05:01.242348144,1.1114675502989642,-10.902347017755657,0.045058405970658646,HALDIA
High,2026-09-26 09:58:09.737633341,6.114648703284413,2026-09-26 09:59:42.081796326,6.131156078827711,1.5390693831357103,0.0165073755432985,HALDIA
Low,2026-09-26 17:36:15.407305422,0.907872505136988,2026-09-26 17:24:41.189335800,0.942887738926971,-11.570299493747836,0.035015233789982905,HALDIA
High,2026-09-26 22:17:59.141009424,6.236405429713797,2026-09-26 22:20:22.209853782,6.252947495282669,2.3844807393416763,0.016542065568871132,HALDIA
Low,2026-09-27 05:52:52.017900984,0.8785411655424709,2026-09-27 05:41:21.246112716,0.9079906158841605,-11.512863137829665,0.02944945034168963,HALDIA
High,2026-09-27 10:25:39.530718996,6.240934938857191,2026-09-27 10:28:21.041988174,6.247758286645283,2.6918544863415734,0.006823347788091895,HALDIA
Low,2026-09-27 18:11:49.749273756,0.7454009477246434,2026-09-27 17:58:48.466754184,0.7845202026393281,-13.021375326226726,0.039119254914684695,HALDIA
High,2026-09-27 22:44:46.975030944,6.4200262773817744,2026-09-27 22:47:10.010905548,6.420278606685364,2.3839312433654767,0.00025232930358960883,HALDIA
Low,2026-09-28 06:27:39.564523494,0.8051997498396386,2026-09-28 06:15:29.140214592,0.8408030013669929,-12.173738481689773,0.03560325152735437,HALDIA
High,2026-09-28 10:55:20.397963492,6.2489295608997715,2026-09-28 10:56:54.884572992,6.242921228632751,1.5747768250249725,-0.006008332267021019,HALDIA
Low,2026-09-28 18:43:51.572035782,0.7100305065460231,2026-09-28 18:31:05.982272988,0.7583856112440632,-12.75982937989205,0.04835510469804014,HALDIA
High,2026-09-28 23:13:37.921323462,6.4407026270403405,2026-09-28 23:14:26.493578910,6.453362461087275,0.8095375907710801,0.012659834046934581,HALDIA
Low,2026-09-29 06:59:01.976156238,0.8749694310904053,2026-09-29 06:47:54.024487992,0.9072406948174412,-11.132527804092746,0.032271263727035954,HALDIA
High,2026-09-29 11:28:51.014565774,6.097333728419525,2026-09-29 11:27:18.829235604,6.122750263649876,-1.5364221695349938,0.025416535230351218,HALDIA
Low,2026-09-29 19:13:52.115110806,0.8032306578010628,2026-09-29 19:01:48.386458092,0.8567471245697023,-12.062144211854491,0.053516466768639394,HALDIA
High,2026-09-29 23:46:54.298626750,6.316979473673216,2026-09-29 23:44:34.214880408,6.346101819405645,-2.3347291056606245,0.029122345732428622,HALDIA
Low,2026-09-30 07:28:58.825732422,1.0440957962335553,2026-09-30 07:19:06.509005158,1.0903184975145006,-9.871945454430051,0.04622270128094523,HALDIA
High,2026-09-30 12:08:21.232733526,5.84672577832486,2026-09-30 12:01:57.586124952,5.887591515036147,-6.394110142937592,0.04086573671128689,HALDIA
Low,2026-09-30 19:42:04.362854328,0.9831416891158402,2026-09-30 19:31:23.286532068,1.0600592114297456,-10.684605370998849,0.07691752231390539,HALDIA
Low,2026-07-01 06:57:58.685551566,1.5359693120744728,2026-07-01 06:37:03.610892442,1.7106847429588317,-20.91791098537422,0.1747154308843588,DIAMOND HARBOUR
High,2026-07-01 11:55:47.485482288,5.96208073753385,2026-07-01 11:34:00.791588088,6.000481765324166,-21.778231569953547,0.038401027790316,DIAMOND HARBOUR
Low,2026-07-01 19:33:11.807175983,1.7095949807796478,2026-07-01 19:10:09.774244998,1.8434144920138014,-23.033882183050387,0.13381951123415353,DIAMOND HARBOUR
High,2026-07-02 00:17:41.372477628,5.462818144426376,2026-07-01 23:53:04.614609366,5.4912643681480295,-24.61263113774273,0.028446223721653136,DIAMOND HARBOUR
Low,2026-07-02 07:31:37.462423446,1.5134400113784683,2026-07-02 07:10:48.275157150,1.7005115893149232,-20.819787771627865,0.18707157793645496,DIAMOND HARBOUR
High,2026-07-02 12:19:34.335917238,6.001246924273827,2026-07-02 11:57:10.804467108,6.056384765499,-22.392190835546877,0.05513784122517251,DIAMOND HARBOUR
Low,2026-07-02 20:06:48.748530270,1.6745181439443757,2026-07-02 19:43:25.008575916,1.822339241862139,-23.395665905850233,0.14782109791776327,DIAMOND HARBOUR
High,2026-07-03 00:40:45.471097373,5.508589847415923,2026-07-03 00:15:43.360569498,5.571440498686351,-25.035175464561416,0.06285065127042769,DIAMOND HARBOUR
Low,2026-07-03 08:05:57.101830434,1.5417305694173347,2026-07-03 07:43:53.125740834,1.7263602051006475,-22.06626816003187,0.1846296356833128,DIAMOND HARBOUR
High,2026-07-03 12:46:59.216660442,5.97243414485895,2026-07-03 12:22:55.382904504,6.089474765530822,-24.063895932322588,0.11704062067187174,DIAMOND HARBOUR
Low,2026-07-03 20:40:54.889082232,1.6622855888182535,2026-07-03 20:15:41.899427472,1.811791141373513,-25.216494245984318,0.1495055525552596,DIAMOND HARBOUR
High,2026-07-04 01:11:08.182730712,5.527453952083326,2026-07-04 00:43:04.877958816,5.637096179517579,-28.05507953155677,0.10964222743425264,DIAMOND HARBOUR
Low,2026-07-04 08:42:26.853260226,1.5943076500268623,2026-07-04 08:16:39.792478464,1.7817079550533854,-25.784346362669016,0.18740030502652313,DIAMOND HARBOUR
High,2026-07-04 13:22:26.371254954,5.912682323214738,2026-07-04 12:54:14.875275714,6.0766620445340624,-28.19159965403252,0.16397972131932428,DIAMOND HARBOUR
Low,2026-07-04 21:14:42.268774914,1.6770855826978641,2026-07-04 20:47:13.895361606,1.8062261550546932,-27.47289022183359,0.12914057235682913,DIAMOND HARBOUR
High,2026-07-05 01:48:18.338771352,5.5304624788366645,2026-07-05 01:17:24.062213496,5.660265960690251,-30.904609297600786,0.12980348185358634,DIAMOND HARBOUR
Low,2026-07-05 09:17:50.516678934,1.705951799981625,2026-07-05 08:50:01.295480310,1.857574505955879,-27.820353310394967,0.1516227059742541,DIAMOND HARBOUR
High,2026-07-05 14:01:32.531670204,5.819081228962762,2026-07-05 13:31:51.123085914,5.986059391159384,-29.690143071542387,0.1669781621966222,DIAMOND HARBOUR
Low,2026-07-05 21:46:58.553568990,1.7093096207438134,2026-07-05 21:18:46.326285144,1.8067311254751652,-28.203788064055097,0.09742150473135189,DIAMOND HARBOUR
High,2026-07-06 02:30:30.767931702,5.49255249025541,2026-07-06 01:59:27.358074246,5.6186421748957684,-31.05683095756074,0.12608968464035766,DIAMOND HARBOUR
Low,2026-07-06 09:54:01.731473669,1.8516396218188236,2026-07-06 09:25:53.182380120,1.9490191612042118,-28.142484892458963,0.09737953938538817,DIAMOND HARBOUR
High,2026-07-06 14:45:20.061650484,5.650016573638473,2026-07-06 14:16:49.090237998,5.802258225510324,-28.516190208091142,0.1522416518718517,DIAMOND HARBOUR
Low,2026-07-06 22:19:02.805382710,1.7387708582864612,2026-07-06 21:52:06.836420124,1.825533779241366,-26.932816043074446,0.08676292095490475,DIAMOND HARBOUR
High,2026-07-07 03:15:56.179571281,5.419379007841499,2026-07-07 02:50:56.236147831,5.51788696555774,-24.999057057531658,0.09850795771624134,DIAMOND HARBOUR
Low,2026-07-07 10:30:48.678128964,1.997241216350327,2026-07-07 10:06:55.006852260,2.058009124789009,-23.894521278354176,0.060767908438682114,DIAMOND HARBOUR
High,2026-07-07 15:35:27.737504376,5.459118701700606,2026-07-07 15:11:28.396391712,5.545211692329845,-23.989018544376396,0.08609299062923867,DIAMOND HARBOUR
Low,2026-07-07 22:54:16.880301792,1.7969138196198025,2026-07-07 22:30:08.948878974,1.8830549849823757,-24.132190380251508,0.08614116536257325,DIAMOND HARBOUR
High,2026-07-08 04:12:10.593606246,5.333923867768797,2026-07-08 03:52:54.022399380,5.398285930446409,-19.27618678105065,0.06436206267761227,DIAMOND HARBOUR
Low,2026-07-08 11:15:36.836456274,2.1232373433860365,2026-07-08 10:55:26.341591770,2.1857740039901343,-20.17491440841068,0.06253666060409782,DIAMOND HARBOUR
High,2026-07-08 16:34:15.103705734,5.283198875178799,2026-07-08 16:17:36.021265656,5.275229899476131,-16.651374001298286,-0.00796897570266814,DIAMOND HARBOUR
Low,2026-07-08 23:39:34.051075656,1.8798770398627322,2026-07-08 23:16:38.046003546,1.991007223543304,-22.93341786850441,0.11113018368057175,DIAMOND HARBOUR
High,2026-07-09 05:15:08.145465684,5.269381418519646,2026-07-09 05:03:06.442784562,5.31135338828784,-12.028378018686846,0.041971969768193826,DIAMOND HARBOUR
Low,2026-07-09 12:12:40.783703214,2.2315098414215706,2026-07-09 11:54:37.993248024,2.3170777729719556,-18.046507586463086,0.08556793155038511,DIAMOND HARBOUR
High,2026-07-09 17:42:39.549738024,5.0789378527298545,2026-07-09 17:34:24.545433600,5.069670392427614,-8.25007174041664,-0.009267460302239986,DIAMOND HARBOUR
Low,2026-07-10 00:41:21.776844348,1.9730152957382232,2026-07-10 00:18:24.464176470,2.1227226086943065,-22.955211131284138,0.14970731295608333,DIAMOND HARBOUR
High,2026-07-10 06:32:39.101195610,5.264368292002506,2026-07-10 06:23:38.466996366,5.315659993694414,-9.010569987369639,0.0512917016919084,DIAMOND HARBOUR
Low,2026-07-10 13:34:39.684632562,2.248916128155612,2026-07-10 13:17:48.706168302,2.393205692844102,-16.84964107099308,0.14428956468849036,DIAMOND HARBOUR
High,2026-07-10 19:08:59.966962266,5.057001670750363,2026-07-10 19:02:32.616014574,5.019728318577426,-6.455849128158586,-0.037273352172937056,DIAMOND HARBOUR
Low,2026-07-11 02:23:14.756478948,1.9962846600331072,2026-07-11 02:01:18.618036210,2.1615380898897683,-21.93564071229887,0.1652534298566611,DIAMOND HARBOUR
High,2026-07-11 08:06:23.698204686,5.427216204183861,2026-07-11 07:50:41.179392732,5.509731015658996,-15.708646865913668,0.0825148114751346,DIAMOND HARBOUR
Low,2026-07-11 15:24:25.718246544,2.1178797358805874,2026-07-11 15:10:46.346657202,2.26674737156442,-13.656193155666069,0.14886763568383282,DIAMOND HARBOUR
High,2026-07-11 20:39:02.837442984,5.186266006711928,2026-07-11 20:23:22.893986988,5.184476511778215,-15.665724266647166,-0.0017894949337130827,DIAMOND HARBOUR
Low,2026-07-12 03:59:45.504929220,1.8079520681042487,2026-07-12 03:37:48.803888118,1.9734877229449033,-21.94501735169197,0.16553565484065466,DIAMOND HARBOUR
High,2026-07-12 09:19:00.098354376,5.713300968143964,2026-07-12 08:57:48.146251626,5.854806369159498,-21.199201712543417,0.14150540101553305,DIAMOND HARBOUR
Low,2026-07-12 16:46:00.123499566,1.8662733249632282,2026-07-12 16:28:39.473693664,2.0022340231739517,-17.344163431689175,0.13596069821072346,DIAMOND HARBOUR
High,2026-07-12 21:45:22.000782372,5.382783913629083,2026-07-12 21:25:18.261464376,5.464136346040887,-20.062321966625344,0.0813524324118041,DIAMOND HARBOUR
Low,2026-07-13 05:09:03.012810457,1.5585277958415684,2026-07-13 04:46:51.778863313,1.7237865030242348,-22.187232452446985,0.1652587071826664,DIAMOND HARBOUR
High,2026-07-13 10:11:07.848048083,6.050389992736462,2026-07-13 09:49:15.224682713,6.20412891803601,-21.87705608947694,0.15373892529954739,DIAMOND HARBOUR
Low,2026-07-13 17:52:14.796495840,1.581696853354564,2026-07-13 17:33:25.090698480,1.719996123688665,-18.82842995600013,0.13829927033410097,DIAMOND HARBOUR
High,2026-07-13 22:36:41.337204288,5.619137591224039,2026-07-13 22:15:34.864339098,5.742571338450072,-21.107881086537795,0.12343374722603298,DIAMOND HARBOUR
Low,2026-07-14 06:09:38.595962466,1.316395922797126,2026-07-14 05:46:57.024506154,1.495793429735952,-22.692857605164583,0.1793975069388261,DIAMOND HARBOUR
High,2026-07-14 10:55:26.160966348,6.340244573168262,2026-07-14 10:32:41.319698466,6.471593848568144,-22.747354464669122,0.131349275399882,DIAMOND HARBOUR
Low,2026-07-14 18:49:58.966441332,1.3106404057668226,2026-07-14 18:29:05.336815938,1.466782062480657,-20.89382708989438,0.15614165671383423,DIAMOND HARBOUR
High,2026-07-14 23:23:09.159042546,5.835955483072597,2026-07-14 22:59:02.450357004,5.957413893905446,-24.11181142572226,0.1214584108328494,DIAMOND HARBOUR
Low,2026-07-15 07:03:09.919955034,1.1203753261724407,2026-07-15 06:39:21.099420648,1.333966142382054,-23.813675573104174,0.21359081620961323,DIAMOND HARBOUR
High,2026-07-15 11:35:01.379489700,6.511822044550813,2026-07-15 11:11:40.283657832,6.621291356359048,-23.351597197777718,0.10946931180823519,DIAMOND HARBOUR
Low,2026-07-15 19:38:23.389238490,1.1352712364398787,2026-07-15 19:17:04.529393700,1.291154109203738,-21.314330746542453,0.1558828727638592,DIAMOND HARBOUR
High,2026-07-16 00:04:11.645785098,5.976029503702554,2026-07-15 23:38:24.517915914,6.08504967044903,-25.785464486440286,0.10902016674647644,DIAMOND HARBOUR
Low,2026-07-16 07:48:07.145390076,1.0396754399215746,2026-07-16 07:25:09.669649752,1.2727456880744223,-22.957929005421313,0.23307024815284771,DIAMOND HARBOUR
High,2026-07-16 12:11:01.453826364,6.517700688188514,2026-07-16 11:48:27.762534516,6.64474395822744,-22.561521530756508,0.12704327003892632,DIAMOND HARBOUR
Low,2026-07-16 20:19:35.974333608,1.0958222265767534,2026-07-16 19:59:09.819586896,1.2285858925879087,-20.43591244516883,0.13276366601115527,DIAMOND HARBOUR
High,2026-07-17 00:41:53.406018636,5.9995566374224385,2026-07-17 00:15:54.363626130,6.121746025794349,-25.984039875078857,0.12218938837191037,DIAMOND HARBOUR
Low,2026-07-17 08:28:29.077274298,1.0913376575326206,2026-07-17 08:05:45.378990294,1.3197230966312057,-22.72830473337657,0.2283854390985852,DIAMOND HARBOUR
High,2026-07-17 12:48:29.582636016,6.388194723925857,2026-07-17 12:25:03.694526868,6.54564754053631,-23.43146848579248,0.1574528166104525,DIAMOND HARBOUR
Low,2026-07-17 20:57:01.311521256,1.1179671838923912,2026-07-17 20:36:31.502283918,1.2844020320069494,-20.496820622315358,0.16643484811455805,DIAMOND HARBOUR
High,2026-07-18 01:18:29.046951138,5.909230276079464,2026-07-18 00:53:46.598793774,6.068676544005901,-24.70746928938369,0.15944626792643618,DIAMOND HARBOUR
Low,2026-07-18 09:06:07.360747950,1.202997069557484,2026-07-18 08:41:57.107262918,1.454413934691879,-24.170891417223412,0.25141686513439476,DIAMOND HARBOUR
High,2026-07-18 13:29:56.839822608,6.134430424787554,2026-07-18 13:03:24.460845126,6.332662550569623,-26.53964962472683,0.19823212578206958,DIAMOND HARBOUR
Low,2026-07-18 21:33:23.681625804,1.2409504647480636,2026-07-18 21:09:28.361541504,1.4336621924506547,-23.922001404956227,0.1927117277025912,DIAMOND HARBOUR
High,2026-07-19 01:59:47.407227540,5.743486391359355,2026-07-19 01:34:23.277805632,5.927177196443751,-25.402157031760176,0.1836908050843966,DIAMOND HARBOUR
Low,2026-07-19 09:39:27.743618195,1.3754190681465417,2026-07-19 09:14:04.086881189,1.6418369250135134,-25.394278950146028,0.26641785686697184,DIAMOND HARBOUR
High,2026-07-19 14:12:52.055279304,5.803767399705397,2026-07-19 13:45:38.058668988,6.021486630423062,-27.233276838596765,0.21771923071766394,DIAMOND HARBOUR
Low,2026-07-19 22:03:41.442401778,1.4321748897830564,2026-07-19 21:37:41.420605710,1.63266323959595,-26.00036326779618,0.20048834981289362,DIAMOND HARBOUR
High,2026-07-20 02:44:43.462089936,5.539529563337626,2026-07-20 02:20:15.566624406,5.705462031838632,-24.464924425486764,0.165932468501006,DIAMOND HARBOUR
Low,2026-07-20 10:09:10.696357962,1.6645864080203592,2026-07-20 09:42:59.507218266,1.8504424167081739,-26.186485661556656,0.1858560086878148,DIAMOND HARBOUR
High,2026-07-20 14:59:13.944761484,5.489097584017233,2026-07-20 14:34:21.378398442,5.641018254343371,-24.876106050736134,0.1519206703261379,DIAMOND HARBOUR
Low,2026-07-20 22:28:36.216161466,1.6824597748903483,2026-07-20 22:01:58.472009376,1.8399218676259126,-26.629069201541967,0.15746209273556427,DIAMOND HARBOUR
High,2026-07-21 03:32:44.565195600,5.323696607615916,2026-07-21 03:12:41.191408812,5.426825795526476,-20.056229779847467,0.1031291879105601,DIAMOND HARBOUR
Low,2026-07-21 10:34:21.905934138,1.989982098982799,2026-07-21 10:12:30.018387930,2.0685732208085175,-21.86479243682978,0.07859112182571842,DIAMOND HARBOUR
High,2026-07-21 15:46:53.964690918,5.2170561910289,2026-07-21 15:30:38.547147612,5.233020118816303,-16.256959055079893,0.015963927787403638,DIAMOND HARBOUR
Low,2026-07-21 22:50:54.697712814,1.9370918736237215,2026-07-21 22:28:19.282808742,2.044136046702462,-22.590248401155872,0.10704417307874028,DIAMOND HARBOUR
High,2026-07-22 04:17:59.337683850,5.122487508789881,2026-07-22 04:09:32.663208000,5.124391062676301,-8.444574597535768,0.0019035538864202645,DIAMOND HARBOUR
Low,2026-07-22 11:05:54.941287446,2.242525088835321,2026-07-22 10:48:23.984835456,2.3017160375821115,-17.515940866493942,0.05919094874679073,DIAMOND HARBOUR
High,2026-07-22 16:29:55.387945986,4.8771651202141975,2026-07-22 16:31:25.988827404,4.837307824689254,1.5100146903230975,-0.03985729552494401,DIAMOND HARBOUR
Low,2026-07-22 23:25:18.298502496,2.1632964877078504,2026-07-22 23:04:16.895555898,2.2589566165399413,-21.02338244325596,0.09566012883209093,DIAMOND HARBOUR
High,2026-07-23 05:05:14.428650401,4.836767453029374,2026-07-23 05:12:15.515929463,4.840076495047393,7.018121317674064,0.0033090420180191824,DIAMOND HARBOUR
Low,2026-07-23 11:50:33.589712472,2.503523179833282,2026-07-23 11:35:10.918080318,2.5373147385040054,-15.377860535947146,0.03379155867072352,DIAMOND HARBOUR
High,2026-07-23 17:24:49.006727658,4.562863415098768,2026-07-23 17:40:25.601095596,4.5002684966001425,15.609906132303374,-0.06259491849862502,DIAMOND HARBOUR
Low,2026-07-24 00:18:02.642191854,2.36400924109103,2026-07-23 23:55:30.387438714,2.4669698413166996,-22.53757921895076,0.1029606002256694,DIAMOND HARBOUR
High,2026-07-24 06:23:50.413005480,4.686903256550842,2026-07-24 06:34:08.687729112,4.6728322830532845,10.30457872715629,-0.014070973497557837,DIAMOND HARBOUR
Low,2026-07-24 13:00:51.597278370,2.636644587994028,2026-07-24 12:40:52.597598928,2.7110783297037946,-19.983327990661486,0.07443374170976652,DIAMOND HARBOUR
High,2026-07-24 18:55:07.764528744,4.409487855621766,2026-07-24 19:09:06.766992582,4.34111774123111,13.983374397331346,-0.0683701143906557,DIAMOND HARBOUR
Low,2026-07-25 01:44:34.182104724,2.4108396478648633,2026-07-25 01:21:03.951341748,2.570102493811909,-23.50384604962113,0.1592628459470456,DIAMOND HARBOUR
High,2026-07-25 08:01:01.253459064,4.802362215973798,2026-07-25 08:04:41.484437520,4.791832720651999,3.6705163076194642,-0.010529495321799216,DIAMOND HARBOUR
Low,2026-07-25 14:58:54.513492360,2.47923689479921,2026-07-25 14:46:27.878560440,2.6786577691786273,-12.44391553204688,0.19942087437941716,DIAMOND HARBOUR
High,2026-07-25 20:29:38.433424866,4.545281422721783,2026-07-25 20:30:59.607643200,4.472662208188358,1.3529036388819862,-0.07261921453342554,DIAMOND HARBOUR
Low,2026-07-26 03:30:14.619413544,2.207562612256898,2026-07-26 03:10:22.015652634,2.4240327552492715,-19.87672934853754,0.21647014299237383,DIAMOND HARBOUR
High,2026-07-26 09:11:45.287939466,5.151189749551909,2026-07-26 09:04:40.521359190,5.112578574156333,-7.07944300459574,-0.038611175395576,DIAMOND HARBOUR
Low,2026-07-26 16:18:49.928063825,2.2423592279733304,2026-07-26 16:06:34.437011784,2.4525015816015747,-12.258184200720708,0.21014235362824407,DIAMOND HARBOUR
High,2026-07-26 21:35:49.453358394,4.819115844439194,2026-07-26 21:27:03.307846128,4.7704987210649685,-8.769091871050211,-0.048617123374225926,DIAMOND HARBOUR
Low,2026-07-27 04:31:19.664580534,1.9550271917003967,2026-07-27 04:12:05.470841010,2.1988731296503503,-19.236562325359195,0.24384593794995352,DIAMOND HARBOUR
High,2026-07-27 10:02:18.602216214,5.449676644037554,2026-07-27 09:47:23.565364938,5.474044953034726,-14.917280854636834,0.024368308997171767,DIAMOND HARBOUR
Low,2026-07-27 17:17:37.042588242,1.9980466685237575,2026-07-27 17:04:36.961799220,2.204642037906916,-13.001346483716336,0.20659536938315853,DIAMOND HARBOUR
High,2026-07-27 22:23:05.267580444,5.120176727045265,2026-07-27 22:08:43.116389412,5.108933844650009,-14.369186517227726,-0.011242882395255923,DIAMOND HARBOUR
Low,2026-07-28 05:25:50.815079916,1.7418899588773638,2026-07-28 05:06:10.685401518,1.9742447327734307,-19.668827973293233,0.2323547738960669,DIAMOND HARBOUR
High,2026-07-28 10:40:23.752599906,5.741316146775539,2026-07-28 10:22:13.461507660,5.804068622415504,-18.171518204133356,0.06275247563996512,DIAMOND HARBOUR
Low,2026-07-28 18:09:43.019974806,1.7844788789056496,2026-07-28 17:52:08.545347810,1.9673751221452906,-17.574577116581303,0.18289624323964093,DIAMOND HARBOUR
High,2026-07-28 23:00:56.183076324,5.381508556375816,2026-07-28 22:42:17.456138706,5.423448261915746,-18.645448960343803,0.04193970553992992,DIAMOND HARBOUR
Low,2026-07-29 06:14:36.768156462,1.5379039420915215,2026-07-29 05:53:53.649642348,1.7695196531932944,-20.718641901865066,0.23161571110177293,DIAMOND HARBOUR
High,2026-07-29 11:12:15.095869794,6.015832420385082,2026-07-29 10:51:40.543467282,6.06847548278772,-20.57587337524189,0.05264306240263848,DIAMOND HARBOUR
Low,2026-07-29 18:53:18.331584150,1.5455574370374217,2026-07-29 18:32:17.117301858,1.7612240760748057,-21.0202380382484,0.2156666390373841,DIAMOND HARBOUR
High,2026-07-29 23:30:55.743990216,5.632984889061149,2026-07-29 23:09:32.967019002,5.684310936003976,-21.37961618694826,0.05132604694282722,DIAMOND HARBOUR
Low,2026-07-30 06:56:38.643128694,1.3603668405455747,2026-07-30 06:35:18.342314274,1.6084108052993893,-21.338346906994424,0.24804396475381457,DIAMOND HARBOUR
High,2026-07-30 11:38:29.459705958,6.2211889493069,2026-07-30 11:16:04.953780186,6.261256329264033,-22.408432096226807,0.04006737995713272,DIAMOND HARBOUR
Low,2026-07-30 19:29:56.691346362,1.408220815328096,2026-07-30 19:07:55.934811096,1.6026124916035336,-22.01260892109709,0.1943916762754377,DIAMOND HARBOUR
High,2026-07-30 23:55:04.538692254,5.842187897854955,2026-07-30 23:31:27.537921672,5.894709961901713,-23.616679509742873,0.0525220640467582,DIAMOND HARBOUR
Low,2026-07-31 07:32:52.291263378,1.2698370347040926,2026-07-31 07:12:15.851370270,1.511888815889636,-20.60733155176859,0.2420517811855433,DIAMOND HARBOUR
High,2026-07-31 11:59:30.473694882,6.342945491259345,2026-07-31 11:37:25.101830862,6.398360561092959,-22.08953106704184,0.05541506983361487,DIAMOND HARBOUR
Low,2026-07-31 20:01:54.820604189,1.3013317883828457,2026-07-31 19:40:38.144629632,1.5016699675501588,-21.277932909256016,0.2003381791673132,DIAMOND HARBOUR
High,2026-08-01 00:16:21.094842186,6.021270477665357,2026-07-31 23:52:27.479510214,6.073089365427879,-23.893588866173083,0.05181888776252118,DIAMOND HARBOUR
Low,2026-08-01 08:07:03.261401340,1.265313730349647,2026-08-01 07:46:10.493135676,1.4868786945080612,-20.879471094380627,0.22156496415841437,DIAMOND HARBOUR
High,2026-08-01 12:23:01.724002482,6.402044873802277,2026-08-01 12:00:48.156489858,6.48511406766394,-22.226125210354684,0.08306919386166235,DIAMOND HARBOUR
Low,2026-08-01 20:32:15.173465160,1.278619221720581,2026-08-01 20:10:59.776673562,1.4595968192199453,-21.256613193346997,0.1809775974993643,DIAMOND HARBOUR
High,2026-08-02 00:42:44.969382864,6.119541555697556,2026-08-02 00:17:55.186833528,6.209651383021332,-24.829709155562846,0.09010982732377534,DIAMOND HARBOUR
Low,2026-08-02 08:40:51.243886332,1.2935758884890283,2026-08-02 08:17:47.378326770,1.5239590992843963,-23.06442599269465,0.230383210795368,DIAMOND HARBOUR
High,2026-08-02 12:55:02.484529740,6.349681333297344,2026-08-02 12:29:21.704988312,6.491705706160082,-25.679659023842465,0.14202437286273797,DIAMOND HARBOUR
Low,2026-08-02 21:03:07.005331530,1.2836661341527627,2026-08-02 20:39:12.419615298,1.4684352265743439,-23.90976193720645,0.18476909242158115,DIAMOND HARBOUR
High,2026-08-03 01:17:34.320390720,6.107220439455093,2026-08-03 00:49:25.349224662,6.262314645085047,-28.14951943433515,0.15509420562995432,DIAMOND HARBOUR
Low,2026-08-03 09:13:31.050271110,1.3912683126591505,2026-08-03 08:47:41.858930670,1.6047924548628631,-25.819855673971205,0.21352414220371255,DIAMOND HARBOUR
High,2026-08-03 13:33:01.144454334,6.215601446458254,2026-08-03 13:03:41.702061744,6.376894282339721,-29.32403987650404,0.16129283588146773,DIAMOND HARBOUR
Low,2026-08-03 21:31:49.632922116,1.342523625100626,2026-08-03 21:05:39.336864330,1.5174395920354087,-26.1716009631075,0.17491596693478265,DIAMOND HARBOUR
High,2026-08-04 01:57:17.918810088,6.04488508300102,2026-08-04 01:27:24.438841926,6.190327216699343,-29.891332802725504,0.1454421336983227,DIAMOND HARBOUR
Low,2026-08-04 09:44:14.647287264,1.555074830587375,2026-08-04 09:17:07.232498460,1.7170039158874157,-27.123579813407368,0.16192908530004074,DIAMOND HARBOUR
High,2026-08-04 14:14:31.128834750,5.9704431247857706,2026-08-04 13:44:37.861421778,6.120182067376987,-29.887790216209897,0.14973894259121712,DIAMOND HARBOUR
Low,2026-08-04 21:59:00.304484370,1.471549208720703,2026-08-04 21:32:00.851207442,1.605852332337992,-26.990887948829602,0.13430312361728916,DIAMOND HARBOUR
High,2026-08-05 02:42:41.650319358,5.828116257422898,2026-08-05 02:13:25.081787184,5.9823414272604465,-29.27614220287087,0.15422516983754858,DIAMOND HARBOUR
Low,2026-08-05 10:14:50.854074571,1.7779629576049616,2026-08-05 09:48:55.743341935,1.8670574361863352,-25.918512210566764,0.08909447858137355,DIAMOND HARBOUR
High,2026-08-05 15:00:41.306515248,5.614444187956003,2026-08-05 14:34:28.247134002,5.741227010410794,-26.21765635406315,0.12678282245479117,DIAMOND HARBOUR
Low,2026-08-05 22:27:54.523982340,1.6644348999819567,2026-08-05 22:02:18.532600200,1.7514781431923152,-25.599856369007703,0.08704324321035854,DIAMOND HARBOUR
High,2026-08-06 03:33:45.139069020,5.571008589498194,2026-08-06 03:09:50.997287328,5.672214163574364,-23.90236302824198,0.10120557407617,DIAMOND HARBOUR
Low,2026-08-06 10:50:09.978957569,2.0302590435069416,2026-08-06 10:27:39.815655564,2.074156690301032,-22.502721700141517,0.043897646794090195,DIAMOND HARBOUR
High,2026-08-06 15:56:39.143566938,5.287672442145311,2026-08-06 15:35:59.348510658,5.301937740356551,-20.663250938005756,0.014265298211239712,DIAMOND HARBOUR
Low,2026-08-06 23:04:51.916358118,1.8850357486742018,2026-08-06 22:42:08.565869532,1.9737536344043016,-22.72250814314213,0.08871788573009992,DIAMOND HARBOUR
High,2026-08-07 04:30:58.541930232,5.292763524249913,2026-08-07 04:16:51.919631556,5.326019626592947,-14.110371644609609,0.0332561023430344,DIAMOND HARBOUR
Low,2026-08-07 11:36:28.535746494,2.302596713288607,2026-08-07 11:19:00.369880368,2.3351128327635142,-17.469431102100593,0.032516119474907054,DIAMOND HARBOUR
High,2026-08-07 16:54:36.103242702,4.9881908404086595,2026-08-07 16:50:47.936923446,4.881198108771645,-3.8027719876281503,-0.10699273163701414,DIAMOND HARBOUR
Low,2026-08-08 00:01:57.318823104,2.1205814794650415,2026-08-07 23:39:39.391930350,2.2455348060720826,-22.298781545870362,0.12495332660704124,DIAMOND HARBOUR
High,2026-08-08 05:44:44.878862646,5.074900618867519,2026-08-08 05:43:57.019921968,5.0421190367434034,-0.7976490113346213,-0.032781582124116235,DIAMOND HARBOUR
Low,2026-08-08 12:55:23.663646786,2.4572871465607466,2026-08-08 12:39:39.684139674,2.564319706938075,-15.732991785163966,0.10703256037732851,DIAMOND HARBOUR
High,2026-08-08 18:40:58.080815094,4.797705422633194,2026-08-08 18:47:07.995135690,4.653724962305668,6.165238676553008,-0.1439804603275261,DIAMOND HARBOUR
Low,2026-08-09 01:58:14.226694698,2.2415878425370432,2026-08-09 01:36:03.753346986,2.395147060507715,-22.17455579518952,0.15355921797067176,DIAMOND HARBOUR
High,2026-08-09 07:57:10.264882008,5.21601011237518,2026-08-09 07:50:50.799647496,5.1732872184748615,-6.32442057521822,-0.042722893900318436,DIAMOND HARBOUR
Low,2026-08-09 15:16:23.909204484,2.260428649543632,2026-08-09 15:04:32.036088858,2.4402789677523717,-11.864551927068664,0.17985031820873992,DIAMOND HARBOUR
High,2026-08-09 20:37:03.750994632,5.027604824744866,2026-08-09 20:26:50.057472930,4.913431843629552,-10.228225361684068,-0.11417298111531407,DIAMOND HARBOUR
Low,2026-08-10 03:51:46.410394362,1.9404800011988477,2026-08-10 03:29:27.332776518,2.1420408805798563,-22.317960297428566,0.20156087938100872,DIAMOND HARBOUR
High,2026-08-10 09:19:12.340926138,5.566244014155541,2026-08-10 08:58:52.817241054,5.641213669615526,-20.32539475144777,0.07496965545998499,DIAMOND HARBOUR
Low,2026-08-10 16:44:49.345107912,1.85426614372321,2026-08-10 16:28:28.696611486,2.0427238593619217,-16.34414160710154,0.1884577156387117,DIAMOND HARBOUR
High,2026-08-10 21:46:14.218410558,5.320756761609985,2026-08-10 21:26:14.442268968,5.356795143471485,-19.996269026499437,0.036038381861500116,DIAMOND HARBOUR
Low,2026-08-11 05:07:26.801282718,1.5862584956519954,2026-08-11 04:44:18.295388286,1.7790615771266869,-23.14176490716953,0.19280308147469138,DIAMOND HARBOUR
High,2026-08-11 10:09:38.112227442,5.999726816036659,2026-08-11 09:46:20.296028316,6.109842606345388,-23.296936652072,0.11011579030872873,DIAMOND HARBOUR
Low,2026-08-11 17:51:00.258061014,1.435980133210775,2026-08-11 17:32:34.133101620,1.5957016922283762,-18.435415989918354,0.15972155901760124,DIAMOND HARBOUR
High,2026-08-11 22:33:19.470162942,5.692081086125872,2026-08-11 22:11:41.564713068,5.786627199734448,-21.631757497915892,0.09454611360857652,DIAMOND HARBOUR
Low,2026-08-12 06:06:32.174773326,1.234623403934485,2026-08-12 05:44:52.415500608,1.4198267000697888,-21.66265454533151,0.1852032961353039,DIAMOND HARBOUR
High,2026-08-12 10:47:41.629424364,6.378237164871274,2026-08-12 10:25:16.006613904,6.46676006709057,-22.427046841042447,0.08852290221929572,DIAMOND HARBOUR
Low,2026-08-12 18:41:22.276639968,1.1310556122778779,2026-08-12 18:22:50.641776156,1.2159858955904592,-18.52724773024162,0.08493028331258125,DIAMOND HARBOUR
High,2026-08-12 23:11:40.506355974,6.0611102070413665,2026-08-12 22:49:35.909851068,6.127238400023716,-22.07660841508912,0.06612819298234915,DIAMOND HARBOUR
Low,2026-08-13 06:55:12.533718198,0.9834586411845458,2026-08-13 06:33:35.130838908,1.1539147835686494,-21.623381321487948,0.1704561423841035,DIAMOND HARBOUR
High,2026-08-13 11:21:16.363451010,6.596805411524434,2026-08-13 10:59:20.560389576,6.675627904369065,-21.930051023920818,0.07882249284463165,DIAMOND HARBOUR
Low,2026-08-13 19:24:24.690970134,0.9598320727840683,2026-08-13 19:04:47.848119012,0.9890021524154984,-19.614047518701696,0.029170079631430073,DIAMOND HARBOUR
High,2026-08-13 23:44:55.075021278,6.275312465772687,2026-08-13 23:22:43.053570252,6.35195784459529,-22.20035751705933,0.07664537882260344,DIAMOND HARBOUR
Low,2026-08-14 07:35:50.419145388,0.9095107664228694,2026-08-14 07:14:40.191849834,1.0381927644565105,-21.17045492594568,0.12868199803364105,DIAMOND HARBOUR
High,2026-08-14 11:52:57.720265302,6.6296933951339625,2026-08-14 11:30:47.164787052,6.737193918745202,-22.17592463754051,0.10750052361123937,DIAMOND HARBOUR
Low,2026-08-14 20:00:08.523335652,0.9122798398041224,2026-08-14 19:41:20.194752120,0.9427025796170934,-18.80547639221566,0.030422739812970983,DIAMOND HARBOUR
High,2026-08-15 00:14:39.564223962,6.349399639819053,2026-08-14 23:53:20.850292056,6.455670542818557,-21.31189886510896,0.10627090299950426,DIAMOND HARBOUR
Low,2026-08-15 08:10:08.708948532,0.9396929634935499,2026-08-15 07:50:25.044462126,1.0753804513934142,-19.72774144014008,0.13568748789986426,DIAMOND HARBOUR
High,2026-08-15 12:23:07.862839884,6.533749132350949,2026-08-15 12:01:36.300852198,6.664146383480959,-21.526033128052337,0.1303972511300094,DIAMOND HARBOUR
Low,2026-08-15 20:31:56.293281054,0.9737103355647284,2026-08-15 20:13:24.251793978,1.0523279753280814,-18.5340247845671,0.07861763976335297,DIAMOND HARBOUR
High,2026-08-16 00:45:17.392731036,6.279746763849946,2026-08-16 00:23:48.914284512,6.43567278721922,-21.474640775356185,0.15592602336927336,DIAMOND HARBOUR
Low,2026-08-16 08:42:31.604378135,1.0272964990612543,2026-08-16 08:21:29.715975732,1.22806892503033,-21.031473373384383,0.20077242596907569,DIAMOND HARBOUR
High,2026-08-16 12:57:33.929864706,6.26918591510985,2026-08-16 12:33:32.744172378,6.4668318768379205,-24.01976153883379,0.19764596172806992,DIAMOND HARBOUR
Low,2026-08-16 21:01:51.881421672,1.063670186496303,2026-08-16 20:40:44.178144330,1.2571021052410243,-21.128387955650958,0.1934319187447213,DIAMOND HARBOUR
High,2026-08-17 01:21:05.339850726,6.071579549656587,2026-08-17 00:56:09.242138436,6.2868911779300785,-24.93496187154522,0.21531162827349148,DIAMOND HARBOUR
Low,2026-08-17 09:11:43.932447042,1.1636374193889414,2026-08-17 08:47:47.274960066,1.4407952466780014,-23.94429144956411,0.27715782728905997,DIAMOND HARBOUR
High,2026-08-17 13:35:48.897962538,5.938763386872173,2026-08-17 13:08:04.306017666,6.154624903623498,-27.743199081232273,0.21586151675132514,DIAMOND HARBOUR
Low,2026-08-17 21:27:52.172174346,1.2121261033180817,2026-08-17 21:02:38.125900404,1.4857373951846362,-25.234104565673153,0.27361129186655453,DIAMOND HARBOUR
High,2026-08-18 01:58:28.881551148,5.777404953635025,2026-08-18 01:32:17.111142906,6.012092907559715,-26.1961734707095,0.23468795392469072,DIAMOND HARBOUR
Low,2026-08-18 09:35:42.264824988,1.3977503842670091,2026-08-18 09:10:15.313704750,1.6676151439562337,-25.44918533729679,0.26986475968922463,DIAMOND HARBOUR
High,2026-08-18 14:14:10.971204264,5.545908624377324,2026-08-18 13:46:58.681917684,5.745535448889648,-27.204821442976815,0.19962682451232464,DIAMOND HARBOUR
Low,2026-08-18 21:48:32.892015012,1.4615614238367978,2026-08-18 21:21:16.249827042,1.6951762510566164,-27.277369799540736,0.23361482721981855,DIAMOND HARBOUR
High,2026-08-19 02:39:42.980766708,5.472754789941779,2026-08-19 02:14:58.811664834,5.634731406088568,-24.73615169786814,0.16197661614678846,DIAMOND HARBOUR
Low,2026-08-19 09:58:06.827543214,1.725030201226628,2026-08-19 09:34:02.310152340,1.9030276925653196,-24.075289847909783,0.1779974913386914,DIAMOND HARBOUR
High,2026-08-19 14:55:19.017126330,5.221437285888831,2026-08-19 14:33:36.124217214,5.2732000655170435,-21.71488181863978,0.05176277962821303,DIAMOND HARBOUR
Low,2026-08-19 22:09:09.153688032,1.749311403576597,2026-08-19 21:44:23.734445160,1.9072886091573134,-24.756987381204766,0.15797720558071623,DIAMOND HARBOUR
High,2026-08-20 03:23:47.170498404,5.1781636005095715,2026-08-20 03:07:43.868934726,5.202404045590405,-16.055026061258907,0.024240445080833638,DIAMOND HARBOUR
Low,2026-08-20 10:22:39.033710154,2.088602502653965,2026-08-20 10:05:15.274738830,2.1736877553079856,-17.395982855366036,0.08508525265402068,DIAMOND HARBOUR
High,2026-08-20 15:37:13.332159792,4.851905683116091,2026-08-20 15:31:28.044234534,4.785038259147037,-5.754798754282136,-0.06686742396905358,DIAMOND HARBOUR
Low,2026-08-20 22:37:49.013084142,2.0948729599015015,2026-08-20 22:17:10.769488500,2.1664863334783884,-20.637393260690004,0.07161337357688688,DIAMOND HARBOUR
High,2026-08-21 04:07:12.761019480,4.8308549031659345,2026-08-21 04:10:19.894418790,4.773082643782309,3.1188899885459547,-0.057772259383625825,DIAMOND HARBOUR
Low,2026-08-21 10:58:02.417683638,2.5246691369792633,2026-08-21 10:47:07.080421116,2.479546770907688,-10.922287708671389,-0.045122366071575264,DIAMOND HARBOUR
High,2026-08-21 16:26:40.416252090,4.440878726100412,2026-08-21 16:41:24.067255416,4.3330527885220285,14.727516722055503,-0.10782593757838352,DIAMOND HARBOUR
Low,2026-08-21 23:22:02.029234734,2.45388623087133,2026-08-21 23:03:09.660237912,2.4657405278670588,-18.87281661365452,0.01185429699572914,DIAMOND HARBOUR
High,2026-08-22 05:24:20.505732180,4.530937971822124,2026-08-22 05:38:19.603270500,4.434420498760113,13.984958971999665,-0.09651747306201128,DIAMOND HARBOUR
Low,2026-08-22 12:07:38.786316198,2.756268583739287,2026-08-22 11:45:20.551472280,2.755840374116022,-22.303914065283,-0.0004282096232652549,DIAMOND HARBOUR
High,2026-08-22 18:12:57.690071982,4.1859935987562364,2026-08-22 18:29:20.575023642,4.061334865503127,16.381415860996597,-0.1246587332531088,DIAMOND HARBOUR
Low,2026-08-23 00:39:04.554274326,2.619189361653213,2026-08-23 00:14:42.099032706,2.704833898249457,-24.37425402703452,0.08564453659624369,DIAMOND HARBOUR
High,2026-08-23 07:28:14.426953818,4.5823719820710656,2026-08-23 07:37:01.307870190,4.494729552021873,8.781348606243975,-0.08764243004919217,DIAMOND HARBOUR
Low,2026-08-23 13:43:08.125753146,2.7077827292565346,2026-08-23 13:20:28.242961716,2.8445576746835943,-22.664713190499164,0.13677494542705976,DIAMOND HARBOUR
High,2026-08-23 20:00:48.941817318,4.3830609403543255,2026-08-23 20:09:45.232635702,4.250804430166598,8.93818030639224,-0.13225651018772738,DIAMOND HARBOUR
Low,2026-08-24 02:44:43.352221068,2.4545446852678907,2026-08-24 02:23:21.768768846,2.6410768932788216,-21.35972420365163,0.186532208010931,DIAMOND HARBOUR
High,2026-08-24 08:43:10.274500266,4.992588647336286,2026-08-24 08:42:52.873901250,4.90342959528929,-0.29000998356872976,-0.08915905204699619,DIAMOND HARBOUR
Low,2026-08-24 16:01:30.271276284,2.3107743364905597,2026-08-24 15:51:51.754933596,2.554854667679353,-9.641939044844628,0.24408033118879296,DIAMOND HARBOUR
High,2026-08-24 21:14:01.935164010,4.8069597332114675,2026-08-24 21:07:03.067877778,4.688373171858562,-6.981121437197709,-0.11858656135290477,DIAMOND HARBOUR
Low,2026-08-25 04:11:54.646366446,2.0646343570793197,2026-08-25 03:53:21.427949790,2.320281534030466,-18.553640277561435,0.25564717695114625,DIAMOND HARBOUR
High,2026-08-25 09:40:49.076458494,5.426256936406339,2026-08-25 09:25:25.365200394,5.381145282174071,-15.395187635012395,-0.04511165423226772,DIAMOND HARBOUR
Low,2026-08-25 17:06:37.071431129,1.942149619461559,2026-08-25 16:52:20.352561858,2.1708784996617787,-14.278647821206736,0.2287288802002196,DIAMOND HARBOUR
High,2026-08-25 22:03:29.671558794,5.212980307777018,2026-08-25 21:46:45.566896524,5.17288730262087,-16.735077704464324,-0.04009300515614824,DIAMOND HARBOUR
Low,2026-08-26 05:16:08.110864854,1.7302077337130979,2026-08-26 04:55:44.146106406,1.9650614053420246,-20.399412640789436,0.2348536716289266,DIAMOND HARBOUR
High,2026-08-26 10:19:22.078968762,5.804128762727349,2026-08-26 09:59:16.721456274,5.825457740537049,-20.089291874796928,0.021328977809699636,DIAMOND HARBOUR
Low,2026-08-26 17:55:39.377701182,1.601699513097619,2026-08-26 17:36:50.190442464,1.8001872892842838,-18.819787645315557,0.19848777618666483,DIAMOND HARBOUR
High,2026-08-26 22:37:59.532968328,5.5987780369779445,2026-08-26 22:18:15.007381380,5.621584315781653,-19.742093115848032,0.022806278803708384,DIAMOND HARBOUR
Low,2026-08-27 06:03:19.594654752,1.4209046611744236,2026-08-27 05:43:25.576834158,1.6307940687589844,-19.900297009887115,0.20988940758456076,DIAMOND HARBOUR
High,2026-08-27 10:47:56.194575558,6.168938809850085,2026-08-27 10:27:40.179734100,6.18496202186343,-20.266914024311173,0.016023212013345205,DIAMOND HARBOUR
Low,2026-08-27 18:34:12.727062192,1.305162280590897,2026-08-27 18:14:38.066922936,1.4793745241433647,-19.57766898761978,0.17421224355246784,DIAMOND HARBOUR
High,2026-08-27 23:05:18.843299628,5.969455470574338,2026-08-27 22:43:47.676979524,5.9963304494869245,-21.519438668435093,0.026874978912587083,DIAMOND HARBOUR
Low,2026-08-28 06:43:06.893977800,1.1911432445863825,2026-08-28 06:23:21.502138098,1.3655751826539322,-19.75653066170964,0.17443193806754975,DIAMOND HARBOUR
High,2026-08-28 11:11:57.927008424,6.421133217118158,2026-08-28 10:51:13.589622810,6.443346184479992,-20.738956426907606,0.022212967361833685,DIAMOND HARBOUR
Low,2026-08-28 19:08:33.668465039,1.1109683281313654,2026-08-28 18:49:00.717631014,1.2406632873559091,-19.549180567101537,0.12969495922454383,DIAMOND HARBOUR
High,2026-08-28 23:26:58.448270208,6.275816389008844,2026-08-28 23:04:54.838811598,6.295953750787929,-22.06015764354216,0.020137361779085268,DIAMOND HARBOUR
Low,2026-08-29 07:17:53.312203206,1.0358973535226843,2026-08-29 06:59:13.444526520,1.2017273474273973,-18.664461278125398,0.16582999390471292,DIAMOND HARBOUR
High,2026-08-29 11:29:51.609833706,6.590932313066044,2026-08-29 11:12:17.090824476,6.612629662859535,-17.575316820505627,0.021697349793491524,DIAMOND HARBOUR
Low,2026-08-29 19:38:30.193239798,1.005832889686267,2026-08-29 19:21:06.953667384,1.1069437453148054,-17.387326206920843,0.10111085562853846,DIAMOND HARBOUR
High,2026-08-29 23:44:59.210553540,6.5203429641053905,2026-08-29 23:26:06.724808592,6.53107882611415,-18.874762415758134,0.010735862008760018,DIAMOND HARBOUR
Low,2026-08-30 07:49:22.206667668,0.9865812185308767,2026-08-30 07:32:28.552467210,1.1498880185022646,-16.89423667427115,0.16330679997138794,DIAMOND HARBOUR
High,2026-08-30 11:52:40.125672930,6.643506204038683,2026-08-30 11:35:36.469285272,6.6964348469435,-17.060939794307465,0.0529286429048169,DIAMOND HARBOUR
Low,2026-08-30 20:08:48.080306609,0.9776780982447538,2026-08-30 19:51:14.772370350,1.0829003297203428,-17.55513227095179,0.10522223147558893,DIAMOND HARBOUR
High,2026-08-31 00:10:02.475132012,6.575293358127399,2026-08-30 23:51:34.527348678,6.6800790985521825,-18.46579638886979,0.10478574042478331,DIAMOND HARBOUR
Low,2026-08-31 08:22:02.301771636,1.0072831409665568,2026-08-31 08:03:37.920373530,1.1992452979626538,-18.406356635080044,0.19196215699609703,DIAMOND HARBOUR
High,2026-08-31 12:23:05.090766360,6.52041288091943,2026-08-31 12:03:46.969362450,6.665896662047088,-19.30202339849243,0.14548378112765809,DIAMOND HARBOUR
Low,2026-08-31 20:39:02.904448140,1.0085389703264895,2026-08-31 20:19:22.250570364,1.1528415584489924,-19.677564629626872,0.14430258812250285,DIAMOND HARBOUR
High,2026-09-01 00:44:42.275003424,6.5265220692484585,2026-09-01 00:22:19.978827438,6.691877034012605,-22.371602933137602,0.16535496476414693,DIAMOND HARBOUR
Low,2026-09-01 08:54:39.283139172,1.1461489944912122,2026-09-01 08:32:57.566119992,1.3265355172643234,-21.69528365297738,0.18038652277311112,DIAMOND HARBOUR
High,2026-09-01 13:03:33.759611597,6.300830445395847,2026-09-01 12:37:16.422090113,6.483901720862897,-26.288958691358744,0.18307127546704988,DIAMOND HARBOUR
Low,2026-09-01 21:09:14.879980086,1.1118009176807424,2026-09-01 20:45:35.314444344,1.2904960357958941,-23.65942559565259,0.17869511811515176,DIAMOND HARBOUR
High,2026-09-02 01:25:57.266910522,6.348079174671529,2026-09-02 00:58:45.811430148,6.522295062444898,-27.190924672944885,0.17421588777336877,DIAMOND HARBOUR
Low,2026-09-02 09:26:37.603542894,1.3372841142728866,2026-09-02 09:01:10.889006316,1.5120190968222382,-25.445242276326827,0.17473498254935155,DIAMOND HARBOUR
High,2026-09-02 13:46:12.274138523,5.990843465175938,2026-09-02 13:16:55.876786020,6.135404750749428,-29.273289208377427,0.1445612855734909,DIAMOND HARBOUR
Low,2026-09-02 21:38:02.005416204,1.3220707468724207,2026-09-02 21:11:08.751595752,1.4786524527551776,-26.88756367416505,0.15658170588275702,DIAMOND HARBOUR
High,2026-09-03 02:12:06.143478378,6.016623716883124,2026-09-03 01:42:32.221534164,6.16473432232518,-29.56536573688793,0.1481106054420561,DIAMOND HARBOUR
Low,2026-09-03 09:57:12.862402164,1.64384469708302,2026-09-03 09:30:42.544685904,1.7538265614841966,-26.505295270977378,0.10998186440117645,DIAMOND HARBOUR
High,2026-09-03 14:34:15.216271938,5.540437681101689,2026-09-03 14:05:35.384267364,5.645634615221282,-28.66386674290022,0.10519693411959392,DIAMOND HARBOUR
Low,2026-09-03 22:06:25.947382470,1.6202350472766975,2026-09-03 21:39:56.400761028,1.724967623176821,-26.49244369069022,0.10473257590012348,DIAMOND HARBOUR
High,2026-09-04 03:03:52.630603182,5.5629567870148815,2026-09-04 02:37:27.660280998,5.669753838234321,-26.41617203637013,0.1067970512194392,DIAMOND HARBOUR
Low,2026-09-04 10:27:46.773656496,2.0026009397907814,2026-09-04 10:06:39.541281042,2.063475820568114,-21.120539590893053,0.060874880777332274,DIAMOND HARBOUR
High,2026-09-04 15:28:25.008910507,5.115609198600992,2026-09-04 15:08:42.834035419,5.087583486967009,-19.70291458482016,-0.028025711633982136,DIAMOND HARBOUR
Low,2026-09-04 22:41:07.934467782,1.950557868040288,2026-09-04 22:18:24.710967738,2.0463851593164346,-22.720391667385428,0.0958272912761467,DIAMOND HARBOUR
High,2026-09-05 04:00:45.519142044,5.164877215163956,2026-09-05 03:47:14.886225162,5.139930526055254,-13.51054861465894,-0.024946689108701434,DIAMOND HARBOUR
Low,2026-09-05 11:10:52.863036300,2.417695454344608,2026-09-05 10:56:58.289908056,2.4246685902499543,-13.90955213738054,0.006973135905346475,DIAMOND HARBOUR
High,2026-09-05 16:27:41.003779230,4.681724814800189,2026-09-05 16:32:41.712338928,4.570195571659657,5.011809328304468,-0.1115292431405314,DIAMOND HARBOUR
Low,2026-09-05 23:39:17.929109640,2.320825340000813,2026-09-05 23:17:06.854474496,2.4084127836087466,-22.18457725241715,0.08758744360793357,DIAMOND HARBOUR
High,2026-09-06 05:28:34.290982830,4.814109273196146,2026-09-06 05:35:31.042130136,4.739340211492224,6.9458524550625755,-0.07476906170392225,DIAMOND HARBOUR
Low,2026-09-06 12:56:08.071646754,2.6392475941791336,2026-09-06 12:40:22.249235352,2.6982008992557303,-15.763706856660619,0.05895330507659683,DIAMOND HARBOUR
High,2026-09-06 18:50:18.914510209,4.544813817123125,2026-09-06 18:59:51.313860690,4.416839871775446,9.539989174729799,-0.12797394534767914,DIAMOND HARBOUR
Low,2026-09-07 02:18:11.873519586,2.332102994695694,2026-09-07 01:57:07.208291820,2.5224927279115668,-21.077753796096516,0.19038973321587271,DIAMOND HARBOUR
High,2026-09-07 07:59:32.668298004,5.089068840101217,2026-09-07 07:53:30.219539466,5.007347148123835,-6.040812642270181,-0.08172169197738226,DIAMOND HARBOUR
Low,2026-09-07 15:26:09.930166361,2.09690444293295,2026-09-07 15:13:02.429643060,2.327149374370241,-13.125008721653938,0.23024493143729058,DIAMOND HARBOUR
High,2026-09-07 20:37:05.915836812,4.974195456101331,2026-09-07 20:27:43.962488022,4.8474381541559985,-9.365889146481702,-0.12675730194533258,DIAMOND HARBOUR
Low,2026-09-08 03:54:28.457962194,1.8704622986393806,2026-09-08 03:31:45.612302880,2.1078756714676126,-22.71409432192924,0.23741337282823194,DIAMOND HARBOUR
High,2026-09-08 09:16:38.027487696,5.4983478181147785,2026-09-08 08:53:03.436821648,5.542510741425014,-23.576511100772514,0.044162923310235754,DIAMOND HARBOUR
Low,2026-09-08 16:44:35.420450490,1.6045806587780915,2026-09-08 16:24:09.823264794,1.7939394448265464,-20.426619761601454,0.18935878604845485,DIAMOND HARBOUR
High,2026-09-08 21:43:17.915344013,5.369514573044195,2026-09-08 21:20:43.722301986,5.396177741647186,-22.569884033844982,0.02666316860299079,DIAMOND HARBOUR
Low,2026-09-09 05:04:21.053165088,1.4534359329449777,2026-09-09 04:40:04.469241672,1.6356244970818734,-24.276398723608086,0.18218856413689571,DIAMOND HARBOUR
High,2026-09-09 10:00:51.895612705,5.927237170042155,2026-09-09 09:35:44.168870173,6.021692377734737,-25.128779042215466,0.09445520769258123,DIAMOND HARBOUR
Low,2026-09-09 17:38:26.734028316,1.1750997114351434,2026-09-09 17:19:08.302039956,1.3019739727613089,-19.30719980596752,0.12687426132616558,DIAMOND HARBOUR
High,2026-09-09 22:23:30.942018666,5.817594683094918,2026-09-09 22:01:04.661966904,5.890519277555528,-22.438000862700058,0.07292459446061034,DIAMOND HARBOUR
Low,2026-09-10 05:55:49.112166768,1.0767739363156454,2026-09-10 05:33:44.889729228,1.2204872959388093,-22.07037395903624,0.1437133596231638,DIAMOND HARBOUR
High,2026-09-10 10:33:48.992625576,6.27405929405049,2026-09-10 10:10:57.243867708,6.361493652705216,-22.862479297824052,0.08743435865472624,DIAMOND HARBOUR
Low,2026-09-10 18:21:18.362685516,0.9246339745089281,2026-09-10 18:03:47.713176162,0.9506777015439576,-17.510825155911128,0.026043727035029413,DIAMOND HARBOUR
High,2026-09-10 22:54:42.489354834,6.19138756005915,2026-09-10 22:34:07.362659958,6.26412966130596,-20.585444914645358,0.07274210124681003,DIAMOND HARBOUR
Low,2026-09-11 06:37:21.226792674,0.8867128661807272,2026-09-11 06:17:28.805134668,0.9501377858502519,-19.873694300101818,0.06342491966952467,DIAMOND HARBOUR
High,2026-09-11 11:03:20.481404172,6.461319055821049,2026-09-11 10:41:41.507696340,6.54596920584708,-21.649561797231108,0.08465015002603118,DIAMOND HARBOUR
Low,2026-09-11 18:59:56.933431692,0.8015315067655377,2026-09-11 18:42:05.933518392,0.7908895933544118,-17.849998555031156,-0.010641913411125928,DIAMOND HARBOUR
High,2026-09-11 23:23:16.955000886,6.412624874016132,2026-09-11 23:02:27.766947354,6.497490916608138,-20.8198008922055,0.08486604259200616,DIAMOND HARBOUR
Low,2026-09-12 07:14:50.352201180,0.8282983016988659,2026-09-12 06:54:56.235785262,0.8615207971393137,-19.901940265291135,0.03322249544044784,DIAMOND HARBOUR
High,2026-09-12 11:31:20.824724460,6.491103300185922,2026-09-12 11:09:50.872423278,6.589513396935721,-21.499205019731225,0.09841009674979845,DIAMOND HARBOUR
Low,2026-09-12 19:34:36.481508610,0.8092886113310637,2026-09-12 19:15:45.202751862,0.8179087811363824,-18.85464594580585,0.00862016980531876,DIAMOND HARBOUR
High,2026-09-12 23:49:19.632646788,6.489165087803462,2026-09-12 23:28:28.064995242,6.5927095019756985,-20.859460859111426,0.10354441417223617,DIAMOND HARBOUR
Low,2026-09-13 07:46:51.306264234,0.884641536607922,2026-09-13 07:27:36.226872690,0.9383608175139836,-19.25132319235404,0.05371928090606164,DIAMOND HARBOUR
High,2026-09-13 11:58:01.390948032,6.398980239111608,2026-09-13 11:37:09.954160890,6.510316075439529,-20.85727978565515,0.11133583632792074,DIAMOND HARBOUR
Low,2026-09-13 20:03:03.962351664,0.9021560479278105,2026-09-13 19:45:01.839852528,0.981868408976524,-18.035374985563553,0.07971236104871364,DIAMOND HARBOUR
High,2026-09-14 00:15:25.363696566,6.430583619698363,2026-09-13 23:54:23.211339468,6.553609419289588,-21.035872618342303,0.12302579959122444,DIAMOND HARBOUR
Low,2026-09-14 08:14:39.757612086,0.963039629694371,2026-09-14 07:55:38.126471430,1.1265936777837409,-19.027185677580302,0.16355404808936988,DIAMOND HARBOUR
High,2026-09-14 12:28:59.634076332,6.176939088991107,2026-09-14 12:05:05.314159248,6.317787962527931,-23.90533195143842,0.1408488735368242,DIAMOND HARBOUR
Low,2026-09-14 20:29:49.605614934,1.013727775580353,2026-09-14 20:09:17.791670694,1.2079816499280305,-20.53023240395348,0.19425387434767732,DIAMOND HARBOUR
High,2026-09-15 00:45:28.238295036,6.201648371297128,2026-09-15 00:21:50.544762840,6.381087016935517,-23.628225536582388,0.1794386456383894,DIAMOND HARBOUR
Low,2026-09-15 08:40:10.043413866,1.1406694690322636,2026-09-15 08:18:44.214892002,1.3579639910062267,-21.430475364432635,0.2172945219739631,DIAMOND HARBOUR
High,2026-09-15 13:01:50.169154818,5.856291512205928,2026-09-15 12:34:36.510607074,6.017316749427887,-27.227642462448756,0.16102523722195877,DIAMOND HARBOUR
Low,2026-09-15 20:52:35.209987068,1.1635030071204575,2026-09-15 20:28:10.337287080,1.4260914540466805,-24.414544999834977,0.2625884469262231,DIAMOND HARBOUR
High,2026-09-16 01:18:06.646987182,5.904476850475831,2026-09-16 00:51:55.735702230,6.082301697501207,-26.18185474920627,0.17782484702537588,DIAMOND HARBOUR
Low,2026-09-16 09:02:25.311389424,1.327755958264786,2026-09-16 08:38:28.494484158,1.5843914644918347,-23.946948421104945,0.25663550622704856,DIAMOND HARBOUR
High,2026-09-16 13:33:49.209390048,5.49309512733943,2026-09-16 13:06:40.632154068,5.621947155177906,-27.1429539329829,0.1288520278384758,DIAMOND HARBOUR
Low,2026-09-16 21:12:27.741008520,1.3718299057521333,2026-09-16 20:45:26.398173132,1.6151567297043004,-27.022380589800832,0.2433268239521671,DIAMOND HARBOUR
High,2026-09-17 01:52:22.908411648,5.528619961421757,2026-09-17 01:26:06.914851788,5.679628180295386,-26.266559330985814,0.15100821887362853,DIAMOND HARBOUR
Low,2026-09-17 09:24:31.992408534,1.6324043679926754,2026-09-17 09:00:42.174668484,1.8125626239473673,-23.83029566748448,0.18015825595469184,DIAMOND HARBOUR
High,2026-09-17 14:07:12.966602874,5.17122544364197,2026-09-17 13:43:23.314358106,5.158658431839066,-23.827537412753717,-0.012567011802903792,DIAMOND HARBOUR
Low,2026-09-17 21:35:17.013597234,1.6678021803704004,2026-09-17 21:08:19.445831790,1.822950146032749,-26.95946275735701,0.1551479656623487,DIAMOND HARBOUR
High,2026-09-18 02:30:32.880659610,5.199266542289088,2026-09-18 02:08:04.643799132,5.2117601226292924,-22.470614341339875,0.01249358034020422,DIAMOND HARBOUR
Low,2026-09-18 09:49:15.561018636,2.000168589757398,2026-09-18 09:30:30.640087776,2.08006651276133,-18.748682180977973,0.07989792300393164,DIAMOND HARBOUR
High,2026-09-18 14:41:53.975979108,4.79524622820082,2026-09-18 14:32:11.651296722,4.667646509138034,-9.705411373059812,-0.12759971906278567,DIAMOND HARBOUR
Low,2026-09-18 21:59:39.389991978,2.034129218928433,2026-09-18 21:39:50.165927904,2.0981890559418774,-19.820401067872073,0.06405983701344442,DIAMOND HARBOUR
High,2026-09-19 03:11:22.268315442,4.850960035999913,2026-09-19 03:07:02.504695830,4.732764146617384,-4.329393660219542,-0.11819588938252867,DIAMOND HARBOUR
Low,2026-09-19 10:17:52.252296660,2.3891921774707567,2026-09-19 10:10:15.630768216,2.391956689142547,-7.6103588073576685,0.00276451167179036,DIAMOND HARBOUR
High,2026-09-19 15:41:30.309556596,4.350614384340432,2026-09-19 15:53:37.087878918,4.211593462904178,12.112972038720073,-0.13902092143625344,DIAMOND HARBOUR
Low,2026-09-19 22:37:23.206251516,2.450941042861841,2026-09-19 22:23:05.715682182,2.433688922664258,-14.291509488933826,-0.017252120197582852,DIAMOND HARBOUR
High,2026-09-20 04:27:07.846977072,4.468680861631761,2026-09-20 04:41:33.697485174,4.326373688121083,14.430841801740275,-0.14230717351067768,DIAMOND HARBOUR
Low,2026-09-20 11:21:31.346951682,2.7263356056978507,2026-09-20 11:05:20.455003458,2.691957069575989,-16.18153247040622,-0.03437853612186179,DIAMOND HARBOUR
High,2026-09-20 17:30:47.495312964,4.08447278789511,2026-09-20 17:50:48.621005808,3.938869220573355,20.018761547448882,-0.1456035673217546,DIAMOND HARBOUR
Low,2026-09-20 23:53:44.491781478,2.728344837123674,2026-09-20 23:30:07.906828614,2.738515909544604,-23.609749214404363,0.010171072420930431,DIAMOND HARBOUR
High,2026-09-21 06:46:19.154601660,4.45136573090855,2026-09-21 06:57:10.146437988,4.307977948589258,10.849863938840661,-0.14338778231929156,DIAMOND HARBOUR
Low,2026-09-21 12:57:16.103903010,2.7811477117041816,2026-09-21 12:32:52.055727342,2.827955548269899,-24.400802927809803,0.046807836565717256,DIAMOND HARBOUR
High,2026-09-21 19:23:25.019436384,4.333877234953791,2026-09-21 19:36:24.274281492,4.148308503769937,12.987580751815443,-0.1855687311838536,DIAMOND HARBOUR
Low,2026-09-22 02:00:07.412834111,2.6315084218044436,2026-09-22 01:38:07.562013017,2.7498060073154997,-21.99751368493721,0.11829758551105618,DIAMOND HARBOUR
High,2026-09-22 08:07:53.443227828,4.886780929110518,2026-09-22 08:09:30.881406780,4.722181997733276,1.6239696491664657,-0.16459893137724163,DIAMOND HARBOUR
Low,2026-09-22 15:28:45.093556866,2.3529262733773892,2026-09-22 15:20:25.131862080,2.530096139611666,-8.332694913073768,0.17716986623427672,DIAMOND HARBOUR
High,2026-09-22 20:41:16.798674456,4.844018450507884,2026-09-22 20:35:57.760050612,4.649805067997433,-5.317310397351406,-0.19421338251044998,DIAMOND HARBOUR
Low,2026-09-23 03:48:30.905936478,2.196512607359666,2026-09-23 03:30:13.530019512,2.373158919591465,-18.289598616054953,0.17664631223179897,DIAMOND HARBOUR
High,2026-09-23 09:10:00.965635734,5.319896629505681,2026-09-23 08:54:06.286417380,5.236814745654953,-15.911320305927351,-0.08308188385072884,DIAMOND HARBOUR
Low,2026-09-23 16:34:48.910523226,1.929885558325782,2026-09-23 16:19:29.052164958,2.085461347715907,-15.330972637815677,0.15557578939012523,DIAMOND HARBOUR
High,2026-09-23 21:34:56.310461262,5.283811148651313,2026-09-23 21:16:20.027375292,5.213162220163258,-18.604718099453528,-0.07064892848805457,DIAMOND HARBOUR
Low,2026-09-24 04:54:22.161535650,1.7832355802870006,2026-09-24 04:32:17.464571880,1.9416161071788758,-22.078282729482147,0.15838052689187523,DIAMOND HARBOUR
High,2026-09-24 09:51:29.017150776,5.712103980659634,2026-09-24 09:28:52.197619938,5.720695922188699,-22.613658847286484,0.008591941529064322,DIAMOND HARBOUR
Low,2026-09-24 17:24:38.804582178,1.5106996875945917,2026-09-24 17:05:01.985466954,1.6552603644044606,-19.61365192041969,0.14456067680986887,DIAMOND HARBOUR
High,2026-09-24 22:09:00.125181888,5.703036600555937,2026-09-24 21:48:09.504120384,5.741249202435531,-20.843684358387222,0.03821260187959363,DIAMOND HARBOUR
Low,2026-09-25 05:39:41.470447398,1.3788451923044311,2026-09-25 05:19:45.353426496,1.5356528765122002,-19.935283681657232,0.156807684207769,DIAMOND HARBOUR
High,2026-09-25 10:18:31.747612986,6.0459807815521325,2026-09-25 09:57:58.753417632,6.109671418389471,-20.549903255940386,0.06369063683733839,DIAMOND HARBOUR
Low,2026-09-25 18:02:58.772148858,1.170512697602012,2026-09-25 17:44:34.279937346,1.2838751003428728,-18.40820352519644,0.11336240274086087,DIAMOND HARBOUR
High,2026-09-25 22:34:30.000410436,6.112402568767722,2026-09-25 22:14:15.027014760,6.184529113493469,-20.24955659455999,0.07212654472574667,DIAMOND HARBOUR
Low,2026-09-26 06:19:22.794122286,1.1087444803031192,2026-09-26 06:00:15.520816164,1.2087001591347706,-19.1212217686548,0.0999556788316513,DIAMOND HARBOUR
High,2026-09-26 10:42:43.981819086,6.319910934896269,2026-09-26 10:22:43.174899216,6.38018957522793,-20.013448664473827,0.060278640331660985,DIAMOND HARBOUR
Low,2026-09-26 18:38:15.067072549,0.9601833525935963,2026-09-26 18:20:43.953722965,1.015199918012931,-17.518555826437968,0.055016565419334654,DIAMOND HARBOUR
High,2026-09-26 22:55:46.060193208,6.468611885754734,2026-09-26 22:36:45.752222196,6.52750365492195,-19.00513285016141,0.05889176916721617,DIAMOND HARBOUR
Low,2026-09-27 06:54:52.294861062,0.9754480373126743,2026-09-27 06:37:02.407523226,1.0009972212940292,-17.83145563055561,0.025549183981355018,DIAMOND HARBOUR
High,2026-09-27 11:04:15.447762732,6.47907785150852,2026-09-27 10:45:45.023859738,6.537452569310861,-18.507065049928535,0.05837471780234047,DIAMOND HARBOUR
Low,2026-09-27 19:12:26.155226682,0.8517061970350149,2026-09-27 18:54:35.437058244,0.8789534339444754,-17.84530280727943,0.02724723690946048,DIAMOND HARBOUR
High,2026-09-27 23:19:14.872213032,6.68074110349814,2026-09-27 22:59:55.204932174,6.763254930952077,-19.327788014343483,0.08251382745393736,DIAMOND HARBOUR
Low,2026-09-28 07:28:16.736341980,0.9119319135715661,2026-09-28 07:11:24.128865294,0.9315626547563017,-16.876791278074343,0.019630741184735657,DIAMOND HARBOUR
High,2026-09-28 11:28:52.952390220,6.525757470966473,2026-09-28 11:11:07.132077456,6.581512005533439,-17.763671879409387,0.05575453456696505,DIAMOND HARBOUR
Low,2026-09-28 19:44:55.659526050,0.8220623754069569,2026-09-28 19:26:31.618262688,0.8796098265458036,-18.400687722721234,0.05754745113884667,DIAMOND HARBOUR
High,2026-09-28 23:46:47.193409890,6.751427234064631,2026-09-28 23:26:59.437876566,6.861949348181343,-19.795925555406992,0.11052211411671238,DIAMOND HARBOUR
Low,2026-09-29 08:01:32.040175134,0.9685845722333911,2026-09-29 07:43:52.865559186,0.995301678279133,-17.652910265786517,0.0267171060457418,DIAMOND HARBOUR
High,2026-09-29 11:59:41.919229350,6.403215786683049,2026-09-29 11:40:56.627977590,6.49023204530344,-18.754854196009852,0.08701625862039153,DIAMOND HARBOUR
Low,2026-09-29 20:16:07.489615428,0.9217280294141215,2026-09-29 19:56:38.311834482,0.9965659682678075,-19.486296349121105,0.07483793885368603,DIAMOND HARBOUR
High,2026-09-30 00:20:23.266637052,6.636155946362791,2026-09-29 23:58:53.793093792,6.7806787768120405,-21.49122572096808,0.14452283044924935,DIAMOND HARBOUR
Low,2026-09-30 08:35:10.396494822,1.0903959265415317,2026-09-30 08:14:50.034770286,1.1689406629536108,-20.33936207555133,0.07854473641207912,DIAMOND HARBOUR
High,2026-09-30 12:41:09.678987774,6.11963702266541,2026-09-30 12:15:56.606308920,6.23914238469895,-25.217877980949403,0.11950536203354042,DIAMOND HARBOUR
Low,2026-09-30 20:48:44.014636710,1.0841892497863659,2026-09-30 20:25:07.960998972,1.1971242935112025,-23.60089396233098,0.11293504372483662,DIAMOND HARBOUR
