state,count,average_interval_hours,event_times
High,6,12.207071752975335,"00:04, 12:08, 00:31, 12:34, 00:58, 13:06"
Low,6,12.286711479657665,"07:15, 19:41, 07:40, 20:09, 08:09, 20:41"
