{
  "matched_events": 4,
  "mean_absolute_time_error_minutes": 328.36391998333335,
  "time_rmse_minutes": 328.7432822011719,
  "mean_absolute_height_error_m": 0.5042451672876866,
  "height_rmse_m": 0.5635550790074763,
  "height_bias_m": 0.45504726132982154
}
