state,count_next_24h,average_interval_hours,event_times
High,3,11.848530249414026,"00:00, 11:31, 23:41"
Low,2,12.375701666434168,"06:11, 18:34"
