state,count,average_interval_hours,event_times_ist,event_times_utc
High,6,12.525266642725,"06:08, 18:30, 07:18, 19:42, 08:27, 20:45","00:38, 13:00, 01:48, 14:12, 02:57, 15:15"
Low,6,12.641502175584332,"00:17, 12:50, 01:26, 14:08, 02:51, 15:29","18:47, 07:20, 19:56, 08:38, 21:21, 09:59"
