state,count,average_interval_hours,event_times_ist,event_times_utc
High,6,12.435906906981,"09:23, 21:57, 10:24, 22:47, 11:17, 23:34","03:53, 16:27, 04:54, 17:17, 05:47, 18:04"
Low,6,12.46226316854533,"04:29, 16:56, 05:35, 17:55, 06:32, 18:48","22:59, 11:26, 00:05, 12:25, 01:02, 13:18"
