state,count,average_interval_hours,event_times
High,2,12.304070874151668,"10:54, 23:12"
Low,2,12.361291000763334,"05:41, 18:03"
